/*
SQLyog 企业版 - MySQL GUI v8.14 
MySQL - 5.1.71 : Database - ylink_paas
*********************************************************************
*/

/*!40101 SET NAMES utf8 */;

/*!40101 SET SQL_MODE=''*/;

/*!40014 SET @OLD_UNIQUE_CHECKS=@@UNIQUE_CHECKS, UNIQUE_CHECKS=0 */;
/*!40014 SET @OLD_FOREIGN_KEY_CHECKS=@@FOREIGN_KEY_CHECKS, FOREIGN_KEY_CHECKS=0 */;
/*!40101 SET @OLD_SQL_MODE=@@SQL_MODE, SQL_MODE='NO_AUTO_VALUE_ON_ZERO' */;
/*!40111 SET @OLD_SQL_NOTES=@@SQL_NOTES, SQL_NOTES=0 */;
CREATE DATABASE /*!32312 IF NOT EXISTS*/`ylink_pass_prod` /*!40100 DEFAULT CHARACTER SET utf8 */;

USE `ylink_pass_prod`;

/*Table structure for table `app_history` */

DROP TABLE IF EXISTS `app_history`;

CREATE TABLE `app_history` (
  `ID` bigint(20) NOT NULL AUTO_INCREMENT,
  `VERSION` bigint(20) DEFAULT NULL COMMENT '数据版本',
  `APP_TEMPLATE_ID` bigint(20) DEFAULT NULL,
  `PROJECT_ID` bigint(20) DEFAULT NULL,
  `PROJECT_SUBCATALOG_ID` bigint(20) DEFAULT NULL,
  `APP_ID` bigint(20) DEFAULT NULL COMMENT '所属应用ID',
  `NAME` varchar(250) DEFAULT NULL COMMENT '名称',
  `DESC` varchar(1000) DEFAULT NULL COMMENT '描述',
  `APP_VERSION` varchar(50) DEFAULT NULL,
  `CREATED_BY` bigint(20) DEFAULT NULL COMMENT '创建人',
  `CREATION_DATE` datetime DEFAULT NULL COMMENT '创建时间',
  `LAST_UPDATED_BY` bigint(20) DEFAULT NULL COMMENT '最后更新人',
  `LAST_UPDATED_DATE` datetime DEFAULT NULL COMMENT '最后更新时间',
  `ENABLED_FLAG` char(1) DEFAULT NULL COMMENT '有效性',
  PRIMARY KEY (`ID`)
) ENGINE=InnoDB DEFAULT CHARSET=utf8 CHECKSUM=1 DELAY_KEY_WRITE=1 ROW_FORMAT=DYNAMIC;

/*Data for the table `app_history` */

/*Table structure for table `app_tag` */

DROP TABLE IF EXISTS `app_tag`;

CREATE TABLE `app_tag` (
  `ID` bigint(20) NOT NULL AUTO_INCREMENT,
  `APP_ID` bigint(20) DEFAULT NULL COMMENT '所属应用ID',
  `NAME` varchar(250) DEFAULT NULL COMMENT '标签名称',
  PRIMARY KEY (`ID`),
  KEY `FK_application` (`APP_ID`)
) ENGINE=InnoDB AUTO_INCREMENT=2 DEFAULT CHARSET=utf8;

/*Data for the table `app_tag` */

/*Table structure for table `app_template` */

DROP TABLE IF EXISTS `app_template`;

CREATE TABLE `app_template` (
  `ID` bigint(20) NOT NULL AUTO_INCREMENT,
  `VERSION` bigint(20) DEFAULT NULL COMMENT '数据版本',
  `PROJECT_ID` bigint(20) DEFAULT NULL,
  `PROJECT_SUBCATALOG_ID` bigint(20) DEFAULT NULL,
  `NAME` varchar(250) DEFAULT NULL COMMENT '名称',
  `DESC` varchar(1000) DEFAULT NULL COMMENT '描述',
  `TYPE` varchar(250) DEFAULT NULL COMMENT '类型：定制模板、标准模板',
  `CREATED_BY` bigint(20) DEFAULT NULL COMMENT '创建人',
  `CREATION_DATE` datetime DEFAULT NULL COMMENT '创建时间',
  `LAST_UPDATED_BY` bigint(20) DEFAULT NULL COMMENT '最后更新人',
  `LAST_UPDATED_DATE` datetime DEFAULT NULL COMMENT '最后更新时间',
  `ENABLED_FLAG` char(1) DEFAULT NULL COMMENT '有效性',
  PRIMARY KEY (`ID`)
) ENGINE=InnoDB AUTO_INCREMENT=2435709 DEFAULT CHARSET=utf8;

/*Data for the table `app_template` */

insert  into `app_template`(`ID`,`VERSION`,`PROJECT_ID`,`PROJECT_SUBCATALOG_ID`,`NAME`,`DESC`,`TYPE`,`CREATED_BY`,`CREATION_DATE`,`LAST_UPDATED_BY`,`LAST_UPDATED_DATE`,`ENABLED_FLAG`) values (2435685,NULL,1,1112,'模板q','','custom',0,'2016-03-14 01:00:42',NULL,NULL,'N'),(2435686,NULL,1,1112,'tst-xx','','custom',0,'2016-03-14 22:46:04',NULL,NULL,'N'),(2435687,NULL,1,1112,'tst_20160507','','custom',1,'2016-05-07 18:30:17',NULL,NULL,'N'),(2435688,NULL,1,1112,'tst-临时','','custom',1,'2016-05-07 22:42:50',NULL,NULL,'N'),(2435689,NULL,1,1113,'接口','','custom',1,'2016-05-07 22:43:10',NULL,NULL,'N'),(2435690,NULL,1,1112,'报盘机','','custom',1,'2016-05-07 22:57:55',NULL,NULL,'N'),(2435691,NULL,1,1112,'交易','','custom',1,'2016-05-11 18:39:25',NULL,NULL,'N'),(2435692,NULL,1,1113,'交易','','custom',1,'2016-05-11 18:46:31',NULL,NULL,'N'),(2435693,NULL,1,1114,'托管','','custom',1,'2016-05-11 19:53:52',NULL,NULL,'N'),(2435694,NULL,3,1117,'we5345','345345','custom',2,'2016-05-31 17:20:38',NULL,NULL,'N'),(2435695,NULL,1,1114,'tst-1','','custom',1,'2016-05-31 17:27:05',NULL,NULL,'N'),(2435696,NULL,3,1117,'模板','','custom',2,'2016-05-31 17:44:33',NULL,NULL,'N'),(2435697,NULL,1,1114,'模板2虚机','','custom',2,'2016-05-31 19:22:55',NULL,NULL,'N'),(2435698,NULL,1,1114,'报盘A','','custom',1,'2016-06-08 22:15:39',NULL,NULL,'N'),(2435699,NULL,1,1114,'报盘机','','custom',1,'2016-06-08 22:33:35',NULL,NULL,'N'),(2435700,NULL,1,1114,'报盘机','','custom',1,'2016-06-08 22:54:11',NULL,NULL,'N'),(2435701,NULL,1,1114,'报盘机','','custom',1,'2016-06-08 23:11:35',NULL,NULL,'N'),(2435702,NULL,1,1114,'报盘机A1','','custom',1,'2016-06-08 23:21:40',NULL,NULL,'Y'),(2435703,NULL,1,1114,'交易服务器','','custom',1,'2016-06-12 22:12:22',NULL,NULL,'Y'),(2435704,NULL,1,1114,'数据库','','custom',1,'2016-06-13 00:10:15',NULL,NULL,'N'),(2435705,NULL,1,1114,'数据库','','custom',1,'2016-06-13 00:11:44',NULL,NULL,'N'),(2435706,NULL,1,1114,'数据库','','custom',1,'2016-08-11 22:30:44',NULL,NULL,'N'),(2435707,NULL,1,1114,'数据库','','custom',1,'2016-08-11 22:43:41',NULL,NULL,'N'),(2435708,NULL,1,1114,'test','','custom',1,'2016-08-13 00:17:58',NULL,NULL,'Y');

/*Table structure for table `application` */

DROP TABLE IF EXISTS `application`;

CREATE TABLE `application` (
  `ID` bigint(20) NOT NULL AUTO_INCREMENT,
  `VERSION` bigint(20) DEFAULT NULL COMMENT '数据版本',
  `APP_TEMPLATE_ID` bigint(20) DEFAULT NULL,
  `PROJECT_ID` bigint(20) DEFAULT NULL,
  `PROJECT_SUBCATALOG_ID` bigint(20) DEFAULT NULL,
  `NAME` varchar(250) DEFAULT NULL COMMENT '名称',
  `DESC` varchar(1000) DEFAULT NULL COMMENT '描述',
  `TYPE` varchar(250) DEFAULT NULL COMMENT '类型：定制部署、标准部署',
  `APP_VERSION` varchar(50) DEFAULT NULL,
  `DEPLOYMENT_STATUS` varchar(250) DEFAULT NULL COMMENT '部署状态',
  `STATUS` varchar(250) DEFAULT NULL,
  `CR_STATUS` varchar(250) DEFAULT NULL COMMENT '变更状态：扩展',
  `CREATED_BY` bigint(20) DEFAULT NULL COMMENT '创建人',
  `CREATION_DATE` datetime DEFAULT NULL COMMENT '创建时间',
  `LAST_UPDATED_BY` bigint(20) DEFAULT NULL COMMENT '最后更新人',
  `LAST_UPDATED_DATE` datetime DEFAULT NULL COMMENT '最后更新时间',
  `ENABLED_FLAG` char(1) DEFAULT NULL COMMENT '有效性',
  PRIMARY KEY (`ID`)
) ENGINE=InnoDB AUTO_INCREMENT=1181 DEFAULT CHARSET=utf8;

/*Data for the table `application` */

insert  into `application`(`ID`,`VERSION`,`APP_TEMPLATE_ID`,`PROJECT_ID`,`PROJECT_SUBCATALOG_ID`,`NAME`,`DESC`,`TYPE`,`APP_VERSION`,`DEPLOYMENT_STATUS`,`STATUS`,`CR_STATUS`,`CREATED_BY`,`CREATION_DATE`,`LAST_UPDATED_BY`,`LAST_UPDATED_DATE`,`ENABLED_FLAG`) values (1136,NULL,2435685,1,1112,'模板q','','custom','YLINK-20160314-008','destroying','enable',NULL,0,'2016-03-14 04:41:01',NULL,NULL,'N'),(1137,NULL,2435685,1,1112,'模板q','','custom','YLINK-20160314-009','destroying','enable',NULL,0,'2016-03-14 05:28:02',NULL,NULL,'N'),(1138,NULL,2435685,1,1112,'模板q','','custom','YLINK-20160314-010','destroying','enable',NULL,0,'2016-03-14 19:15:02',NULL,NULL,'N'),(1139,NULL,2435685,1,1112,'模板q','','custom','YLINK-20160314-011','destroying','enable',NULL,0,'2016-03-14 23:07:00',NULL,NULL,'N'),(1140,NULL,2435687,1,1112,'tst_20160507','','custom','YLINK-20160507-001','destroying','enable',NULL,0,'2016-05-07 18:45:27',NULL,NULL,'N'),(1141,NULL,2435687,1,1112,'tst_20160507','','custom','YLINK-20160507-002','destroying','enable',NULL,0,'2016-05-07 19:35:47',NULL,NULL,'N'),(1142,NULL,2435687,1,1112,'tst_20160507','','custom','YLINK-20160507-003','destroying','enable',NULL,0,'2016-05-07 19:45:44',NULL,NULL,'N'),(1143,NULL,2435687,1,1112,'tst_20160507','','custom','YLINK-20160507-004','destroying','enable',NULL,0,'2016-05-07 19:47:28',NULL,NULL,'N'),(1144,NULL,2435687,1,1112,'tst_20160507','','custom','YLINK-20160507-005','destroying','enable',NULL,0,'2016-05-07 20:11:37',NULL,NULL,'N'),(1145,NULL,2435688,1,1112,'tst-临时','','custom','YLINK-20160507-006','destroying','enable',NULL,0,'2016-05-07 22:43:13',NULL,NULL,'N'),(1146,NULL,2435689,1,1113,'接口','','custom','YLINK-20160507-007','destroying','enable',NULL,0,'2016-05-07 22:48:29',NULL,NULL,'N'),(1147,NULL,2435689,1,1113,'接口','','custom','YLINK-20160507-008','destroying','enable','scaleout',0,'2016-05-07 22:51:07',NULL,NULL,'N'),(1148,NULL,2435690,1,1112,'报盘机','','custom','YLINK-20160507-009','destroying','enable','none',0,'2016-05-07 22:58:51',NULL,NULL,'N'),(1149,NULL,2435689,1,1113,'接口','','custom','YLINK-20160507-010','destroying','enable','none',0,'2016-05-07 23:19:09',NULL,NULL,'N'),(1150,NULL,2435689,1,1113,'接口','','custom','YLINK-20160507-011','destroying','enable',NULL,0,'2016-05-07 23:32:56',NULL,NULL,'N'),(1151,NULL,2435689,1,1113,'接口','','custom','YLINK-20160507-012','destroying','enable','none',0,'2016-05-07 23:35:58',NULL,NULL,'N'),(1152,NULL,2435687,1,1112,'tst_20160507','','custom','YLINK-20160507-013','destroying','enable','none',0,'2016-05-07 23:49:22',NULL,NULL,'N'),(1153,NULL,2435689,1,1113,'接口','','custom','YLINK-20160508-001','destroying','enable',NULL,0,'2016-05-08 00:32:34',NULL,NULL,'N'),(1154,NULL,2435689,1,1113,'接口','','custom','YLINK-20160508-002','destroying','enable','none',0,'2016-05-08 00:34:23',NULL,NULL,'N'),(1155,NULL,2435687,1,1112,'tst_20160507','','custom','YLINK-20160508-003','destroying','enable','none',0,'2016-05-08 01:37:24',NULL,NULL,'N'),(1156,NULL,2435687,1,1112,'tst_20160507','','custom','YLINK-20160508-004','destroying','enable','none',0,'2016-05-08 01:38:02',NULL,NULL,'N'),(1157,NULL,2435687,1,1112,'tst_20160507','','custom','YLINK-20160509-001','destroying','enable','none',0,'2016-05-09 22:04:39',NULL,NULL,'N'),(1158,NULL,2435689,1,1113,'接口','','custom','YLINK-20160509-002','destroying','enable',NULL,0,'2016-05-09 22:13:09',NULL,NULL,'N'),(1159,NULL,2435692,1,1113,'交易','','custom','YLINK-20160511-001','destroying','enable','none',0,'2016-05-11 18:48:05',NULL,NULL,'N'),(1160,NULL,2435693,1,1114,'托管','','custom','YLINK-20160511-002','destroying','enable',NULL,0,'2016-05-11 19:54:53',NULL,NULL,'N'),(1161,NULL,2435695,1,1114,'tst-1','','custom','YLINK-20160531-001','destroying','enable',NULL,0,'2016-05-31 17:34:30',NULL,NULL,'N'),(1162,NULL,2435696,3,1117,'模板','','custom','YLINK-20160531-002','destroying','enable',NULL,0,'2016-05-31 17:46:52',NULL,NULL,'N'),(1163,NULL,2435695,1,1114,'tst-1','','custom','YLINK-20160531-003','destroying','enable',NULL,0,'2016-05-31 17:58:41',NULL,NULL,'N'),(1164,NULL,2435697,3,1117,'模板2虚机','','custom','YLINK-20160531-004','destroying','enable',NULL,0,'2016-05-31 19:23:28',NULL,NULL,'N'),(1165,NULL,2435695,1,1114,'tst-1','','custom','YLINK-20160531-005','destroying','enable','none',0,'2016-05-31 20:00:54',NULL,NULL,'N'),(1166,NULL,2435697,1,1114,'模板2虚机','','custom','YLINK-20160531-006','destroying','enable','none',0,'2016-05-31 21:31:15',NULL,NULL,'N'),(1167,NULL,2435695,1,1114,'tst-1','','custom','YLINK-20160531-007','destroying','enable','none',0,'2016-05-31 21:52:57',NULL,NULL,'N'),(1168,NULL,2435696,3,1117,'模板','','custom','YLINK-20160531-008','destroying','enable','none',0,'2016-05-31 21:53:24',NULL,NULL,'N'),(1169,NULL,2435697,1,1114,'模板2虚机','','custom','YLINK-20160531-009','destroying','enable',NULL,0,'2016-05-31 22:18:19',NULL,NULL,'N'),(1170,NULL,2435697,1,1114,'模板2虚机','','custom','YLINK-20160531-010','destroying','enable',NULL,0,'2016-05-31 23:14:07',NULL,NULL,'N'),(1171,NULL,2435699,1,1114,'报盘机','','custom','YLINK-20160608-001','destroying','enable',NULL,0,'2016-06-08 22:35:52',NULL,NULL,'N'),(1172,NULL,2435701,1,1114,'报盘机','','custom','YLINK-20160608-002','destroying','enable',NULL,0,'2016-06-08 23:12:55',NULL,NULL,'N'),(1173,NULL,2435702,1,1114,'报盘机A1','','custom','YLINK-20160608-003','alerts','enable',NULL,0,'2016-06-08 23:22:55',NULL,NULL,'Y'),(1174,NULL,2435703,1,0,'交易服务器','','custom','YLINK-20160612-001','destroying','enable',NULL,0,'2016-06-12 22:12:54',NULL,NULL,'N'),(1175,NULL,2435704,1,1114,'数据库','','custom','YLINK-20160613-001','destroying','enable',NULL,0,'2016-06-13 00:10:43',NULL,NULL,'N'),(1176,NULL,2435706,1,1114,'数据库','','custom','YLINK-20160811-001','destroying','enable',NULL,0,'2016-08-11 22:31:08',NULL,NULL,'N'),(1177,NULL,2435703,1,1114,'交易服务器','','custom','YLINK-20160811-002','destroying','enable',NULL,0,'2016-08-11 23:23:58',NULL,NULL,'N'),(1178,NULL,2435703,1,1114,'交易服务器','','custom','YLINK-20160812-001','alerts','enable',NULL,0,'2016-08-12 23:12:02',NULL,NULL,'Y'),(1179,NULL,2435708,1,1114,'test','','custom','YLINK-20160813-001','alerts','enable',NULL,0,'2016-08-13 00:28:03',NULL,NULL,'Y'),(1180,NULL,2435708,1,1114,'test','','custom','YLINK-20160813-002','alerts','enable',NULL,0,'2016-08-13 00:30:21',NULL,NULL,'Y');

/*Table structure for table `artifact` */

DROP TABLE IF EXISTS `artifact`;

CREATE TABLE `artifact` (
  `ID` bigint(20) NOT NULL AUTO_INCREMENT,
  `VERSION` bigint(20) DEFAULT NULL COMMENT '数据版本',
  `PROJECT_ID` bigint(20) DEFAULT NULL COMMENT '所属项目ID',
  `NAME` varchar(250) DEFAULT NULL COMMENT '名称',
  `TYPE` varchar(250) DEFAULT NULL COMMENT '类型：部署包、DB脚本等',
  `DESC` varchar(1000) DEFAULT NULL COMMENT '描述',
  `CREATED_BY` bigint(20) DEFAULT NULL COMMENT '创建人',
  `CREATION_DATE` datetime DEFAULT NULL COMMENT '创建时间',
  `LAST_UPDATED_BY` bigint(20) DEFAULT NULL COMMENT '最后更新人',
  `LAST_UPDATED_DATE` datetime DEFAULT NULL COMMENT '最后更新时间',
  `ENABLED_FLAG` char(1) DEFAULT NULL COMMENT '有效性',
  PRIMARY KEY (`ID`)
) ENGINE=InnoDB AUTO_INCREMENT=1155 DEFAULT CHARSET=utf8;

/*Data for the table `artifact` */

insert  into `artifact`(`ID`,`VERSION`,`PROJECT_ID`,`NAME`,`TYPE`,`DESC`,`CREATED_BY`,`CREATION_DATE`,`LAST_UPDATED_BY`,`LAST_UPDATED_DATE`,`ENABLED_FLAG`) values (1112,NULL,1,'q监控','application','',NULL,NULL,NULL,NULL,'N'),(1113,NULL,1,'q交易','application','',NULL,NULL,NULL,NULL,'N'),(1114,NULL,1,'q接口','application','',NULL,NULL,NULL,NULL,'N'),(1115,NULL,1,'q报盘机 ','application','',NULL,NULL,NULL,NULL,'N'),(1116,NULL,1,'xx_通讯接口程序','application','',NULL,NULL,NULL,NULL,'N'),(1117,NULL,1,'xx_报盘机程序','application','',NULL,NULL,NULL,NULL,'N'),(1118,NULL,1,'xx_监控程序','application','',NULL,NULL,NULL,NULL,'N'),(1119,NULL,1,'xx_交易程序','application','',NULL,NULL,NULL,NULL,'N'),(1120,NULL,1,'数据库','database_file','',NULL,NULL,NULL,NULL,'N'),(1121,NULL,1,'监控01','application','',NULL,NULL,NULL,NULL,'N'),(1122,NULL,1,'oracle','database_file','',NULL,NULL,NULL,NULL,'N'),(1123,NULL,1,'托管1','application','',NULL,NULL,NULL,NULL,'N'),(1124,NULL,1,'监控','application','',NULL,NULL,NULL,NULL,'N'),(1125,NULL,1,'交易','application','',NULL,NULL,NULL,NULL,'N'),(1126,NULL,1,'报盘机','application','',NULL,NULL,NULL,NULL,'N'),(1127,NULL,1,'交易报盘机','application','',NULL,NULL,NULL,NULL,'N'),(1128,NULL,1,'接口','application','',NULL,NULL,NULL,NULL,'N'),(1129,NULL,2,'test01','application','3435',NULL,NULL,NULL,NULL,'N'),(1130,NULL,2,'test02','application','w4r34546',NULL,NULL,NULL,NULL,'N'),(1131,NULL,3,'test03','database_file','345345',NULL,NULL,NULL,NULL,'Y'),(1132,NULL,3,'test04','application','2345435',NULL,NULL,NULL,NULL,'Y'),(1133,NULL,1,'报盘机','application','',NULL,NULL,NULL,NULL,'N'),(1134,NULL,1,'交易服务器','application','',NULL,NULL,NULL,NULL,'N'),(1135,NULL,1,'风控服务器','application','',NULL,NULL,NULL,NULL,'N'),(1136,NULL,1,'监控服务器','application','',NULL,NULL,NULL,NULL,'N'),(1137,NULL,1,'通讯接口机','application','',NULL,NULL,NULL,NULL,'N'),(1138,NULL,1,'报盘机A','application','',NULL,NULL,NULL,NULL,'Y'),(1139,NULL,1,'报盘机B','application','',NULL,NULL,NULL,NULL,'Y'),(1140,NULL,1,'交易服务器A','application','',NULL,NULL,NULL,NULL,'N'),(1141,NULL,1,'交易服务器B','application','',NULL,NULL,NULL,NULL,'N'),(1142,NULL,1,'通讯接口机A','application','',NULL,NULL,NULL,NULL,'N'),(1143,NULL,1,'通讯接口机B','application','',NULL,NULL,NULL,NULL,'N'),(1144,NULL,1,'监控服务器','application','',NULL,NULL,NULL,NULL,'N'),(1145,NULL,1,'1','application','',NULL,NULL,NULL,NULL,'N'),(1146,NULL,1,'交易服务器A','application','',NULL,NULL,NULL,NULL,'Y'),(1147,NULL,1,'交易服务器B','application','',NULL,NULL,NULL,NULL,'Y'),(1148,NULL,1,'监控服务器','application','',NULL,NULL,NULL,NULL,'Y'),(1149,NULL,1,'通讯接口机A','application','',NULL,NULL,NULL,NULL,'Y'),(1150,NULL,1,'通讯接口机B','application','',NULL,NULL,NULL,NULL,'Y'),(1151,NULL,1,'数据库','database_file','',NULL,NULL,NULL,NULL,'N'),(1152,NULL,1,'数据库','database_file','',NULL,NULL,NULL,NULL,'N'),(1153,NULL,1,'数据库','database_file','',NULL,NULL,NULL,NULL,'Y'),(1154,NULL,1,'data','database_file','',NULL,NULL,NULL,NULL,'Y');

/*Table structure for table `artifact_file` */

DROP TABLE IF EXISTS `artifact_file`;

CREATE TABLE `artifact_file` (
  `ID` bigint(20) NOT NULL AUTO_INCREMENT,
  `FILE_STORAGE_ID` bigint(20) DEFAULT NULL COMMENT '关联文件存储ID',
  `ARTIFACT_VERSION_ID` bigint(20) DEFAULT NULL COMMENT '所属工件版本ID',
  `ORDER` int(11) DEFAULT NULL COMMENT '序号',
  PRIMARY KEY (`ID`)
) ENGINE=InnoDB AUTO_INCREMENT=1184 DEFAULT CHARSET=utf8;

/*Data for the table `artifact_file` */

insert  into `artifact_file`(`ID`,`FILE_STORAGE_ID`,`ARTIFACT_VERSION_ID`,`ORDER`) values (1116,2307,1115,2),(1117,2308,1116,3),(1118,2309,1117,4),(1119,2310,1118,5),(1120,2311,1119,1),(1121,2312,1120,4),(1122,2313,1121,3),(1123,2314,1122,5),(1124,2315,1123,1),(1125,2316,1124,1),(1126,2319,1125,3),(1127,2317,1125,1),(1128,2318,1125,2),(1129,2322,1125,6),(1130,2321,1125,5),(1131,2324,1125,8),(1132,2320,1125,4),(1133,2325,1125,9),(1134,2323,1125,7),(1135,2326,1125,10),(1136,2327,1125,11),(1137,2330,1125,14),(1138,2329,1125,13),(1139,2328,1125,12),(1140,2331,1126,1),(1141,2334,1127,2),(1142,2332,1127,1),(1143,2333,1127,3),(1144,2335,1128,3),(1145,2336,1129,5),(1146,2337,1130,6),(1147,2338,1131,1),(1148,2339,1132,2),(1149,2340,1133,3),(1150,2344,1134,8),(1151,2343,1134,7),(1152,2342,1134,6),(1153,2345,1135,9),(1154,2346,1135,10),(1155,2347,1136,1),(1156,2352,1137,1),(1157,2353,1138,2),(1158,2354,1139,3),(1159,2355,1140,4),(1160,2356,1141,5),(1161,2357,1142,1),(1162,2358,1143,2),(1163,2359,1144,1),(1164,2360,1145,2),(1165,2361,1146,1),(1166,2362,1147,1),(1167,2363,1148,1),(1168,2364,1149,2),(1169,2365,1150,1),(1170,2366,1150,2),(1171,2368,1151,4),(1172,2367,1151,3),(1173,2369,1151,5),(1174,2371,1152,10),(1175,2372,1152,11),(1176,2370,1152,9),(1180,2378,1153,5),(1181,2379,1153,6),(1182,2381,1154,2),(1183,2380,1154,1);

/*Table structure for table `artifact_property` */

DROP TABLE IF EXISTS `artifact_property`;

CREATE TABLE `artifact_property` (
  `ID` bigint(20) NOT NULL AUTO_INCREMENT,
  `VERSION` bigint(20) DEFAULT NULL COMMENT '数据版本',
  `ARTIFACT_VERSION_ID` bigint(20) DEFAULT NULL COMMENT '所属工件ID',
  `FILE_NAME` varchar(1000) DEFAULT NULL COMMENT '文件名',
  `NAME` varchar(250) DEFAULT NULL,
  `LABEL` varchar(250) DEFAULT NULL,
  `STYLE` varchar(250) DEFAULT NULL,
  `DATA_MODEL` varchar(1000) DEFAULT NULL,
  `DEFAULT` varchar(250) DEFAULT NULL,
  `IS_NULL` char(1) DEFAULT NULL,
  `IS_EDITABLE` char(1) DEFAULT NULL,
  `CREATED_BY` bigint(20) DEFAULT NULL COMMENT '创建人',
  `CREATION_DATE` datetime DEFAULT NULL COMMENT '创建时间',
  `LAST_UPDATED_BY` bigint(20) DEFAULT NULL COMMENT '最后更新人',
  `LAST_UPDATED_DATE` datetime DEFAULT NULL COMMENT '最后更新时间',
  `ENABLED_FLAG` char(1) DEFAULT NULL COMMENT '有效性',
  PRIMARY KEY (`ID`)
) ENGINE=InnoDB AUTO_INCREMENT=1779 DEFAULT CHARSET=utf8;

/*Data for the table `artifact_property` */

insert  into `artifact_property`(`ID`,`VERSION`,`ARTIFACT_VERSION_ID`,`FILE_NAME`,`NAME`,`LABEL`,`STYLE`,`DATA_MODEL`,`DEFAULT`,`IS_NULL`,`IS_EDITABLE`,`CREATED_BY`,`CREATION_DATE`,`LAST_UPDATED_BY`,`LAST_UPDATED_DATE`,`ENABLED_FLAG`) values (1130,NULL,1115,'/GessMoniSvr/gess.properties','LOCAL_HOST_IP','LOCAL_HOST_IP','input','','${this.ip}','Y','Y',NULL,NULL,NULL,NULL,'Y'),(1131,NULL,1115,'/GessMoniSvr/gess.properties','MONITOR_LISTEN_IP','MONITOR_LISTEN_IP','input','','{监控.ip}','Y','Y',NULL,NULL,NULL,NULL,'Y'),(1132,NULL,1115,'/GessMoniSvr/gess.properties','DB_URL','DB_URL','input','','jdbc:oracle:thin:@10.204.120.155:1521:gessdb','Y','Y',NULL,NULL,NULL,NULL,'Y'),(1133,NULL,1115,'/HostSupervise/monitor.xml','HOST_ID','HOST_ID','input','','12','Y','Y',NULL,NULL,NULL,NULL,'Y'),(1134,NULL,1115,'/HostSupervise/monitor.xml','NODE_ID','NODE_ID','input','','1103','Y','Y',NULL,NULL,NULL,NULL,'Y'),(1135,NULL,1115,'/HostSupervise/monitor.xml','H1_IP','H1_IP','input','','{监控.ip}','Y','Y',NULL,NULL,NULL,NULL,'Y'),(1136,NULL,1115,'/HostSupervise/monitor.xml','H1_PORT','H1_PORT','input','','30000','Y','Y',NULL,NULL,NULL,NULL,'Y'),(1137,NULL,1115,'/HostSupervise/monitor.xml','H2_IP','H2_IP','input','','{监控.ip}','Y','Y',NULL,NULL,NULL,NULL,'Y'),(1138,NULL,1115,'/HostSupervise/monitor.xml','H2_PORT','H2_PORT','input','','31000','Y','Y',NULL,NULL,NULL,NULL,'Y'),(1139,NULL,1115,'/HostSupervise/monitor.xml','LISTEN_PORT','LISTEN_PORT','input','','39000','Y','Y',NULL,NULL,NULL,NULL,'Y'),(1140,NULL,1116,'/GessServer/gess.properties','MONITOR_LISTEN_IP','MONITOR_LISTEN_IP','input','','{监控.ip}','Y','Y',NULL,NULL,NULL,NULL,'Y'),(1141,NULL,1116,'/GessServer/gess.properties','GSI_OFFERING_ADDRESS_S','GSI_OFFERING_ADDRESS_S','input','','{报盘机.ip','Y','Y',NULL,NULL,NULL,NULL,'Y'),(1142,NULL,1116,'/GessServer/gess.properties','GSI_LIQU_FILE_DOWN_ADDRESS_S','GSI_LIQU_FILE_DOWN_ADDRESS_S','input','','{报盘机.ip','Y','Y',NULL,NULL,NULL,NULL,'Y'),(1143,NULL,1116,'/GessServer/gess.properties','DB_URL','DB_URL','input','','jdbc:oracle:thin:@10.204.120.155:1521:gessdb','Y','Y',NULL,NULL,NULL,NULL,'Y'),(1144,NULL,1116,'/RiskControl/cfg/Risk.cfg','IFH1.ip_port','IFH1.ip_port','input','','{监控.ip\':3000\'}','Y','Y',NULL,NULL,NULL,NULL,'Y'),(1145,NULL,1116,'/RiskControl/cfg/Risk.cfg','IFH2.ip_port','IFH2.ip_port','input','','{监控.ip\':3100\'}','Y','Y',NULL,NULL,NULL,NULL,'Y'),(1146,NULL,1116,'/RiskControl/cfg/Risk.cfg','IFA1.ip_port','IFA1.ip_port','input','','{交易.ip\':1700\'}','Y','Y',NULL,NULL,NULL,NULL,'Y'),(1147,NULL,1116,'/RiskControl/cfg/Risk.cfg','IFA2.ip_port','IFA2.ip_port','input','','{交易.ip\':1500\'}','Y','Y',NULL,NULL,NULL,NULL,'Y'),(1148,NULL,1116,'/RiskControl/cfg/Risk.cfg','IFF1.listen_ip','IFF1.listen_ip','input','','{交易.ip}','Y','Y',NULL,NULL,NULL,NULL,'Y'),(1149,NULL,1116,'/RiskControl/cfg/Risk.cfg','IFF2.listen_ip','IFF2.listen_ip','input','','{交易.ip}','Y','Y',NULL,NULL,NULL,NULL,'Y'),(1150,NULL,1116,'/RiskControl/cfg/Risk.cfg','IFCMD.listen_ip','IFCMD.listen_ip','input','','{交易.ip}','Y','Y',NULL,NULL,NULL,NULL,'Y'),(1151,NULL,1116,'/HostSupervise/monitor.xml','HOST_ID','HOST_ID','input','','11','Y','Y',NULL,NULL,NULL,NULL,'Y'),(1152,NULL,1116,'/HostSupervise/monitor.xml','NODE_ID','NODE_ID','input','','1102','Y','Y',NULL,NULL,NULL,NULL,'Y'),(1153,NULL,1116,'/HostSupervise/monitor.xml','H1_IP','H1_IP','input','','{监控.ip}','Y','Y',NULL,NULL,NULL,NULL,'Y'),(1154,NULL,1116,'/HostSupervise/monitor.xml','H1_PORT','H1_PORT','input','','30000','Y','Y',NULL,NULL,NULL,NULL,'Y'),(1155,NULL,1116,'/HostSupervise/monitor.xml','H2_IP','H2_IP','input','','{监控.ip}','Y','Y',NULL,NULL,NULL,NULL,'Y'),(1156,NULL,1116,'/HostSupervise/monitor.xml','H2_PORT','H2_PORT','input','','31000','Y','Y',NULL,NULL,NULL,NULL,'Y'),(1157,NULL,1116,'/HostSupervise/monitor.xml','LISTEN_PORT','LISTEN_PORT','input','','29000','Y','Y',NULL,NULL,NULL,NULL,'Y'),(1158,NULL,1117,'/GessNetServer/gess.properties','LOCAL_HOST_IP','LOCAL_HOST_IP','input','','{this.ip}','Y','Y',NULL,NULL,NULL,NULL,'Y'),(1159,NULL,1117,'/GessNetServer/gess.properties','MONITOR_LISTEN_IP','MONITOR_LISTEN_IP','input','','{监控.ip}','Y','Y',NULL,NULL,NULL,NULL,'Y'),(1160,NULL,1117,'/GessNetServer/gess.properties','TRANSACT_PARENT_ADDRESS_S_15001','TRANSACT_PARENT_ADDRESS_S_15001','input','','{交易.ip\':15000\'}','Y','Y',NULL,NULL,NULL,NULL,'Y'),(1161,NULL,1117,'/GessNetServer/gess.properties','TRANSACT_PARENT_ADDRESS_S_16001','TRANSACT_PARENT_ADDRESS_S_16001','input','','{交易.ip\':16000\'}','Y','Y',NULL,NULL,NULL,NULL,'Y'),(1162,NULL,1117,'/GessNetServer/gess.properties','TRANSACT_PARENT_ADDRESS_S_20001','TRANSACT_PARENT_ADDRESS_S_20001','input','','{交易.ip\':20000\'}','Y','Y',NULL,NULL,NULL,NULL,'Y'),(1163,NULL,1117,'/GessNetServer/gess.properties','BROADCAST_PARENT_ADDRESS_1','BROADCAST_PARENT_ADDRESS_1','input','','{交易.ip\':17000\'}','Y','Y',NULL,NULL,NULL,NULL,'Y'),(1164,NULL,1117,'/GessNetServer/gess.properties','BROADCAST_PARENT_ADDRESS_2','BROADCAST_PARENT_ADDRESS_2','input','','{交易.ip\':21000\'}','Y','Y',NULL,NULL,NULL,NULL,'Y'),(1165,NULL,1117,'/GessNetServer/gess.properties','SECURITY_PARENT_ADDRESS_S','SECURITY_PARENT_ADDRESS_S','input','','{交易.ip\':15000\'}','Y','Y',NULL,NULL,NULL,NULL,'Y'),(1166,NULL,1117,'/HostSupervise/monitor.xml','HOST_ID','HOST_ID','input','','13','Y','Y',NULL,NULL,NULL,NULL,'Y'),(1167,NULL,1117,'/HostSupervise/monitor.xml','NODE_ID','NODE_ID','input','','1104','Y','Y',NULL,NULL,NULL,NULL,'Y'),(1168,NULL,1117,'/HostSupervise/monitor.xml','H1_IP','H1_IP','input','','{监控.ip}','Y','Y',NULL,NULL,NULL,NULL,'Y'),(1169,NULL,1117,'/HostSupervise/monitor.xml','H1_PORT','H1_PORT','input','','30000','Y','Y',NULL,NULL,NULL,NULL,'Y'),(1170,NULL,1117,'/HostSupervise/monitor.xml','H2_IP','H2_IP','input','','{监控.ip}','Y','Y',NULL,NULL,NULL,NULL,'Y'),(1171,NULL,1117,'/HostSupervise/monitor.xml','H2_PORT','H2_PORT','input','','31000','Y','Y',NULL,NULL,NULL,NULL,'Y'),(1172,NULL,1117,'/HostSupervise/monitor.xml','LISTEN_PORT','LISTEN_PORT','input','','49000','Y','Y',NULL,NULL,NULL,NULL,'Y'),(1173,NULL,1118,'/DownloadServer/gess.properties','LOCAL_HOST_IP','LOCAL_HOST_IP','input','','{this.ip}','Y','Y',NULL,NULL,NULL,NULL,'Y'),(1174,NULL,1118,'/DownloadServer/gess.properties','MONITOR_LISTEN_IP','MONITOR_LISTEN_IP','input','','{监控.ip}','Y','Y',NULL,NULL,NULL,NULL,'Y'),(1175,NULL,1118,'/OfferingCapital/cfg/OfferingCapitalshhd.cfg','IFN1S.listen_ip','IFN1S.listen_ip','input','','{this.ip}','Y','Y',NULL,NULL,NULL,NULL,'Y'),(1176,NULL,1118,'/OfferingCapital/cfg/OfferingCapitalshhd.cfg','IFMS.listen_ip','IFMS.listen_ip','input','','{this.ip}','Y','Y',NULL,NULL,NULL,NULL,'Y'),(1177,NULL,1118,'/OfferingCapital/cfg/OfferingCapitalshhd.cfg','IFMC.ip','IFMC.ip','input','','{this.ip}','Y','Y',NULL,NULL,NULL,NULL,'Y'),(1178,NULL,1118,'/OfferingCapital/cfg/OfferingCapitalshhd.cfg','IFH1.ip','IFH1.ip','input','','{监控.ip}','Y','Y',NULL,NULL,NULL,NULL,'Y'),(1179,NULL,1118,'/OfferingCapital/cfg/OfferingCapitalshhd.cfg','IFH2.ip','IFH2.ip','input','','{监控.ip}','Y','Y',NULL,NULL,NULL,NULL,'Y'),(1180,NULL,1118,'/OfferingTrade/cfg/OfferingTradeshhd.cfg','IFN1S.listen_ip','IFN1S.listen_ip','input','','{this.ip}','Y','Y',NULL,NULL,NULL,NULL,'Y'),(1181,NULL,1118,'/OfferingTrade/cfg/OfferingTradeshhd.cfg','IFMS.listen_ip','IFMS.listen_ip','input','','{this.ip}','Y','Y',NULL,NULL,NULL,NULL,'Y'),(1182,NULL,1118,'/OfferingTrade/cfg/OfferingTradeshhd.cfg','IFMC.ip','IFMC.ip','input','','{this.ip}','Y','Y',NULL,NULL,NULL,NULL,'Y'),(1183,NULL,1118,'/OfferingTrade/cfg/OfferingTradeshhd.cfg','IFH1.ip','IFH1.ip','input','','{监控.ip}','Y','Y',NULL,NULL,NULL,NULL,'Y'),(1184,NULL,1118,'/OfferingTrade/cfg/OfferingTradeshhd.cfg','IFH2.ip','IFH2.ip','input','','{监控.ip}','Y','Y',NULL,NULL,NULL,NULL,'Y'),(1185,NULL,1118,'/HostSupervise/monitor.xml','HOST_ID','HOST_ID','input','','14','Y','Y',NULL,NULL,NULL,NULL,'Y'),(1186,NULL,1118,'/HostSupervise/monitor.xml','NODE_ID','NODE_ID','input','','1101','Y','Y',NULL,NULL,NULL,NULL,'Y'),(1187,NULL,1118,'/HostSupervise/monitor.xml','H1_IP','H1_IP','input','','{监控.ip}','Y','Y',NULL,NULL,NULL,NULL,'Y'),(1188,NULL,1118,'/HostSupervise/monitor.xml','H1_PORT','H1_PORT','input','','30000','Y','Y',NULL,NULL,NULL,NULL,'Y'),(1189,NULL,1118,'/HostSupervise/monitor.xml','H2_IP','H2_IP','input','','{监控.ip}','Y','Y',NULL,NULL,NULL,NULL,'Y'),(1190,NULL,1118,'/HostSupervise/monitor.xml','H2_PORT','H2_PORT','input','','31000','Y','Y',NULL,NULL,NULL,NULL,'Y'),(1191,NULL,1118,'/HostSupervise/monitor.xml','LISTEN_PORT','LISTEN_PORT','input','','29000','Y','Y',NULL,NULL,NULL,NULL,'Y'),(1192,NULL,1121,'/GessMoniSvr/gess.properties','DB_URL ','DB_URL ','input','','jdbc:oracle:thin:@10.204.120.155:1521:orcl','Y','Y',NULL,NULL,NULL,NULL,'Y'),(1193,NULL,1121,'/GessMoniSvr/gess.properties','LOCAL_HOST_IP ','LOCAL_HOST_IP ','input','','10.204.120.195','Y','Y',NULL,NULL,NULL,NULL,'Y'),(1194,NULL,1121,'/GessMoniSvr/gess.properties','MONITOR_LISTEN_IP ','MONITOR_LISTEN_IP ','input','','10.204.120.195','Y','Y',NULL,NULL,NULL,NULL,'Y'),(1195,NULL,1123,'/GessServer/gess.properties','MONITOR_LISTEN_IP','MONITOR_LISTEN_IP','input','','w','Y','Y',NULL,NULL,NULL,NULL,'Y'),(1196,NULL,1123,'/GessServer/gess.properties','GSI_OFFERING_ADDRESS_S','GSI_OFFERING_ADDRESS_S','input','','s','Y','Y',NULL,NULL,NULL,NULL,'Y'),(1197,NULL,1123,'/RiskControl/cfg/Risk.cfg','IFH1.ip_port','IFH1.ip_port','input','','s','Y','Y',NULL,NULL,NULL,NULL,'Y'),(1198,NULL,1123,'/RiskControl/cfg/Risk.cfg','IFH2.ip_port','IFH2.ip_port','input','','e','Y','Y',NULL,NULL,NULL,NULL,'Y'),(1199,NULL,1123,'/HostSupervise/monitor.xml','HOST_ID','HOST_ID','input','','w','Y','Y',NULL,NULL,NULL,NULL,'Y'),(1200,NULL,1115,'/GessMoniSvr/gess.properties','DB_USER','DB_USER','input','','','N','Y',NULL,NULL,NULL,NULL,'Y'),(1201,NULL,1115,'/GessMoniSvr/gess.properties','DB_PASSWORD','DB_PASSWORD','input','','','N','Y',NULL,NULL,NULL,NULL,'Y'),(1202,NULL,1116,'/RiskControl/cfg/Risk.cfg','user','user','input','','','N','Y',NULL,NULL,NULL,NULL,'Y'),(1203,NULL,1116,'/RiskControl/cfg/Risk.cfg',' pwd',' pwd','input','','','N','Y',NULL,NULL,NULL,NULL,'Y'),(1204,NULL,1116,'/GessServer/gess.properties','DB_USER','DB_USER','input','','','N','Y',NULL,NULL,NULL,NULL,'Y'),(1205,NULL,1116,'/GessServer/gess.properties','DB_PASSWORD','DB_PASSWORD','input','','','N','Y',NULL,NULL,NULL,NULL,'Y'),(1206,NULL,1125,'','foundation_sql','foundation_sql','input','','1.sql,2.sql','Y','Y',NULL,NULL,NULL,NULL,'Y'),(1207,NULL,1125,'','user_key','user_key','input','','','Y','Y',NULL,NULL,NULL,NULL,'Y'),(1208,NULL,1125,'','password_key','password_key','input','','','Y','Y',NULL,NULL,NULL,NULL,'Y'),(1209,NULL,1125,'','tablespace_key_DATA_01','tablespace_key_DATA_01','input','','DATA_01','Y','Y',NULL,NULL,NULL,NULL,'N'),(1210,NULL,1125,'','tablespace_key_IDX_01','tablespace_key_IDX_01','input','','IDX_01','Y','Y',NULL,NULL,NULL,NULL,'N'),(1211,NULL,1125,'','tablespace_key_DATA_02','tablespace_key_DATA_02','input','','DATA_02','Y','Y',NULL,NULL,NULL,NULL,'N'),(1212,NULL,1125,'','tablespace_key_IDX_02','tablespace_key_IDX_02','input','','IDX_02','Y','Y',NULL,NULL,NULL,NULL,'N'),(1213,NULL,1125,'','tablespace_key_DATA_03','tablespace_key_DATA_03','input','','DATA_03','Y','Y',NULL,NULL,NULL,NULL,'N'),(1214,NULL,1125,'','tablespace_key_IDX_03','tablespace_key_IDX_03','input','','IDX_03','Y','Y',NULL,NULL,NULL,NULL,'N'),(1215,NULL,1125,'','other_replace_key_path','other_replace_key_path','input','','','Y','Y',NULL,NULL,NULL,NULL,'N'),(1216,NULL,1126,'/Config','servercert_path','servercert_path','input','','','Y','Y',NULL,NULL,NULL,NULL,'Y'),(1217,NULL,1128,'\\GessMoniSvr\\gess.properties','LOCAL_HOST_IP','LOCAL_HOST_IP','input','','${this.ip}','Y','N',NULL,NULL,NULL,NULL,'Y'),(1218,NULL,1128,'\\GessMoniSvr\\gess.properties','GESS_HOST_ID','GESS_HOST_ID','input','','','Y','Y',NULL,NULL,NULL,NULL,'Y'),(1219,NULL,1128,'\\GessMoniSvr\\gess.properties','GESS_NODE_ID','GESS_NODE_ID','input','','','Y','Y',NULL,NULL,NULL,NULL,'Y'),(1220,NULL,1128,'\\GessMoniSvr\\gess.properties','DB_MAX_CONNECTION','DB_MAX_CONNECTION','input','','2','Y','Y',NULL,NULL,NULL,NULL,'Y'),(1221,NULL,1128,'\\GessMoniSvr\\gess.properties','DB_DRIVER','DB_DRIVER','input','','oracle.jdbc.driver.OracleDriver','Y','N',NULL,NULL,NULL,NULL,'N'),(1222,NULL,1128,'\\GessMoniSvr\\gess.properties','DB_URL','DB_URL','input','','jdbc:oracle:thin:@10.204.119.134:1521:orcl','Y','Y',NULL,NULL,NULL,NULL,'Y'),(1223,NULL,1128,'\\GessMoniSvr\\gess.properties','DB_USER','DB_USER','input','','','Y','Y',NULL,NULL,NULL,NULL,'Y'),(1224,NULL,1128,'\\GessMoniSvr\\gess.properties','DB_PASSWORD','DB_PASSWORD','input','','','Y','Y',NULL,NULL,NULL,NULL,'Y'),(1225,NULL,1128,'\\GessMoniSvr\\gess.properties','MONITOR_LISTEN_MGR_PORT','MONITOR_LISTEN_MGR_PORT','input','','32000','Y','N',NULL,NULL,NULL,NULL,'Y'),(1226,NULL,1128,'\\GessMoniSvr\\gess.properties','MONITOR_LISTEN_MGR_BRC_PORT','MONITOR_LISTEN_MGR_BRC_PORT','input','','33000','Y','N',NULL,NULL,NULL,NULL,'Y'),(1227,NULL,1128,'\\GessMoniSvr\\gess.properties','MONITOR_LISTEN_NODE_PORT','MONITOR_LISTEN_NODE_PORT','input','','30000','Y','N',NULL,NULL,NULL,NULL,'Y'),(1228,NULL,1128,'\\GessMoniSvr\\gess.properties','MONITOR_LISTEN_NODE_BRC_PORT','MONITOR_LISTEN_NODE_BRC_PORT','input','','31000','Y','N',NULL,NULL,NULL,NULL,'Y'),(1229,NULL,1128,'\\GessMoniSvr\\gess.properties','WATCH_DOG_PORT','WATCH_DOG_PORT','input','','','Y','Y',NULL,NULL,NULL,NULL,'Y'),(1230,NULL,1128,'\\GessMoniSvr\\gess.properties','MONITOR_LISTEN_IP','MONITOR_LISTEN_IP','input','','${this.ip}','Y','N',NULL,NULL,NULL,NULL,'Y'),(1231,NULL,1129,'\\GessServer\\gess.properties','GESS_HOST_ID','GESS_HOST_ID','input','','','Y','Y',NULL,NULL,NULL,NULL,'Y'),(1232,NULL,1129,'\\GessServer\\gess.properties','GESS_NODE_ID','GESS_NODE_ID','input','','','Y','Y',NULL,NULL,NULL,NULL,'Y'),(1233,NULL,1129,'\\GessServer\\gess.properties','DB_URL','DB_URL','input','','jdbc:oracle:thin:@10.204.119.134:1521:orcl','Y','Y',NULL,NULL,NULL,NULL,'Y'),(1234,NULL,1129,'\\GessServer\\gess.properties','DB_USER','DB_USER','input','','','Y','Y',NULL,NULL,NULL,NULL,'Y'),(1235,NULL,1129,'\\GessServer\\gess.properties','DB_PASSWORD','DB_PASSWORD','input','','','Y','Y',NULL,NULL,NULL,NULL,'Y'),(1236,NULL,1129,'\\GessServer\\gess.properties','MONITOR_LISTEN_IP','MONITOR_LISTEN_IP','input','','${监控.IP}','Y','N',NULL,NULL,NULL,NULL,'Y'),(1237,NULL,1129,'\\GessServer\\gess.properties','MONITOR_LISTEN_NODE_PORT','MONITOR_LISTEN_NODE_PORT','input','','	${监控.MONITOR_LISTEN_NODE_PORT}','Y','N',NULL,NULL,NULL,NULL,'Y'),(1238,NULL,1129,'\\GessServer\\gess.properties','MONITOR_LISTEN_NODE_BRC_PORT','MONITOR_LISTEN_NODE_BRC_PORT','input','','${监控.MONITOR_LISTEN_NODE_BRC_PORT}','Y','N',NULL,NULL,NULL,NULL,'Y'),(1239,NULL,1129,'\\GessServer\\gess.properties','WATCH_DOG_PORT','WATCH_DOG_PORT','input','','','Y','Y',NULL,NULL,NULL,NULL,'Y'),(1240,NULL,1129,'\\GessServer\\gess.properties','CHANNEL_SERVER_LISTEN_PORT','CHANNEL_SERVER_LISTEN_PORT','input','','','Y','Y',NULL,NULL,NULL,NULL,'Y'),(1241,NULL,1129,'\\GessServer\\gess.properties','TRANS_SERVER_LISTEN_PORT','TRANS_SERVER_LISTEN_PORT','input','','','Y','Y',NULL,NULL,NULL,NULL,'Y'),(1242,NULL,1129,'\\GessServer\\gess.properties','QUERY_SERVER_LISTEN_PORT','QUERY_SERVER_LISTEN_PORT','input','','','Y','Y',NULL,NULL,NULL,NULL,'Y'),(1243,NULL,1129,'\\GessServer\\gess.properties','MQRKET_SERVER_LISTEN_PORT','MQRKET_SERVER_LISTEN_PORT','input','','','Y','Y',NULL,NULL,NULL,NULL,'Y'),(1244,NULL,1129,'\\GessServer\\gess.properties','GSI_OFFERING_ADDRESS_S','GSI_OFFERING_ADDRESS_S','input','','${报盘机.IP}${报盘机.IP}','Y','Y',NULL,NULL,NULL,NULL,'Y'),(1245,NULL,1129,'\\GessServer\\gess.properties','GSI_LIQU_FILE_DOWN_ADDRESS_S','GSI_LIQU_FILE_DOWN_ADDRESS_S','input','','${报盘机.IP}','Y','Y',NULL,NULL,NULL,NULL,'Y'),(1246,NULL,1130,'\\GessNetServer\\gess.properties','LOCAL_HOST_IP','LOCAL_HOST_IP','input','','${this.ip}','Y','N',NULL,NULL,NULL,NULL,'Y'),(1247,NULL,1130,'\\GessNetServer\\gess.properties','GESS_HOST_ID','GESS_HOST_ID','input','','','Y','Y',NULL,NULL,NULL,NULL,'Y'),(1248,NULL,1130,'\\GessNetServer\\gess.properties','GESS_NODE_ID','GESS_NODE_ID','input','','','Y','Y',NULL,NULL,NULL,NULL,'Y'),(1249,NULL,1130,'\\GessNetServer\\gess.properties','MONITOR_LISTEN_IP','MONITOR_LISTEN_IP','input','','${监控.IP}','Y','N',NULL,NULL,NULL,NULL,'Y'),(1250,NULL,1130,'\\GessNetServer\\gess.properties','MONITOR_LISTEN_NODE_PORT','MONITOR_LISTEN_NODE_PORT','input','','${监控.MONITOR_LISTEN_NODE_PORT}','Y','N',NULL,NULL,NULL,NULL,'Y'),(1251,NULL,1130,'\\GessNetServer\\gess.properties','MONITOR_LISTEN_NODE_BRC_PORT','MONITOR_LISTEN_NODE_BRC_PORT','input','','${监控.MONITOR_LISTEN_NODE_BRC_PORT}','Y','N',NULL,NULL,NULL,NULL,'Y'),(1252,NULL,1130,'\\GessNetServer\\gess.properties','WATCH_DOG_PORT','WATCH_DOG_PORT','input','','','Y','Y',NULL,NULL,NULL,NULL,'Y'),(1253,NULL,1130,'\\GessNetServer\\gess.properties','TRANSACT_LISTEN_PORT_S','TRANSACT_LISTEN_PORT_S','input','','','Y','Y',NULL,NULL,NULL,NULL,'Y'),(1254,NULL,1130,'\\GessNetServer\\gess.properties','TRANSACT_PARENT_ADDRESS_S_15001','TRANSACT_PARENT_ADDRESS_S_15001','input','','${交易.ip}','Y','N',NULL,NULL,NULL,NULL,'Y'),(1255,NULL,1132,'user_name','user_name','user_name','input','','','N','Y',NULL,NULL,NULL,NULL,'Y'),(1256,NULL,1132,'user_password','user_password','user_password','input','','','N','Y',NULL,NULL,NULL,NULL,'Y'),(1257,NULL,1132,'deploy_path','deploy_path','deploy_path','input','','','N','Y',NULL,NULL,NULL,NULL,'Y'),(1258,NULL,1132,'test01','test01','test01','input','','test01','Y','Y',NULL,NULL,NULL,NULL,'Y'),(1259,NULL,1132,'test02','test02','test02','input','','test02','Y','Y',NULL,NULL,NULL,NULL,'Y'),(1260,NULL,1133,'user_name','user_name','user_name','input','','','N','Y',NULL,NULL,NULL,NULL,'Y'),(1261,NULL,1133,'user_password','user_password','user_password','input','','','N','Y',NULL,NULL,NULL,NULL,'Y'),(1262,NULL,1133,'deploy_path','deploy_path','deploy_path','input','','','N','Y',NULL,NULL,NULL,NULL,'Y'),(1263,NULL,1133,'test01','test01','test01','input','','test01','Y','Y',NULL,NULL,NULL,NULL,'Y'),(1264,NULL,1133,'test02','test02','test02','input','','test02','Y','Y',NULL,NULL,NULL,NULL,'Y'),(1267,NULL,1134,'foundation_sql','foundation_sql','foundation_sql','input','','','Y','Y',NULL,NULL,NULL,NULL,'Y'),(1268,NULL,1134,'user_key','user_key','user_key','input','','','Y','Y',NULL,NULL,NULL,NULL,'Y'),(1269,NULL,1134,'password_key','password_key','password_key','input','','','Y','Y',NULL,NULL,NULL,NULL,'Y'),(1270,NULL,1134,'password_key','test345','test345','input','','3546','Y','Y',NULL,NULL,NULL,NULL,'Y'),(1271,NULL,1134,'password_key','ertert','ertert','input','','ertrty','Y','Y',NULL,NULL,NULL,NULL,'Y'),(1272,NULL,1135,'foundation_sql','foundation_sql','foundation_sql','input','','','Y','Y',NULL,NULL,NULL,NULL,'Y'),(1273,NULL,1135,'user_key','user_key','user_key','input','','','Y','Y',NULL,NULL,NULL,NULL,'Y'),(1274,NULL,1135,'password_key','password_key','password_key','input','','','Y','Y',NULL,NULL,NULL,NULL,'Y'),(1275,NULL,1135,'password_key','test345','test345','input','','3546','Y','Y',NULL,NULL,NULL,NULL,'Y'),(1276,NULL,1135,'password_key','ertert','ertert','input','','ertrty','Y','Y',NULL,NULL,NULL,NULL,'Y'),(1279,NULL,1136,'user_name','user_name','user_name','input','','','N','Y',NULL,NULL,NULL,NULL,'Y'),(1280,NULL,1136,'user_password','user_password','user_password','input','','','N','Y',NULL,NULL,NULL,NULL,'Y'),(1281,NULL,1136,'deploy_path','deploy_path','deploy_path','input','','','N','Y',NULL,NULL,NULL,NULL,'Y'),(1282,NULL,1136,'deploy_path','were4t','were4t','input','','ertert','Y','Y',NULL,NULL,NULL,NULL,'Y'),(1283,NULL,1115,'user_name','user_name','user_name','input','','','N','Y',NULL,NULL,NULL,NULL,'Y'),(1284,NULL,1115,'user_password','user_password','user_password','input','','','N','Y',NULL,NULL,NULL,NULL,'Y'),(1285,NULL,1115,'deploy_path','deploy_path','deploy_path','input','','','N','Y',NULL,NULL,NULL,NULL,'Y'),(1286,NULL,1116,'user_name','user_name','user_name','input','','','N','Y',NULL,NULL,NULL,NULL,'Y'),(1287,NULL,1116,'user_password','user_password','user_password','input','','','N','Y',NULL,NULL,NULL,NULL,'Y'),(1288,NULL,1116,'deploy_path','deploy_path','deploy_path','input','','','N','Y',NULL,NULL,NULL,NULL,'Y'),(1289,NULL,1117,'user_name','user_name','user_name','input','','','N','Y',NULL,NULL,NULL,NULL,'Y'),(1290,NULL,1117,'user_password','user_password','user_password','input','','','N','Y',NULL,NULL,NULL,NULL,'Y'),(1291,NULL,1117,'deploy_path','deploy_path','deploy_path','input','','','N','Y',NULL,NULL,NULL,NULL,'Y'),(1292,NULL,1137,'\\法人仓储保证金报盘机\\cfg\\OfferingCapitalhnhc.cfge','node_typee','node_typee','input','','','N','Y',NULL,NULL,NULL,NULL,'Y'),(1293,NULL,1137,'\\法人仓储保证金报盘机\\cfg\\OfferingCapitalhnhc.cfge','node_id','node_id','input','','','N','Y',NULL,NULL,NULL,NULL,'Y'),(1294,NULL,1137,'\\法人仓储保证金报盘机\\cfg\\OfferingCapitalhnhc.cfge','host_id','host_id','input','','','N','Y',NULL,NULL,NULL,NULL,'Y'),(1295,NULL,1138,'user_name','user_name','user_name','input','','','N','Y',NULL,NULL,NULL,NULL,'Y'),(1296,NULL,1138,'user_password','user_password','user_password','input','','','N','Y',NULL,NULL,NULL,NULL,'Y'),(1297,NULL,1138,'deploy_path','deploy_path','deploy_path','input','','','N','Y',NULL,NULL,NULL,NULL,'Y'),(1298,NULL,1139,'user_name','user_name','user_name','input','','','N','Y',NULL,NULL,NULL,NULL,'Y'),(1299,NULL,1139,'user_password','user_password','user_password','input','','','N','Y',NULL,NULL,NULL,NULL,'Y'),(1300,NULL,1139,'deploy_path','deploy_path','deploy_path','input','','','N','Y',NULL,NULL,NULL,NULL,'Y'),(1301,NULL,1140,'user_name','user_name','user_name','input','','','N','Y',NULL,NULL,NULL,NULL,'Y'),(1302,NULL,1140,'user_password','user_password','user_password','input','','','N','Y',NULL,NULL,NULL,NULL,'Y'),(1303,NULL,1140,'deploy_path','deploy_path','deploy_path','input','','','N','Y',NULL,NULL,NULL,NULL,'Y'),(1304,NULL,1141,'user_name','user_name','user_name','input','','','N','Y',NULL,NULL,NULL,NULL,'Y'),(1305,NULL,1141,'user_password','user_password','user_password','input','','','N','Y',NULL,NULL,NULL,NULL,'Y'),(1306,NULL,1141,'deploy_path','deploy_path','deploy_path','input','','','N','Y',NULL,NULL,NULL,NULL,'Y'),(1307,NULL,1137,'\\法人仓储保证金报盘机\\cfg\\OfferingCapitalhnhc.cfge','master','master','input','','1','Y','Y',NULL,NULL,NULL,NULL,'Y'),(1308,NULL,1142,'\\OfferingTrade\\cfg\\OfferingTrade.cfg','node_type','node_type','input','','6','Y','N',NULL,NULL,NULL,NULL,'N'),(1309,NULL,1142,'\\OfferingTrade\\cfg\\OfferingTrade.cfg','node_id','node_id','input','','','Y','Y',NULL,NULL,NULL,NULL,'Y'),(1310,NULL,1142,'\\OfferingTrade\\cfg\\OfferingTrade.cfg','host_id','host_id','input','','','Y','Y',NULL,NULL,NULL,NULL,'Y'),(1311,NULL,1142,'\\OfferingTrade\\cfg\\OfferingTrade.cfg','master','master','input','','1','Y','N',NULL,NULL,NULL,NULL,'N'),(1312,NULL,1142,'\\OfferingTrade\\cfg\\OfferingTrade.cfg','reset_time','reset_time','input','','08:00:00','Y','Y',NULL,NULL,NULL,NULL,'Y'),(1313,NULL,1142,'\\OfferingTrade\\cfg\\OfferingTrade.cfg','exchanger.fs_ip_port','exchanger.fs_ip_port','input','','188.31.25.50:7777,188.31.25.60:7777 ','Y','N',NULL,NULL,NULL,NULL,'N'),(1314,NULL,1142,'\\OfferingTrade\\cfg\\OfferingTrade.cfg','exchanger.input_type','exchanger.input_type','input','','0','Y','N',NULL,NULL,NULL,NULL,'N'),(1315,NULL,1142,'\\OfferingTrade\\cfg\\OfferingTrade.cfg','exchanger.cert_password','exchanger.cert_password','input','','','Y','Y',NULL,NULL,NULL,NULL,'Y'),(1316,NULL,1142,'\\OfferingTrade\\cfg\\OfferingTrade.cfg','exchanger.fs_com_id','exchanger.fs_com_id','input','','0','Y','N',NULL,NULL,NULL,NULL,'N'),(1317,NULL,1142,'\\OfferingTrade\\cfg\\OfferingTrade.cfg','exchanger.member_id','exchanger.member_id','input','','','Y','Y',NULL,NULL,NULL,NULL,'Y'),(1318,NULL,1142,'\\OfferingTrade\\cfg\\OfferingTrade.cfg','exchanger.trader','exchanger.trader','input','','','Y','Y',NULL,NULL,NULL,NULL,'Y'),(1319,NULL,1142,'\\OfferingTrade\\cfg\\OfferingTrade.cfg','exchanger.trader_password','exchanger.trader_password','input','','','Y','Y',NULL,NULL,NULL,NULL,'Y'),(1320,NULL,1142,'\\OfferingTrade\\cfg\\OfferingTrade.cfg','exchanger.delete_file','exchanger.delete_file','input','','1','Y','N',NULL,NULL,NULL,NULL,'N'),(1321,NULL,1142,'\\OfferingTrade\\cfg\\OfferingTrade.cfg','exchanger.timer_interval','exchanger.timer_interval','input','','10','Y','N',NULL,NULL,NULL,NULL,'N'),(1322,NULL,1142,'\\OfferingTrade\\cfg\\OfferingTrade.cfg','IFN1S.listen_ip','IFN1S.listen_ip','input','','${this.ip}','Y','N',NULL,NULL,NULL,NULL,'Y'),(1323,NULL,1142,'\\OfferingTrade\\cfg\\OfferingTrade.cfg','IFN1S.listen_port','IFN1S.listen_port','input','','','Y','Y',NULL,NULL,NULL,NULL,'Y'),(1324,NULL,1142,'\\OfferingTrade\\cfg\\OfferingTrade.cfg','IFMS.listen_ip','IFMS.listen_ip','input','','${this.ip}','Y','N',NULL,NULL,NULL,NULL,'Y'),(1325,NULL,1142,'\\OfferingTrade\\cfg\\OfferingTrade.cfg','IFMS.listen_port','IFMS.listen_port','input','','','Y','Y',NULL,NULL,NULL,NULL,'Y'),(1326,NULL,1142,'\\OfferingTrade\\cfg\\OfferingTrade.cfg','IFMC.ip','IFMC.ip','input','','${报盘机B.IP}','Y','N',NULL,NULL,NULL,NULL,'Y'),(1327,NULL,1142,'\\OfferingTrade\\cfg\\OfferingTrade.cfg','IFMC.port','IFMC.port','input','','','Y','Y',NULL,NULL,NULL,NULL,'Y'),(1328,NULL,1142,'\\OfferingTrade\\cfg\\OfferingTrade.cfg','IFH1.ip','IFH1.ip','input','','${监控服务器.IP}','Y','N',NULL,NULL,NULL,NULL,'Y'),(1329,NULL,1142,'\\OfferingTrade\\cfg\\OfferingTrade.cfg','IFH1.port','IFH1.port','input','','','Y','Y',NULL,NULL,NULL,NULL,'Y'),(1330,NULL,1142,'\\OfferingTrade\\cfg\\OfferingTrade.cfg','IFH2.ip','IFH2.ip','input','','${监控服务.IP}','Y','N',NULL,NULL,NULL,NULL,'Y'),(1331,NULL,1142,'\\OfferingTrade\\cfg\\OfferingTrade.cfg','IFK.ip','IFK.ip','input','','${this.ip}','Y','N',NULL,NULL,NULL,NULL,'Y'),(1332,NULL,1142,'\\OfferingTrade\\cfg\\OfferingTrade.cfg','IFK.port','IFK.port','input','','','Y','Y',NULL,NULL,NULL,NULL,'Y'),(1333,NULL,1143,'\\OfferingTrade\\cfg\\OfferingTrade.cfg','node_id','node_id','input','','','Y','Y',NULL,NULL,NULL,NULL,'Y'),(1334,NULL,1143,'\\OfferingTrade\\cfg\\OfferingTrade.cfg','host_id','host_id','input','','','Y','Y',NULL,NULL,NULL,NULL,'Y'),(1335,NULL,1143,'\\OfferingTrade\\cfg\\OfferingTrade.cfg','exchanger.cert_password','exchanger.cert_password','input','','','Y','Y',NULL,NULL,NULL,NULL,'Y'),(1336,NULL,1143,'\\OfferingTrade\\cfg\\OfferingTrade.cfg','exchanger.member_id','exchanger.member_id','input','','','Y','Y',NULL,NULL,NULL,NULL,'Y'),(1337,NULL,1143,'\\OfferingTrade\\cfg\\OfferingTrade.cfg','exchanger.trader','exchanger.trader','input','','','Y','Y',NULL,NULL,NULL,NULL,'Y'),(1338,NULL,1143,'\\OfferingTrade\\cfg\\OfferingTrade.cfg','exchanger.trader_password','exchanger.trader_password','input','','','Y','Y',NULL,NULL,NULL,NULL,'Y'),(1339,NULL,1143,'\\OfferingTrade\\cfg\\OfferingTrade.cfg','IFN1S.listen_ip','IFN1S.listen_ip','input','','${this.ip}','Y','N',NULL,NULL,NULL,NULL,'Y'),(1340,NULL,1143,'\\OfferingTrade\\cfg\\OfferingTrade.cfg','IFN1S.listen_port','IFN1S.listen_port','input','','','Y','Y',NULL,NULL,NULL,NULL,'Y'),(1341,NULL,1143,'\\OfferingTrade\\cfg\\OfferingTrade.cfg','IFMS.listen_ip','IFMS.listen_ip','input','','${this.ip}','Y','N',NULL,NULL,NULL,NULL,'Y'),(1342,NULL,1143,'\\OfferingTrade\\cfg\\OfferingTrade.cfg','IFMS.listen_port','IFMS.listen_port','input','','','Y','Y',NULL,NULL,NULL,NULL,'Y'),(1343,NULL,1143,'\\OfferingTrade\\cfg\\OfferingTrade.cfg','IFMC.ip','IFMC.ip','input','','${报盘机B.ip}','Y','N',NULL,NULL,NULL,NULL,'Y'),(1344,NULL,1143,'\\OfferingTrade\\cfg\\OfferingTrade.cfg','IFMC.port','IFMC.port','input','','','Y','Y',NULL,NULL,NULL,NULL,'Y'),(1345,NULL,1143,'\\OfferingTrade\\cfg\\OfferingTrade.cfg','IFH1.ip','IFH1.ip','input','','${监控服务器.ip}','Y','N',NULL,NULL,NULL,NULL,'Y'),(1346,NULL,1143,'\\OfferingTrade\\cfg\\OfferingTrade.cfg','IFH1.port','IFH1.port','input','','','Y','Y',NULL,NULL,NULL,NULL,'Y'),(1347,NULL,1143,'\\OfferingTrade\\cfg\\OfferingTrade.cfg','IFH2.ip','IFH2.ip','input','','${监控服务器.ip}','Y','N',NULL,NULL,NULL,NULL,'Y'),(1348,NULL,1143,'\\OfferingTrade\\cfg\\OfferingTrade.cfg','IFH2.port','IFH2.port','input','','','Y','Y',NULL,NULL,NULL,NULL,'Y'),(1349,NULL,1143,'\\OfferingTrade\\cfg\\OfferingTrade.cfg','IFK.ip','IFK.ip','input','','${this.ip}','Y','N',NULL,NULL,NULL,NULL,'Y'),(1350,NULL,1143,'\\OfferingTrade\\cfg\\OfferingTrade.cfg','IFK.port','IFK.port','input','','','Y','Y',NULL,NULL,NULL,NULL,'Y'),(1351,NULL,1142,'\\OfferingCapital\\cfg\\OfferingCapital.cfg','node_id','node_id','input','','','Y','Y',NULL,NULL,NULL,NULL,'Y'),(1352,NULL,1142,'\\OfferingCapital\\cfg\\OfferingCapital.cfg','host_id','host_id','input','','','Y','Y',NULL,NULL,NULL,NULL,'Y'),(1353,NULL,1142,'\\OfferingCapital\\cfg\\OfferingCapital.cfg','exchanger.cert_password','exchanger.cert_password','input','','','Y','Y',NULL,NULL,NULL,NULL,'Y'),(1354,NULL,1142,'\\OfferingCapital\\cfg\\OfferingCapital.cfg','exchanger.member_id','exchanger.member_id','input','','','Y','Y',NULL,NULL,NULL,NULL,'Y'),(1355,NULL,1142,'\\OfferingCapital\\cfg\\OfferingCapital.cfg','exchanger.trader','exchanger.trader','input','','','Y','Y',NULL,NULL,NULL,NULL,'Y'),(1356,NULL,1142,'\\OfferingCapital\\cfg\\OfferingCapital.cfg','exchanger.trader_password','exchanger.trader_password','input','','','Y','Y',NULL,NULL,NULL,NULL,'Y'),(1357,NULL,1142,'\\OfferingCapital\\cfg\\OfferingCapital.cfg','IFN1S.listen_ip','IFN1S.listen_ip','input','','${this.ip}','Y','N',NULL,NULL,NULL,NULL,'Y'),(1358,NULL,1142,'\\OfferingCapital\\cfg\\OfferingCapital.cfg','IFN1S.listen_port','IFN1S.listen_port','input','','','Y','Y',NULL,NULL,NULL,NULL,'Y'),(1359,NULL,1142,'\\OfferingCapital\\cfg\\OfferingCapital.cfg','IFMS.listen_ip','IFMS.listen_ip','input','','${this.ip}','Y','N',NULL,NULL,NULL,NULL,'Y'),(1360,NULL,1142,'\\OfferingCapital\\cfg\\OfferingCapital.cfg','IFMS.listen_port','IFMS.listen_port','input','','','Y','Y',NULL,NULL,NULL,NULL,'Y'),(1361,NULL,1142,'\\OfferingCapital\\cfg\\OfferingCapital.cfg','IFMC.ip','IFMC.ip','input','','${报盘机B.ip}','Y','N',NULL,NULL,NULL,NULL,'Y'),(1362,NULL,1142,'\\OfferingCapital\\cfg\\OfferingCapital.cfg','IFMC.port','IFMC.port','input','','','Y','Y',NULL,NULL,NULL,NULL,'Y'),(1363,NULL,1142,'\\OfferingCapital\\cfg\\OfferingCapital.cfg','IFH1.ip','IFH1.ip','input','','${监控服务器.ip}','Y','N',NULL,NULL,NULL,NULL,'Y'),(1364,NULL,1142,'\\OfferingCapital\\cfg\\OfferingCapital.cfg','IFH1.port','IFH1.port','input','','','Y','Y',NULL,NULL,NULL,NULL,'Y'),(1365,NULL,1142,'\\OfferingCapital\\cfg\\OfferingCapital.cfg','IFH2.ip','IFH2.ip','input','','${监控服务器.ip}','Y','N',NULL,NULL,NULL,NULL,'Y'),(1366,NULL,1142,'\\OfferingCapital\\cfg\\OfferingCapital.cfg','IFH2.port','IFH2.port','input','','','Y','Y',NULL,NULL,NULL,NULL,'Y'),(1367,NULL,1142,'\\OfferingCapital\\cfg\\OfferingCapital.cfg','IFK.ip','IFK.ip','input','','${this.ip}','Y','N',NULL,NULL,NULL,NULL,'Y'),(1368,NULL,1142,'\\OfferingCapital\\cfg\\OfferingCapital.cfg','IFK.port','IFK.port','input','','','Y','Y',NULL,NULL,NULL,NULL,'Y'),(1369,NULL,1143,'\\OfferingCapital\\cfg\\OfferingCapital.cfg','node_id','node_id','input','','','Y','Y',NULL,NULL,NULL,NULL,'Y'),(1370,NULL,1143,'\\OfferingCapital\\cfg\\OfferingCapital.cfg','host_id','host_id','input','','','Y','Y',NULL,NULL,NULL,NULL,'Y'),(1371,NULL,1143,'\\OfferingCapital\\cfg\\OfferingCapital.cfg','exchanger.cert_password','exchanger.cert_password','input','','','Y','Y',NULL,NULL,NULL,NULL,'Y'),(1372,NULL,1143,'\\OfferingCapital\\cfg\\OfferingCapital.cfg','exchanger.member_id','exchanger.member_id','input','','','Y','Y',NULL,NULL,NULL,NULL,'Y'),(1373,NULL,1143,'\\OfferingCapital\\cfg\\OfferingCapital.cfg','exchanger.trader','exchanger.trader','input','','','Y','Y',NULL,NULL,NULL,NULL,'Y'),(1374,NULL,1143,'\\OfferingCapital\\cfg\\OfferingCapital.cfg','exchanger.trader_password','exchanger.trader_password','input','','','Y','Y',NULL,NULL,NULL,NULL,'Y'),(1375,NULL,1143,'\\OfferingCapital\\cfg\\OfferingCapital.cfg','IFN1S.listen_ip','IFN1S.listen_ip','input','','${this.ip}','Y','N',NULL,NULL,NULL,NULL,'Y'),(1376,NULL,1143,'\\OfferingCapital\\cfg\\OfferingCapital.cfg','IFN1S.listen_port','IFN1S.listen_port','input','','','Y','Y',NULL,NULL,NULL,NULL,'Y'),(1377,NULL,1143,'\\OfferingCapital\\cfg\\OfferingCapital.cfg','IFMS.listen_ip','IFMS.listen_ip','input','','${this.ip}','Y','N',NULL,NULL,NULL,NULL,'Y'),(1378,NULL,1143,'\\OfferingCapital\\cfg\\OfferingCapital.cfg','IFMS.listen_port','IFMS.listen_port','input','','','Y','Y',NULL,NULL,NULL,NULL,'Y'),(1379,NULL,1143,'\\OfferingCapital\\cfg\\OfferingCapital.cfg','IFMC.ip','IFMC.ip','input','','${报盘机A.ip}','Y','N',NULL,NULL,NULL,NULL,'Y'),(1380,NULL,1143,'\\OfferingCapital\\cfg\\OfferingCapital.cfg','IFMC.port','IFMC.port','input','','','Y','Y',NULL,NULL,NULL,NULL,'Y'),(1381,NULL,1143,'\\OfferingCapital\\cfg\\OfferingCapital.cfg','IFH1.ip','IFH1.ip','input','','${监控服务器.ip}','Y','N',NULL,NULL,NULL,NULL,'Y'),(1382,NULL,1143,'\\OfferingCapital\\cfg\\OfferingCapital.cfg','IFH1.port','IFH1.port','input','','','Y','Y',NULL,NULL,NULL,NULL,'Y'),(1383,NULL,1143,'\\OfferingCapital\\cfg\\OfferingCapital.cfg','IFH2.ip','IFH2.ip','input','','${监控服务器.ip}','Y','N',NULL,NULL,NULL,NULL,'Y'),(1384,NULL,1143,'\\OfferingCapital\\cfg\\OfferingCapital.cfg','IFH2.port','IFH2.port','input','','','Y','Y',NULL,NULL,NULL,NULL,'Y'),(1385,NULL,1143,'\\OfferingCapital\\cfg\\OfferingCapital.cfg','IFK.ip','IFK.ip','input','','${this.ip}','Y','N',NULL,NULL,NULL,NULL,'Y'),(1386,NULL,1143,'\\OfferingCapital\\cfg\\OfferingCapital.cfg','IFK.port','IFK.port','input','','','Y','Y',NULL,NULL,NULL,NULL,'Y'),(1387,NULL,1142,'\\DownloadServer\\gess.properties','LOCAL_HOST_IP','LOCAL_HOST_IP','input','','${this.ip}','Y','N',NULL,NULL,NULL,NULL,'Y'),(1388,NULL,1142,'\\DownloadServer\\gess.properties','GESS_HOST_ID','GESS_HOST_ID','input','','','Y','Y',NULL,NULL,NULL,NULL,'Y'),(1389,NULL,1142,'\\DownloadServer\\gess.properties','GESS_NODE_ID','GESS_NODE_ID','input','','','Y','Y',NULL,NULL,NULL,NULL,'Y'),(1390,NULL,1142,'\\DownloadServer\\gess.properties','MONITOR_LISTEN_IP','MONITOR_LISTEN_IP','input','','${监控服务器.ip}','Y','N',NULL,NULL,NULL,NULL,'Y'),(1391,NULL,1142,'\\DownloadServer\\gess.properties','MONITOR_LISTEN_NODE_PORT','MONITOR_LISTEN_NODE_PORT','input','','','Y','Y',NULL,NULL,NULL,NULL,'Y'),(1392,NULL,1142,'\\DownloadServer\\gess.properties','MONITOR_LISTEN_NODE_BRC_PORT','MONITOR_LISTEN_NODE_BRC_PORT','input','','','Y','Y',NULL,NULL,NULL,NULL,'Y'),(1393,NULL,1142,'\\DownloadServer\\gess.properties','WATCH_DOG_PORT','WATCH_DOG_PORT','input','','','Y','Y',NULL,NULL,NULL,NULL,'Y'),(1394,NULL,1142,'\\DownloadServer\\gess.properties','BOURSE_LIQU_PORT','BOURSE_LIQU_PORT','input','','','Y','Y',NULL,NULL,NULL,NULL,'Y'),(1395,NULL,1143,'\\DownloadServer\\gess.properties','LOCAL_HOST_IP','LOCAL_HOST_IP','input','','${this.ip}','Y','N',NULL,NULL,NULL,NULL,'Y'),(1396,NULL,1143,'\\DownloadServer\\gess.properties','GESS_HOST_ID','GESS_HOST_ID','input','','','Y','Y',NULL,NULL,NULL,NULL,'Y'),(1397,NULL,1143,'\\DownloadServer\\gess.properties','GESS_NODE_ID','GESS_NODE_ID','input','','','Y','Y',NULL,NULL,NULL,NULL,'Y'),(1398,NULL,1143,'\\DownloadServer\\gess.properties','MONITOR_LISTEN_IP','MONITOR_LISTEN_IP','input','','${监控服务器.ip}','Y','N',NULL,NULL,NULL,NULL,'Y'),(1399,NULL,1143,'\\DownloadServer\\gess.properties','MONITOR_LISTEN_NODE_PORT','MONITOR_LISTEN_NODE_PORT','input','','','Y','Y',NULL,NULL,NULL,NULL,'Y'),(1400,NULL,1143,'\\DownloadServer\\gess.properties','MONITOR_LISTEN_NODE_BRC_PORT','MONITOR_LISTEN_NODE_BRC_PORT','input','','','Y','Y',NULL,NULL,NULL,NULL,'Y'),(1401,NULL,1143,'\\DownloadServer\\gess.properties','WATCH_DOG_PORT','WATCH_DOG_PORT','input','','','Y','Y',NULL,NULL,NULL,NULL,'Y'),(1402,NULL,1143,'\\DownloadServer\\gess.properties','BOURSE_LIQU_PORT','BOURSE_LIQU_PORT','input','','','Y','Y',NULL,NULL,NULL,NULL,'Y'),(1403,NULL,1142,'\\HostSupervise\\cfg\\Supervise.cfg','node_id','node_id','input','','','Y','Y',NULL,NULL,NULL,NULL,'Y'),(1404,NULL,1142,'\\HostSupervise\\cfg\\Supervise.cfg','host_id','host_id','input','','','Y','Y',NULL,NULL,NULL,NULL,'Y'),(1405,NULL,1142,'\\HostSupervise\\cfg\\Supervise.cfg','IFH1.ip','IFH1.ip','input','','${监控服务器.IP}','Y','N',NULL,NULL,NULL,NULL,'Y'),(1406,NULL,1142,'\\HostSupervise\\cfg\\Supervise.cfg','IFH1.port','IFH1.port','input','','','Y','Y',NULL,NULL,NULL,NULL,'Y'),(1407,NULL,1142,'\\HostSupervise\\cfg\\Supervise.cfg','IFH2.ip','IFH2.ip','input','','${监控服务器.IP}','Y','N',NULL,NULL,NULL,NULL,'Y'),(1408,NULL,1142,'\\HostSupervise\\cfg\\Supervise.cfg','IFH2.port','IFH2.port','input','','','Y','Y',NULL,NULL,NULL,NULL,'Y'),(1409,NULL,1142,'\\HostSupervise\\cfg\\Supervise.cfg','IFK.listen_ip','IFK.listen_ip','input','','${this.ip}','Y','N',NULL,NULL,NULL,NULL,'Y'),(1410,NULL,1142,'\\HostSupervise\\cfg\\Supervise.cfg','IFK.listen_port','IFK.listen_port','input','','','Y','Y',NULL,NULL,NULL,NULL,'Y'),(1411,NULL,1142,'\\HostSupervise\\cfg\\Supervise.cfg','proccount','proccount','input','','','Y','Y',NULL,NULL,NULL,NULL,'Y'),(1412,NULL,1143,'\\HostSupervise\\cfg\\Supervise.cfg','node_id','node_id','input','','','Y','Y',NULL,NULL,NULL,NULL,'Y'),(1413,NULL,1143,'\\HostSupervise\\cfg\\Supervise.cfg','host_id','host_id','input','','','Y','Y',NULL,NULL,NULL,NULL,'Y'),(1414,NULL,1143,'\\HostSupervise\\cfg\\Supervise.cfg','IFH1.ip','IFH1.ip','input','','${监控服务器.IP}','Y','N',NULL,NULL,NULL,NULL,'Y'),(1415,NULL,1143,'\\HostSupervise\\cfg\\Supervise.cfg','IFH1.port','IFH1.port','input','','','Y','Y',NULL,NULL,NULL,NULL,'Y'),(1416,NULL,1143,'\\HostSupervise\\cfg\\Supervise.cfg','IFH2.ip','IFH2.ip','input','','${监控服务器.IP}','Y','N',NULL,NULL,NULL,NULL,'Y'),(1417,NULL,1143,'\\HostSupervise\\cfg\\Supervise.cfg','IFH2.port','IFH2.port','input','','','Y','Y',NULL,NULL,NULL,NULL,'Y'),(1418,NULL,1143,'\\HostSupervise\\cfg\\Supervise.cfg','IFK.listen_ip','IFK.listen_ip','input','','${监控服务器.IP}','Y','N',NULL,NULL,NULL,NULL,'Y'),(1419,NULL,1143,'\\HostSupervise\\cfg\\Supervise.cfg','IFK.listen_port','IFK.listen_port','input','','','Y','Y',NULL,NULL,NULL,NULL,'Y'),(1420,NULL,1143,'\\HostSupervise\\cfg\\Supervise.cfg','proccount','proccount','input','','','Y','Y',NULL,NULL,NULL,NULL,'Y'),(1421,NULL,1142,'\\OfferingTrade\\cfg\\OfferingTrade.cfg','IFH2.port','IFH2.port','input','','','Y','Y',NULL,NULL,NULL,NULL,'Y'),(1422,NULL,1144,'user_name','user_name','user_name','input','','','N','Y',NULL,NULL,NULL,NULL,'N'),(1423,NULL,1144,'user_password','user_password','user_password','input','','','N','Y',NULL,NULL,NULL,NULL,'N'),(1424,NULL,1144,'deploy_path','deploy_path','deploy_path','input','','','N','Y',NULL,NULL,NULL,NULL,'N'),(1425,NULL,1144,'/GessServer/gess.properties','GESS_HOST_ID','GESS_HOST_ID','input','','','Y','Y',NULL,NULL,NULL,NULL,'Y'),(1426,NULL,1144,'/GessServer/gess.properties','GESS_NODE_ID','GESS_NODE_ID','input','','','Y','Y',NULL,NULL,NULL,NULL,'Y'),(1427,NULL,1144,'/GessServer/gess.properties','DB_URL','DB_URL','input','','','Y','Y',NULL,NULL,NULL,NULL,'Y'),(1428,NULL,1144,'/GessServer/gess.properties','DB_USER','DB_USER','input','','','Y','Y',NULL,NULL,NULL,NULL,'Y'),(1429,NULL,1144,'/GessServer/gess.properties','DB_PASSWORD','DB_PASSWORD','input','','','Y','Y',NULL,NULL,NULL,NULL,'Y'),(1430,NULL,1144,'/GessServer/gess.properties','MONITOR_LISTEN_IP','MONITOR_LISTEN_IP','input','','${监控服务器.IP}','Y','N',NULL,NULL,NULL,NULL,'Y'),(1431,NULL,1144,'/GessServer/gess.properties','MONITOR_LISTEN_NODE_PORT','MONITOR_LISTEN_NODE_PORT','input','','','Y','Y',NULL,NULL,NULL,NULL,'Y'),(1432,NULL,1144,'/GessServer/gess.properties','MONITOR_LISTEN_NODE_BRC_PORT','MONITOR_LISTEN_NODE_BRC_PORT','input','','','Y','Y',NULL,NULL,NULL,NULL,'Y'),(1433,NULL,1144,'/GessServer/gess.properties','WATCH_DOG_PORT','WATCH_DOG_PORT','input','','','Y','Y',NULL,NULL,NULL,NULL,'Y'),(1434,NULL,1144,'/GessServer/gess.properties','CHANNEL_SERVER_LISTEN_PORT','CHANNEL_SERVER_LISTEN_PORT','input','','','Y','Y',NULL,NULL,NULL,NULL,'Y'),(1435,NULL,1144,'/GessServer/gess.properties','TRANS_SERVER_LISTEN_PORT','TRANS_SERVER_LISTEN_PORT','input','','','Y','Y',NULL,NULL,NULL,NULL,'Y'),(1436,NULL,1144,'/GessServer/gess.properties','QUERY_SERVER_LISTEN_PORT','QUERY_SERVER_LISTEN_PORT','input','','','Y','Y',NULL,NULL,NULL,NULL,'Y'),(1437,NULL,1144,'/GessServer/gess.properties','MQRKET_SERVER_LISTEN_PORT','MQRKET_SERVER_LISTEN_PORT','input','','','Y','Y',NULL,NULL,NULL,NULL,'Y'),(1438,NULL,1144,'/GessServer/gess.properties','GSI_OFFERING_ADDRESS_S','GSI_OFFERING_ADDRESS_S','input','','','Y','Y',NULL,NULL,NULL,NULL,'Y'),(1439,NULL,1144,'/GessServer/gess.properties','GSI_LIQU_FILE_DOWN_ADDRESS_S','GSI_LIQU_FILE_DOWN_ADDRESS_S','input','','','Y','Y',NULL,NULL,NULL,NULL,'Y'),(1440,NULL,1144,'/RiskControl/cfg/Risk.cfg','node_type','node_type','input','','','Y','Y',NULL,NULL,NULL,NULL,'N'),(1441,NULL,1144,'/RiskControl/cfg/Risk.cfg','node_id','node_id','input','','','Y','Y',NULL,NULL,NULL,NULL,'Y'),(1442,NULL,1144,'/RiskControl/cfg/Risk.cfg','host_id','host_id','input','','','Y','Y',NULL,NULL,NULL,NULL,'Y'),(1443,NULL,1144,'/RiskControl/cfg/Risk.cfg','user','user','input','','','Y','Y',NULL,NULL,NULL,NULL,'Y'),(1444,NULL,1144,'/RiskControl/cfg/Risk.cfg','pwd','pwd','input','','','Y','Y',NULL,NULL,NULL,NULL,'Y'),(1445,NULL,1144,'/RiskControl/cfg/Risk.cfg','IFK.ip_port','IFK.ip_port','input','','${this.ip}','Y','Y',NULL,NULL,NULL,NULL,'Y'),(1446,NULL,1144,'/RiskControl/cfg/Risk.cfg','IFH1.ip_port','IFH1.ip_port','input','','${监控服务器.ip}','Y','Y',NULL,NULL,NULL,NULL,'Y'),(1447,NULL,1144,'/RiskControl/cfg/Risk.cfg','IFH2.ip_port','IFH2.ip_port','input','','${监控服务器.ip}','Y','Y',NULL,NULL,NULL,NULL,'Y'),(1448,NULL,1144,'/RiskControl/cfg/Risk.cfg','IFA1.ip_port','IFA1.ip_port','input','','${交易服务器A.IP}','Y','Y',NULL,NULL,NULL,NULL,'Y'),(1449,NULL,1144,'/RiskControl/cfg/Risk.cfg','IFA2.ip_port','IFA2.ip_port','input','','${交易服务器A.IP}','Y','Y',NULL,NULL,NULL,NULL,'Y'),(1450,NULL,1144,'/RiskControl/cfg/Risk.cfg','IFF1.listen_ip','IFF1.listen_ip','input','','${this.ip}','Y','N',NULL,NULL,NULL,NULL,'Y'),(1451,NULL,1144,'/RiskControl/cfg/Risk.cfg','IFF1.listen_port','IFF1.listen_port','input','','','Y','Y',NULL,NULL,NULL,NULL,'Y'),(1452,NULL,1144,'/RiskControl/cfg/Risk.cfg','IFF2.listen_ip','IFF2.listen_ip','input','','${this.ip}','Y','N',NULL,NULL,NULL,NULL,'Y'),(1453,NULL,1144,'/RiskControl/cfg/Risk.cfg','IFF2.listen_port','IFF2.listen_port','input','','','Y','Y',NULL,NULL,NULL,NULL,'Y'),(1454,NULL,1144,'/RiskControl/cfg/Risk.cfg','IFCMD.listen_ip','IFCMD.listen_ip','input','','${this.ip}','Y','N',NULL,NULL,NULL,NULL,'Y'),(1455,NULL,1144,'/RiskControl/cfg/Risk.cfg','IFCMD.listen_port','IFCMD.listen_port','input','','','Y','Y',NULL,NULL,NULL,NULL,'Y'),(1456,NULL,1144,'/HostSupervise/monitor.xml','HOST_ID','HOST_ID','input','','','Y','Y',NULL,NULL,NULL,NULL,'Y'),(1457,NULL,1144,'/HostSupervise/monitor.xml','NODE_ID','NODE_ID','input','','','Y','Y',NULL,NULL,NULL,NULL,'Y'),(1458,NULL,1145,'/GessServer/gess.properties','GESS_HOST_ID','GESS_HOST_ID','input','','','Y','Y',NULL,NULL,NULL,NULL,'Y'),(1459,NULL,1145,'/GessServer/gess.properties','GESS_NODE_ID','GESS_NODE_ID','input','','','Y','Y',NULL,NULL,NULL,NULL,'Y'),(1460,NULL,1145,'/GessServer/gess.properties','DB_URL','DB_URL','input','','','Y','Y',NULL,NULL,NULL,NULL,'Y'),(1461,NULL,1145,'/GessServer/gess.properties','DB_USER','DB_USER','input','','','Y','Y',NULL,NULL,NULL,NULL,'Y'),(1462,NULL,1145,'/GessServer/gess.properties','DB_PASSWORD','DB_PASSWORD','input','','','Y','Y',NULL,NULL,NULL,NULL,'Y'),(1463,NULL,1145,'/GessServer/gess.properties','MONITOR_LISTEN_IP','MONITOR_LISTEN_IP','input','','${监控服务器.IP}','Y','N',NULL,NULL,NULL,NULL,'Y'),(1464,NULL,1145,'/GessServer/gess.properties','MONITOR_LISTEN_NODE_PORT','MONITOR_LISTEN_NODE_PORT','input','','','Y','Y',NULL,NULL,NULL,NULL,'Y'),(1465,NULL,1145,'/GessServer/gess.properties','MONITOR_LISTEN_NODE_BRC_PORT','MONITOR_LISTEN_NODE_BRC_PORT','input','','','Y','Y',NULL,NULL,NULL,NULL,'Y'),(1466,NULL,1145,'/GessServer/gess.properties','WATCH_DOG_PORT','WATCH_DOG_PORT','input','','','Y','Y',NULL,NULL,NULL,NULL,'Y'),(1467,NULL,1145,'/GessServer/gess.properties','CHANNEL_SERVER_LISTEN_PORT','CHANNEL_SERVER_LISTEN_PORT','input','','','Y','Y',NULL,NULL,NULL,NULL,'Y'),(1468,NULL,1145,'/GessServer/gess.properties','TRANS_SERVER_LISTEN_PORT','TRANS_SERVER_LISTEN_PORT','input','','','Y','Y',NULL,NULL,NULL,NULL,'Y'),(1469,NULL,1145,'/GessServer/gess.properties','QUERY_SERVER_LISTEN_PORT','QUERY_SERVER_LISTEN_PORT','input','','','Y','Y',NULL,NULL,NULL,NULL,'Y'),(1470,NULL,1145,'/GessServer/gess.properties','MQRKET_SERVER_LISTEN_PORT','MQRKET_SERVER_LISTEN_PORT','input','','','Y','Y',NULL,NULL,NULL,NULL,'Y'),(1471,NULL,1145,'/GessServer/gess.properties','GSI_OFFERING_ADDRESS_S','GSI_OFFERING_ADDRESS_S','input','','','Y','Y',NULL,NULL,NULL,NULL,'Y'),(1472,NULL,1145,'/GessServer/gess.properties','GSI_LIQU_FILE_DOWN_ADDRESS_S','GSI_LIQU_FILE_DOWN_ADDRESS_S','input','','','Y','Y',NULL,NULL,NULL,NULL,'Y'),(1473,NULL,1145,'/RiskControl/cfg/Risk.cfg','node_id','node_id','input','','','Y','Y',NULL,NULL,NULL,NULL,'Y'),(1474,NULL,1145,'/RiskControl/cfg/Risk.cfg','host_id','host_id','input','','','Y','Y',NULL,NULL,NULL,NULL,'Y'),(1475,NULL,1145,'/RiskControl/cfg/Risk.cfg','user','user','input','','','Y','Y',NULL,NULL,NULL,NULL,'Y'),(1476,NULL,1145,'/RiskControl/cfg/Risk.cfg','pwd','pwd','input','','','Y','Y',NULL,NULL,NULL,NULL,'Y'),(1477,NULL,1145,'/RiskControl/cfg/Risk.cfg','IFK.ip_port','IFK.ip_port','input','','${this.ip}','Y','Y',NULL,NULL,NULL,NULL,'Y'),(1478,NULL,1145,'/RiskControl/cfg/Risk.cfg','IFH1.ip_port','IFH1.ip_port','input','','${监控服务器.ip}','Y','Y',NULL,NULL,NULL,NULL,'Y'),(1479,NULL,1145,'/RiskControl/cfg/Risk.cfg','IFH2.ip_port','IFH2.ip_port','input','','${监控服务器.ip}','Y','Y',NULL,NULL,NULL,NULL,'Y'),(1480,NULL,1145,'/RiskControl/cfg/Risk.cfg','IFA1.ip_port','IFA1.ip_port','input','','${交易服务器A.IP}','Y','Y',NULL,NULL,NULL,NULL,'Y'),(1481,NULL,1145,'/RiskControl/cfg/Risk.cfg','IFA2.ip_port','IFA2.ip_port','input','','${交易服务器A.IP}','Y','Y',NULL,NULL,NULL,NULL,'Y'),(1482,NULL,1145,'/RiskControl/cfg/Risk.cfg','IFF1.listen_ip','IFF1.listen_ip','input','','${this.ip}','Y','N',NULL,NULL,NULL,NULL,'Y'),(1483,NULL,1145,'/RiskControl/cfg/Risk.cfg','IFF1.listen_port','IFF1.listen_port','input','','','Y','Y',NULL,NULL,NULL,NULL,'Y'),(1484,NULL,1145,'/RiskControl/cfg/Risk.cfg','IFF2.listen_ip','IFF2.listen_ip','input','','${this.ip}','Y','N',NULL,NULL,NULL,NULL,'Y'),(1485,NULL,1145,'/RiskControl/cfg/Risk.cfg','IFF2.listen_port','IFF2.listen_port','input','','','Y','Y',NULL,NULL,NULL,NULL,'Y'),(1486,NULL,1145,'/RiskControl/cfg/Risk.cfg','IFCMD.listen_ip','IFCMD.listen_ip','input','','${this.ip}','Y','N',NULL,NULL,NULL,NULL,'Y'),(1487,NULL,1145,'/RiskControl/cfg/Risk.cfg','IFCMD.listen_port','IFCMD.listen_port','input','','','Y','Y',NULL,NULL,NULL,NULL,'Y'),(1488,NULL,1145,'/HostSupervise/monitor.xml','HOST_ID','HOST_ID','input','','','Y','Y',NULL,NULL,NULL,NULL,'Y'),(1489,NULL,1145,'/HostSupervise/monitor.xml','NODE_ID','NODE_ID','input','','','Y','Y',NULL,NULL,NULL,NULL,'Y'),(1521,NULL,1146,'/GessServer/gess.properties','GESS_HOST_ID','GESS_HOST_ID','input','','','Y','Y',NULL,NULL,NULL,NULL,'Y'),(1522,NULL,1146,'/GessServer/gess.properties','GESS_NODE_ID','GESS_NODE_ID','input','','','Y','Y',NULL,NULL,NULL,NULL,'Y'),(1523,NULL,1146,'/GessServer/gess.properties','DB_URL','DB_URL','input','','','Y','Y',NULL,NULL,NULL,NULL,'Y'),(1524,NULL,1146,'/GessServer/gess.properties','DB_USER','DB_USER','input','','','Y','Y',NULL,NULL,NULL,NULL,'Y'),(1525,NULL,1146,'/GessServer/gess.properties','DB_PASSWORD','DB_PASSWORD','input','','','Y','Y',NULL,NULL,NULL,NULL,'Y'),(1526,NULL,1146,'/GessServer/gess.properties','MONITOR_LISTEN_IP','MONITOR_LISTEN_IP','input','','${监控服务器.IP}','Y','N',NULL,NULL,NULL,NULL,'Y'),(1527,NULL,1146,'/GessServer/gess.properties','MONITOR_LISTEN_NODE_PORT','MONITOR_LISTEN_NODE_PORT','input','','','Y','Y',NULL,NULL,NULL,NULL,'Y'),(1528,NULL,1146,'/GessServer/gess.properties','MONITOR_LISTEN_NODE_BRC_PORT','MONITOR_LISTEN_NODE_BRC_PORT','input','','','Y','Y',NULL,NULL,NULL,NULL,'Y'),(1529,NULL,1146,'/GessServer/gess.properties','WATCH_DOG_PORT','WATCH_DOG_PORT','input','','','Y','Y',NULL,NULL,NULL,NULL,'Y'),(1530,NULL,1146,'/GessServer/gess.properties','CHANNEL_SERVER_LISTEN_PORT','CHANNEL_SERVER_LISTEN_PORT','input','','','Y','Y',NULL,NULL,NULL,NULL,'Y'),(1531,NULL,1146,'/GessServer/gess.properties','TRANS_SERVER_LISTEN_PORT','TRANS_SERVER_LISTEN_PORT','input','','','Y','Y',NULL,NULL,NULL,NULL,'Y'),(1532,NULL,1146,'/GessServer/gess.properties','QUERY_SERVER_LISTEN_PORT','QUERY_SERVER_LISTEN_PORT','input','','','Y','Y',NULL,NULL,NULL,NULL,'Y'),(1533,NULL,1146,'/GessServer/gess.properties','MQRKET_SERVER_LISTEN_PORT','MQRKET_SERVER_LISTEN_PORT','input','','','Y','Y',NULL,NULL,NULL,NULL,'Y'),(1534,NULL,1146,'/GessServer/gess.properties','GSI_OFFERING_ADDRESS_S','GSI_OFFERING_ADDRESS_S','input','','','Y','Y',NULL,NULL,NULL,NULL,'Y'),(1535,NULL,1146,'/GessServer/gess.properties','GSI_LIQU_FILE_DOWN_ADDRESS_S','GSI_LIQU_FILE_DOWN_ADDRESS_S','input','','','Y','Y',NULL,NULL,NULL,NULL,'Y'),(1536,NULL,1146,'/RiskControl/cfg/Risk.cfg','node_id','node_id','input','','','Y','Y',NULL,NULL,NULL,NULL,'Y'),(1537,NULL,1146,'/RiskControl/cfg/Risk.cfg','host_id','host_id','input','','','Y','Y',NULL,NULL,NULL,NULL,'Y'),(1538,NULL,1146,'/RiskControl/cfg/Risk.cfg','user','user','input','','','Y','Y',NULL,NULL,NULL,NULL,'Y'),(1539,NULL,1146,'/RiskControl/cfg/Risk.cfg','pwd','pwd','input','','','Y','Y',NULL,NULL,NULL,NULL,'Y'),(1540,NULL,1146,'/RiskControl/cfg/Risk.cfg','IFK.ip_port','IFK.ip_port','input','','${this.ip}','Y','Y',NULL,NULL,NULL,NULL,'Y'),(1541,NULL,1146,'/RiskControl/cfg/Risk.cfg','IFH1.ip_port','IFH1.ip_port','input','','${监控服务器.ip}','Y','Y',NULL,NULL,NULL,NULL,'Y'),(1542,NULL,1146,'/RiskControl/cfg/Risk.cfg','IFH2.ip_port','IFH2.ip_port','input','','${监控服务器.ip}','Y','Y',NULL,NULL,NULL,NULL,'Y'),(1543,NULL,1146,'/RiskControl/cfg/Risk.cfg','IFA1.ip_port','IFA1.ip_port','input','','${交易服务器A.IP}','Y','Y',NULL,NULL,NULL,NULL,'Y'),(1544,NULL,1146,'/RiskControl/cfg/Risk.cfg','IFA2.ip_port','IFA2.ip_port','input','','${交易服务器A.IP}','Y','Y',NULL,NULL,NULL,NULL,'Y'),(1545,NULL,1146,'/RiskControl/cfg/Risk.cfg','IFF1.listen_ip','IFF1.listen_ip','input','','${this.ip}','Y','N',NULL,NULL,NULL,NULL,'Y'),(1546,NULL,1146,'/RiskControl/cfg/Risk.cfg','IFF1.listen_port','IFF1.listen_port','input','','','Y','Y',NULL,NULL,NULL,NULL,'Y'),(1547,NULL,1146,'/RiskControl/cfg/Risk.cfg','IFF2.listen_ip','IFF2.listen_ip','input','','${this.ip}','Y','N',NULL,NULL,NULL,NULL,'Y'),(1548,NULL,1146,'/RiskControl/cfg/Risk.cfg','IFF2.listen_port','IFF2.listen_port','input','','','Y','Y',NULL,NULL,NULL,NULL,'Y'),(1549,NULL,1146,'/RiskControl/cfg/Risk.cfg','IFCMD.listen_ip','IFCMD.listen_ip','input','','${this.ip}','Y','N',NULL,NULL,NULL,NULL,'Y'),(1550,NULL,1146,'/RiskControl/cfg/Risk.cfg','IFCMD.listen_port','IFCMD.listen_port','input','','','Y','Y',NULL,NULL,NULL,NULL,'Y'),(1551,NULL,1146,'/HostSupervise/monitor.xml','HOST_ID','HOST_ID','input','','','Y','Y',NULL,NULL,NULL,NULL,'Y'),(1552,NULL,1146,'/HostSupervise/monitor.xml','NODE_ID','NODE_ID','input','','','Y','Y',NULL,NULL,NULL,NULL,'Y'),(1584,NULL,1147,'user_name','user_name','user_name','input','','','N','Y',NULL,NULL,NULL,NULL,'N'),(1585,NULL,1147,'user_password','user_password','user_password','input','','','N','Y',NULL,NULL,NULL,NULL,'N'),(1586,NULL,1147,'deploy_path','deploy_path','deploy_path','input','','','N','Y',NULL,NULL,NULL,NULL,'N'),(1587,NULL,1147,'/GessNetServer/gess.properties',' LOCAL_HOST_IP',' LOCAL_HOST_IP','input','','${this.ip}','Y','N',NULL,NULL,NULL,NULL,'Y'),(1588,NULL,1147,'/GessNetServer/gess.properties','GESS_HOST_ID','GESS_HOST_ID','input','','','Y','Y',NULL,NULL,NULL,NULL,'Y'),(1589,NULL,1147,'/GessNetServer/gess.properties',' GESS_NODE_ID',' GESS_NODE_ID','input','','','Y','Y',NULL,NULL,NULL,NULL,'Y'),(1590,NULL,1147,'/GessNetServer/gess.properties',' MONITOR_LISTEN_IP',' MONITOR_LISTEN_IP','input','','${监控服务器.ip}','Y','N',NULL,NULL,NULL,NULL,'Y'),(1591,NULL,1147,'/GessNetServer/gess.properties',' MONITOR_LISTEN_NODE_PORT',' MONITOR_LISTEN_NODE_PORT','input','','30000','Y','Y',NULL,NULL,NULL,NULL,'Y'),(1592,NULL,1147,'/GessNetServer/gess.properties',' MONITOR_LISTEN_NODE_BRC_PORT',' MONITOR_LISTEN_NODE_BRC_PORT','input','','31000','Y','Y',NULL,NULL,NULL,NULL,'Y'),(1593,NULL,1147,'/GessNetServer/gess.properties','WATCH_DOG_PORT','WATCH_DOG_PORT','input','','','Y','Y',NULL,NULL,NULL,NULL,'Y'),(1594,NULL,1147,'/GessNetServer/gess.properties','TRANSACT_LISTEN_PORT_S','TRANSACT_LISTEN_PORT_S','input','','','Y','Y',NULL,NULL,NULL,NULL,'Y'),(1595,NULL,1147,'/GessNetServer/gess.properties','TRANSACT_PARENT_ADDRESS_S_15600','TRANSACT_PARENT_ADDRESS_S_15600','input','','','Y','Y',NULL,NULL,NULL,NULL,'Y'),(1596,NULL,1147,'/GessNetServer/gess.properties',' TRANSACT_PARENT_ADDRESS_S_16600',' TRANSACT_PARENT_ADDRESS_S_16600','input','','','Y','Y',NULL,NULL,NULL,NULL,'Y'),(1597,NULL,1147,'/GessNetServer/gess.properties','TRANSACT_PARENT_ADDRESS_S_20600','TRANSACT_PARENT_ADDRESS_S_20600','input','','','Y','Y',NULL,NULL,NULL,NULL,'Y'),(1598,NULL,1147,'/GessNetServer/gess.properties','BROADCAST_LISTEN_PORT','BROADCAST_LISTEN_PORT','input','','','Y','Y',NULL,NULL,NULL,NULL,'Y'),(1599,NULL,1147,'/GessNetServer/gess.properties',' BROADCAST_PARENT_ADDRESS_1',' BROADCAST_PARENT_ADDRESS_1','input','','','Y','Y',NULL,NULL,NULL,NULL,'Y'),(1600,NULL,1147,'/GessNetServer/gess.properties',' BROADCAST_PARENT_ADDRESS_2',' BROADCAST_PARENT_ADDRESS_2','input','','','Y','Y',NULL,NULL,NULL,NULL,'Y'),(1601,NULL,1147,'/GessNetServer/gess.properties','SECURITY_LISTEN_PORT','SECURITY_LISTEN_PORT','input','','','Y','Y',NULL,NULL,NULL,NULL,'Y'),(1602,NULL,1147,'/GessNetServer/gess.properties',' SECURITY_PARENT_ADDRESS_S',' SECURITY_PARENT_ADDRESS_S','input','','','Y','Y',NULL,NULL,NULL,NULL,'N'),(1603,NULL,1147,'/GessNetServer/gess.properties',' SECURITY_PARENT_ADDRESS_S',' SECURITY_PARENT_ADDRESS_S','input','','','Y','Y',NULL,NULL,NULL,NULL,'Y'),(1604,NULL,1147,'/GessNetServer/gess.properties','DOWNLOAD_LISTEN_PORT','DOWNLOAD_LISTEN_PORT','input','','','Y','Y',NULL,NULL,NULL,NULL,'Y'),(1605,NULL,1147,'/GessNetServer/gess.properties','DOWNLOAD_LISTEN_PORT ','DOWNLOAD_LISTEN_PORT ','input','','','Y','Y',NULL,NULL,NULL,NULL,'N'),(1606,NULL,1147,'/GessNetServer/gess.properties','DOWNLOAD_LISTEN_PORT ','DOWNLOAD_LISTEN_PORT ','input','','','Y','Y',NULL,NULL,NULL,NULL,'N'),(1607,NULL,1147,'/MGessNetServer/gess.properties','LOCAL_HOST_IP','LOCAL_HOST_IP','input','','${this.ip}','Y','N',NULL,NULL,NULL,NULL,'Y'),(1608,NULL,1147,'/MGessNetServer/gess.properties','GESS_HOST_ID','GESS_HOST_ID','input','','','Y','Y',NULL,NULL,NULL,NULL,'Y'),(1609,NULL,1147,'/MGessNetServer/gess.properties','GESS_NODE_ID','GESS_NODE_ID','input','','','Y','Y',NULL,NULL,NULL,NULL,'Y'),(1610,NULL,1147,'/MGessNetServer/gess.properties','MONITOR_LISTEN_IP','MONITOR_LISTEN_IP','input','','${监控服务器.ip}','Y','N',NULL,NULL,NULL,NULL,'Y'),(1611,NULL,1147,'/MGessNetServer/gess.properties','MONITOR_LISTEN_NODE_PORT','MONITOR_LISTEN_NODE_PORT','input','','30000','Y','Y',NULL,NULL,NULL,NULL,'Y'),(1612,NULL,1147,'/MGessNetServer/gess.properties','MONITOR_LISTEN_NODE_BRC_PORT','MONITOR_LISTEN_NODE_BRC_PORT','input','','31000','Y','Y',NULL,NULL,NULL,NULL,'Y'),(1613,NULL,1147,'/MGessNetServer/gess.properties','WATCH_DOG_PORT','WATCH_DOG_PORT','input','','','Y','Y',NULL,NULL,NULL,NULL,'Y'),(1614,NULL,1147,'/MGessNetServer/gess.properties','TRANSACT_LISTEN_PORT_S','TRANSACT_LISTEN_PORT_S','input','','','Y','Y',NULL,NULL,NULL,NULL,'Y'),(1615,NULL,1147,'/MGessNetServer/gess.properties','TRANSACT_PARENT_ADDRESS_S_25600','TRANSACT_PARENT_ADDRESS_S_25600','input','','','Y','Y',NULL,NULL,NULL,NULL,'Y'),(1616,NULL,1147,'/MGessNetServer/gess.properties','TRANSACT_PARENT_ADDRESS_S_26600','TRANSACT_PARENT_ADDRESS_S_26600','input','','','Y','Y',NULL,NULL,NULL,NULL,'Y'),(1617,NULL,1147,'/MGessNetServer/gess.properties','TRANSACT_PARENT_ADDRESS_S_30600','TRANSACT_PARENT_ADDRESS_S_30600','input','','','Y','Y',NULL,NULL,NULL,NULL,'Y'),(1618,NULL,1147,'/MGessNetServer/gess.properties','BROADCAST_LISTEN_PORT','BROADCAST_LISTEN_PORT','input','','','Y','Y',NULL,NULL,NULL,NULL,'Y'),(1619,NULL,1147,'/MGessNetServer/gess.properties','BROADCAST_PARENT_ADDRESS_1','BROADCAST_PARENT_ADDRESS_1','input','','','Y','Y',NULL,NULL,NULL,NULL,'Y'),(1620,NULL,1147,'/MGessNetServer/gess.properties','BROADCAST_PARENT_ADDRESS_2','BROADCAST_PARENT_ADDRESS_2','input','','','Y','Y',NULL,NULL,NULL,NULL,'Y'),(1621,NULL,1147,'/MGessNetServer/gess.properties','SECURITY_LISTEN_PORT','SECURITY_LISTEN_PORT','input','','','Y','Y',NULL,NULL,NULL,NULL,'Y'),(1622,NULL,1147,'/MGessNetServer/gess.properties','SECURITY_PARENT_ADDRESS_S','SECURITY_PARENT_ADDRESS_S','input','','','Y','Y',NULL,NULL,NULL,NULL,'Y'),(1623,NULL,1147,'/MGessNetServer/gess.properties','DOWNLOAD_LISTEN_PORT','DOWNLOAD_LISTEN_PORT','input','','','Y','Y',NULL,NULL,NULL,NULL,'Y'),(1624,NULL,1147,'/MGessNetServer/gess.properties','HOST_ID','HOST_ID','input','','','Y','Y',NULL,NULL,NULL,NULL,'Y'),(1625,NULL,1147,'/MGessNetServer/gess.properties','NODE_ID','NODE_ID','input','','','Y','Y',NULL,NULL,NULL,NULL,'Y'),(1626,NULL,1147,'/MGessNetServer/gess.properties','LISTEN_PORT','LISTEN_PORT','input','','','Y','Y',NULL,NULL,NULL,NULL,'Y'),(1627,NULL,1147,'/MGessNetServer/gess.properties','H1_IP','H1_IP','input','','${监控服务器.ip}','Y','N',NULL,NULL,NULL,NULL,'Y'),(1628,NULL,1147,'/MGessNetServer/gess.properties','H1_PORT','H1_PORT','input','','30000','Y','Y',NULL,NULL,NULL,NULL,'Y'),(1629,NULL,1147,'/MGessNetServer/gess.properties','H2_IP','H2_IP','input','','${监控服务器.ip}','Y','N',NULL,NULL,NULL,NULL,'Y'),(1630,NULL,1147,'/MGessNetServer/gess.properties','H2_PORT','H2_PORT','input','','31000','Y','Y',NULL,NULL,NULL,NULL,'Y'),(1631,NULL,1148,'/GessNetServer/gess.properties',' LOCAL_HOST_IP',' LOCAL_HOST_IP','input','','${this.ip}','Y','N',NULL,NULL,NULL,NULL,'Y'),(1632,NULL,1148,'/GessNetServer/gess.properties','GESS_HOST_ID','GESS_HOST_ID','input','','','N','Y',NULL,NULL,NULL,NULL,'Y'),(1633,NULL,1148,'/GessNetServer/gess.properties',' GESS_NODE_ID',' GESS_NODE_ID','input','','','N','Y',NULL,NULL,NULL,NULL,'Y'),(1634,NULL,1148,'/GessNetServer/gess.properties',' MONITOR_LISTEN_IP',' MONITOR_LISTEN_IP','input','','${监控服务器.ip}','Y','N',NULL,NULL,NULL,NULL,'Y'),(1635,NULL,1148,'/GessNetServer/gess.properties',' MONITOR_LISTEN_NODE_PORT',' MONITOR_LISTEN_NODE_PORT','input','','30000','Y','Y',NULL,NULL,NULL,NULL,'Y'),(1636,NULL,1148,'/GessNetServer/gess.properties',' MONITOR_LISTEN_NODE_BRC_PORT',' MONITOR_LISTEN_NODE_BRC_PORT','input','','31000','Y','Y',NULL,NULL,NULL,NULL,'Y'),(1637,NULL,1148,'/GessNetServer/gess.properties','WATCH_DOG_PORT','WATCH_DOG_PORT','input','','','N','Y',NULL,NULL,NULL,NULL,'Y'),(1638,NULL,1148,'/GessNetServer/gess.properties','TRANSACT_LISTEN_PORT_S','TRANSACT_LISTEN_PORT_S','input','','','N','Y',NULL,NULL,NULL,NULL,'Y'),(1639,NULL,1148,'/GessNetServer/gess.properties','TRANSACT_PARENT_ADDRESS_S_15600','TRANSACT_PARENT_ADDRESS_S_15600','input','','','N','Y',NULL,NULL,NULL,NULL,'Y'),(1640,NULL,1148,'/GessNetServer/gess.properties',' TRANSACT_PARENT_ADDRESS_S_16600',' TRANSACT_PARENT_ADDRESS_S_16600','input','','','N','Y',NULL,NULL,NULL,NULL,'Y'),(1641,NULL,1148,'/GessNetServer/gess.properties','TRANSACT_PARENT_ADDRESS_S_20600','TRANSACT_PARENT_ADDRESS_S_20600','input','','','N','Y',NULL,NULL,NULL,NULL,'Y'),(1642,NULL,1148,'/GessNetServer/gess.properties','BROADCAST_LISTEN_PORT','BROADCAST_LISTEN_PORT','input','','','N','Y',NULL,NULL,NULL,NULL,'Y'),(1643,NULL,1148,'/GessNetServer/gess.properties',' BROADCAST_PARENT_ADDRESS_1',' BROADCAST_PARENT_ADDRESS_1','input','','','N','Y',NULL,NULL,NULL,NULL,'Y'),(1644,NULL,1148,'/GessNetServer/gess.properties',' BROADCAST_PARENT_ADDRESS_2',' BROADCAST_PARENT_ADDRESS_2','input','','','N','Y',NULL,NULL,NULL,NULL,'Y'),(1645,NULL,1148,'/GessNetServer/gess.properties','SECURITY_LISTEN_PORT','SECURITY_LISTEN_PORT','input','','','N','Y',NULL,NULL,NULL,NULL,'Y'),(1646,NULL,1148,'/GessNetServer/gess.properties',' SECURITY_PARENT_ADDRESS_S',' SECURITY_PARENT_ADDRESS_S','input','','','N','Y',NULL,NULL,NULL,NULL,'Y'),(1647,NULL,1148,'/GessNetServer/gess.properties','DOWNLOAD_LISTEN_PORT','DOWNLOAD_LISTEN_PORT','input','','','N','Y',NULL,NULL,NULL,NULL,'Y'),(1648,NULL,1148,'/MGessNetServer/gess.properties','LOCAL_HOST_IP','LOCAL_HOST_IP','input','','${this.ip}','Y','N',NULL,NULL,NULL,NULL,'Y'),(1649,NULL,1148,'/MGessNetServer/gess.properties','GESS_HOST_ID','GESS_HOST_ID','input','','','N','Y',NULL,NULL,NULL,NULL,'Y'),(1650,NULL,1148,'/MGessNetServer/gess.properties','GESS_NODE_ID','GESS_NODE_ID','input','','','N','Y',NULL,NULL,NULL,NULL,'Y'),(1651,NULL,1148,'/MGessNetServer/gess.properties','MONITOR_LISTEN_IP','MONITOR_LISTEN_IP','input','','${监控服务器.ip}','Y','N',NULL,NULL,NULL,NULL,'Y'),(1652,NULL,1148,'/MGessNetServer/gess.properties','MONITOR_LISTEN_NODE_PORT','MONITOR_LISTEN_NODE_PORT','input','','30000','Y','Y',NULL,NULL,NULL,NULL,'Y'),(1653,NULL,1148,'/MGessNetServer/gess.properties','MONITOR_LISTEN_NODE_BRC_PORT','MONITOR_LISTEN_NODE_BRC_PORT','input','','31000','Y','Y',NULL,NULL,NULL,NULL,'Y'),(1654,NULL,1148,'/MGessNetServer/gess.properties','WATCH_DOG_PORT','WATCH_DOG_PORT','input','','','N','Y',NULL,NULL,NULL,NULL,'Y'),(1655,NULL,1148,'/MGessNetServer/gess.properties','TRANSACT_LISTEN_PORT_S','TRANSACT_LISTEN_PORT_S','input','','','N','Y',NULL,NULL,NULL,NULL,'Y'),(1656,NULL,1148,'/MGessNetServer/gess.properties','TRANSACT_PARENT_ADDRESS_S_25600','TRANSACT_PARENT_ADDRESS_S_25600','input','','','N','Y',NULL,NULL,NULL,NULL,'Y'),(1657,NULL,1148,'/MGessNetServer/gess.properties','TRANSACT_PARENT_ADDRESS_S_26600','TRANSACT_PARENT_ADDRESS_S_26600','input','','','N','Y',NULL,NULL,NULL,NULL,'Y'),(1658,NULL,1148,'/MGessNetServer/gess.properties','TRANSACT_PARENT_ADDRESS_S_30600','TRANSACT_PARENT_ADDRESS_S_30600','input','','','N','Y',NULL,NULL,NULL,NULL,'Y'),(1659,NULL,1148,'/MGessNetServer/gess.properties','BROADCAST_LISTEN_PORT','BROADCAST_LISTEN_PORT','input','','','N','Y',NULL,NULL,NULL,NULL,'Y'),(1660,NULL,1148,'/MGessNetServer/gess.properties','BROADCAST_PARENT_ADDRESS_1','BROADCAST_PARENT_ADDRESS_1','input','','','N','Y',NULL,NULL,NULL,NULL,'Y'),(1661,NULL,1148,'/MGessNetServer/gess.properties','BROADCAST_PARENT_ADDRESS_2','BROADCAST_PARENT_ADDRESS_2','input','','','N','Y',NULL,NULL,NULL,NULL,'Y'),(1662,NULL,1148,'/MGessNetServer/gess.properties','SECURITY_LISTEN_PORT','SECURITY_LISTEN_PORT','input','','','N','Y',NULL,NULL,NULL,NULL,'Y'),(1663,NULL,1148,'/MGessNetServer/gess.properties','SECURITY_PARENT_ADDRESS_S','SECURITY_PARENT_ADDRESS_S','input','','','N','Y',NULL,NULL,NULL,NULL,'Y'),(1664,NULL,1148,'/MGessNetServer/gess.properties','DOWNLOAD_LISTEN_PORT','DOWNLOAD_LISTEN_PORT','input','','','N','Y',NULL,NULL,NULL,NULL,'Y'),(1665,NULL,1148,'/MGessNetServer/gess.properties','HOST_ID','HOST_ID','input','','','N','Y',NULL,NULL,NULL,NULL,'Y'),(1666,NULL,1148,'/MGessNetServer/gess.properties','NODE_ID','NODE_ID','input','','','N','Y',NULL,NULL,NULL,NULL,'Y'),(1667,NULL,1148,'/MGessNetServer/gess.properties','LISTEN_PORT','LISTEN_PORT','input','','','N','Y',NULL,NULL,NULL,NULL,'Y'),(1668,NULL,1148,'/MGessNetServer/gess.properties','H1_IP','H1_IP','input','','${监控服务器.ip}','Y','N',NULL,NULL,NULL,NULL,'Y'),(1669,NULL,1148,'/MGessNetServer/gess.properties','H1_PORT','H1_PORT','input','','30000','Y','Y',NULL,NULL,NULL,NULL,'Y'),(1670,NULL,1148,'/MGessNetServer/gess.properties','H2_IP','H2_IP','input','','${监控服务器.ip}','Y','N',NULL,NULL,NULL,NULL,'Y'),(1671,NULL,1148,'/MGessNetServer/gess.properties','H2_PORT','H2_PORT','input','','31000','Y','Y',NULL,NULL,NULL,NULL,'Y'),(1694,NULL,1149,'/GessServer/gess.properties','GESS_HOST_ID','GESS_HOST_ID','input','','','N','Y',NULL,NULL,NULL,NULL,'Y'),(1695,NULL,1149,'/GessServer/gess.properties','GESS_NODE_ID','GESS_NODE_ID','input','','','N','Y',NULL,NULL,NULL,NULL,'Y'),(1696,NULL,1149,'/GessServer/gess.properties','DB_URL','DB_URL','input','','','N','Y',NULL,NULL,NULL,NULL,'Y'),(1697,NULL,1149,'/GessServer/gess.properties','DB_USER','DB_USER','input','','gesscs','N','Y',NULL,NULL,NULL,NULL,'Y'),(1698,NULL,1149,'/GessServer/gess.properties','DB_PASSWORD','DB_PASSWORD','input','','BHMz9oj4bWU=','N','Y',NULL,NULL,NULL,NULL,'Y'),(1699,NULL,1149,'/GessServer/gess.properties','MONITOR_LISTEN_IP','MONITOR_LISTEN_IP','input','','${监控服务器.IP}','N','N',NULL,NULL,NULL,NULL,'Y'),(1700,NULL,1149,'/GessServer/gess.properties','MONITOR_LISTEN_NODE_PORT','MONITOR_LISTEN_NODE_PORT','input','','30000','N','Y',NULL,NULL,NULL,NULL,'Y'),(1701,NULL,1149,'/GessServer/gess.properties','MONITOR_LISTEN_NODE_BRC_PORT','MONITOR_LISTEN_NODE_BRC_PORT','input','','31000','N','Y',NULL,NULL,NULL,NULL,'Y'),(1702,NULL,1149,'/GessServer/gess.properties','WATCH_DOG_PORT','WATCH_DOG_PORT','input','','','N','Y',NULL,NULL,NULL,NULL,'Y'),(1703,NULL,1149,'/GessServer/gess.properties','CHANNEL_SERVER_LISTEN_PORT','CHANNEL_SERVER_LISTEN_PORT','input','','','N','Y',NULL,NULL,NULL,NULL,'Y'),(1704,NULL,1149,'/GessServer/gess.properties','TRANS_SERVER_LISTEN_PORT','TRANS_SERVER_LISTEN_PORT','input','','','N','Y',NULL,NULL,NULL,NULL,'Y'),(1705,NULL,1149,'/GessServer/gess.properties','QUERY_SERVER_LISTEN_PORT','QUERY_SERVER_LISTEN_PORT','input','','','N','Y',NULL,NULL,NULL,NULL,'Y'),(1706,NULL,1149,'/GessServer/gess.properties','MQRKET_SERVER_LISTEN_PORT','MQRKET_SERVER_LISTEN_PORT','input','','','N','Y',NULL,NULL,NULL,NULL,'Y'),(1707,NULL,1149,'/GessServer/gess.properties','GSI_OFFERING_ADDRESS_S','GSI_OFFERING_ADDRESS_S','input','','','N','Y',NULL,NULL,NULL,NULL,'Y'),(1708,NULL,1149,'/GessServer/gess.properties','GSI_LIQU_FILE_DOWN_ADDRESS_S','GSI_LIQU_FILE_DOWN_ADDRESS_S','input','','','N','Y',NULL,NULL,NULL,NULL,'Y'),(1709,NULL,1149,'/RiskControl/cfg/Risk.cfg','node_id','node_id','input','','','N','Y',NULL,NULL,NULL,NULL,'Y'),(1710,NULL,1149,'/RiskControl/cfg/Risk.cfg','host_id','host_id','input','','','N','Y',NULL,NULL,NULL,NULL,'Y'),(1711,NULL,1149,'/RiskControl/cfg/Risk.cfg','user','user','input','','gesscs','N','Y',NULL,NULL,NULL,NULL,'Y'),(1712,NULL,1149,'/RiskControl/cfg/Risk.cfg','pwd','pwd','input','','OaOxS2YGxIg=','N','Y',NULL,NULL,NULL,NULL,'Y'),(1713,NULL,1149,'/RiskControl/cfg/Risk.cfg','IFK.ip_port','IFK.ip_port','input','','','N','Y',NULL,NULL,NULL,NULL,'Y'),(1714,NULL,1149,'/RiskControl/cfg/Risk.cfg','IFH1.ip_port','IFH1.ip_port','input','','','N','Y',NULL,NULL,NULL,NULL,'Y'),(1715,NULL,1149,'/RiskControl/cfg/Risk.cfg','IFH2.ip_port','IFH2.ip_port','input','','','N','Y',NULL,NULL,NULL,NULL,'Y'),(1716,NULL,1149,'/RiskControl/cfg/Risk.cfg','IFA1.ip_port','IFA1.ip_port','input','','','N','Y',NULL,NULL,NULL,NULL,'Y'),(1717,NULL,1149,'/RiskControl/cfg/Risk.cfg','IFA2.ip_port','IFA2.ip_port','input','','','N','Y',NULL,NULL,NULL,NULL,'Y'),(1718,NULL,1149,'/RiskControl/cfg/Risk.cfg','IFF1.listen_ip','IFF1.listen_ip','input','','${this.ip}','N','N',NULL,NULL,NULL,NULL,'Y'),(1719,NULL,1149,'/RiskControl/cfg/Risk.cfg','IFF1.listen_port','IFF1.listen_port','input','','','N','Y',NULL,NULL,NULL,NULL,'Y'),(1720,NULL,1149,'/RiskControl/cfg/Risk.cfg','IFF2.listen_ip','IFF2.listen_ip','input','','${this.ip}','N','N',NULL,NULL,NULL,NULL,'Y'),(1721,NULL,1149,'/RiskControl/cfg/Risk.cfg','IFF2.listen_port','IFF2.listen_port','input','','','N','Y',NULL,NULL,NULL,NULL,'Y'),(1722,NULL,1149,'/RiskControl/cfg/Risk.cfg','IFCMD.listen_ip','IFCMD.listen_ip','input','','${this.ip}','N','N',NULL,NULL,NULL,NULL,'Y'),(1723,NULL,1149,'/RiskControl/cfg/Risk.cfg','IFCMD.listen_port','IFCMD.listen_port','input','','','N','Y',NULL,NULL,NULL,NULL,'Y'),(1724,NULL,1149,'/HostSupervise/monitor.xml','HOST_ID','HOST_ID','input','','','N','Y',NULL,NULL,NULL,NULL,'Y'),(1725,NULL,1149,'/HostSupervise/monitor.xml','NODE_ID','NODE_ID','input','','','N','Y',NULL,NULL,NULL,NULL,'Y'),(1757,NULL,1149,'/HostSupervise/monitor.xml','LISTEN_PORT','LISTEN_PORT','input','','','N','Y',NULL,NULL,NULL,NULL,'Y'),(1758,NULL,1149,'/HostSupervise/monitor.xml','H1_IP','H1_IP','input','','${监控服务器.ip}','N','N',NULL,NULL,NULL,NULL,'Y'),(1759,NULL,1149,'/HostSupervise/monitor.xml','H1_PORT','H1_PORT','input','','30000','N','Y',NULL,NULL,NULL,NULL,'Y'),(1760,NULL,1149,'/HostSupervise/monitor.xml','H2_IP','H2_IP','input','','${监控服务器.ip}','N','N',NULL,NULL,NULL,NULL,'Y'),(1761,NULL,1149,'/HostSupervise/monitor.xml','H2_PORT','H2_PORT','input','','31000','N','Y',NULL,NULL,NULL,NULL,'Y'),(1762,NULL,1150,'foundation_sql','foundation_sql','foundation_sql','input','','','Y','Y',NULL,NULL,NULL,NULL,'Y'),(1763,NULL,1150,'user_key','user_key','user_key','input','','','Y','Y',NULL,NULL,NULL,NULL,'Y'),(1764,NULL,1150,'password_key','password_key','password_key','input','','','Y','Y',NULL,NULL,NULL,NULL,'Y'),(1765,NULL,1153,'foundation_sql','foundation_sql','foundation_sql','input','','1.sql,2.sql','Y','Y',NULL,NULL,NULL,NULL,'Y'),(1766,NULL,1153,'user_key','user_key','user_key','input','','test11','Y','Y',NULL,NULL,NULL,NULL,'Y'),(1767,NULL,1153,'password_key','password_key','password_key','input','','test11','Y','Y',NULL,NULL,NULL,NULL,'Y'),(1768,NULL,1153,'password_key','tablespace_key_DATA_01','tablespace_key_DATA_01','input','','TS_GESS_DATA_01','N','Y',NULL,NULL,NULL,NULL,'Y'),(1769,NULL,1153,'password_key','tablespace_key_IDX_01','tablespace_key_IDX_01','input','','TS_GESS_IDX_01','N','Y',NULL,NULL,NULL,NULL,'Y'),(1770,NULL,1153,'password_key','tablespace_key_DATA_02','tablespace_key_DATA_02','input','','TS_GESS_DATA_02','N','Y',NULL,NULL,NULL,NULL,'Y'),(1771,NULL,1153,'password_key','tablespace_key_IDX_02','tablespace_key_IDX_02','input','','TS_GESS_IDX_02','N','Y',NULL,NULL,NULL,NULL,'Y'),(1772,NULL,1153,'password_key','tablespace_key_DATA_03','tablespace_key_DATA_03','input','','TS_GESS_DATA_03','N','Y',NULL,NULL,NULL,NULL,'Y'),(1773,NULL,1153,'password_key','tablespace_key_IDX_03','tablespace_key_IDX_03','input','','TS_GESS_IDX_03','N','Y',NULL,NULL,NULL,NULL,'Y'),(1774,NULL,1153,'password_key','other_replace_key_path','other_replace_key_path','input','','yptdb','N','Y',NULL,NULL,NULL,NULL,'Y'),(1775,NULL,1153,'password_key','charset_name','charset_name','input','','gbk','N','N',NULL,NULL,NULL,NULL,'Y'),(1776,NULL,1154,'foundation_sql','foundation_sql','foundation_sql','input','','','Y','Y',NULL,NULL,NULL,NULL,'Y'),(1777,NULL,1154,'user_key','user_key','user_key','input','','','Y','Y',NULL,NULL,NULL,NULL,'Y'),(1778,NULL,1154,'password_key','password_key','password_key','input','','','Y','Y',NULL,NULL,NULL,NULL,'Y');

/*Table structure for table `artifact_property_value` */

DROP TABLE IF EXISTS `artifact_property_value`;

CREATE TABLE `artifact_property_value` (
  `ID` bigint(20) NOT NULL AUTO_INCREMENT,
  `ARTIFACT_PROPERTY_ID` bigint(20) DEFAULT NULL COMMENT '所属工件属性ID',
  `OWNER_TYPE` varchar(250) DEFAULT NULL COMMENT '所有者类型：工件模板、节点工件、节点工件实例',
  `OWNER_ID` bigint(20) DEFAULT NULL COMMENT '所有者ID',
  `VALUE` varchar(250) DEFAULT NULL COMMENT '属性值',
  PRIMARY KEY (`ID`)
) ENGINE=InnoDB AUTO_INCREMENT=15463 DEFAULT CHARSET=utf8;

/*Data for the table `artifact_property_value` */

insert  into `artifact_property_value`(`ID`,`ARTIFACT_PROPERTY_ID`,`OWNER_TYPE`,`OWNER_ID`,`VALUE`) values (7513,1158,'node_artifact',1167,'10.204.120.175'),(7514,1159,'node_artifact',1167,'10.204.120.152'),(7515,1160,'node_artifact',1167,'10.204.120.159:15000'),(7516,1161,'node_artifact',1167,'10.204.120.159:16000'),(7517,1162,'node_artifact',1167,'10.204.120.159:20000'),(7518,1163,'node_artifact',1167,'10.204.120.159:17000'),(7519,1164,'node_artifact',1167,'10.204.120.159:21000'),(7520,1165,'node_artifact',1167,'10.204.120.159:15000'),(7521,1166,'node_artifact',1167,'13'),(7522,1167,'node_artifact',1167,'1104'),(7523,1168,'node_artifact',1167,'10.204.120.152'),(7524,1169,'node_artifact',1167,'30000'),(7525,1170,'node_artifact',1167,'10.204.120.152'),(7526,1171,'node_artifact',1167,'31000'),(7527,1172,'node_artifact',1167,'49000'),(7543,1140,'node_artifact',1168,'10.204.120.152'),(7544,1141,'node_artifact',1168,'10.204.120.153:18250,10.204.120.153:18260'),(7545,1142,'node_artifact',1168,'10.204.120.153:18299'),(7546,1143,'node_artifact',1168,'jdbc:oracle:thin:@10.204.120.155:1521:gessdb'),(7547,1144,'node_artifact',1168,'10.204.120.152:30000'),(7548,1145,'node_artifact',1168,'10.204.120.152:31000'),(7549,1146,'node_artifact',1168,'10.204.120.159:17000'),(7550,1147,'node_artifact',1168,'10.204.120.159:15000'),(7551,1148,'node_artifact',1168,'10.204.120.159'),(7552,1149,'node_artifact',1168,'10.204.120.159'),(7553,1150,'node_artifact',1168,'10.204.120.159'),(7554,1151,'node_artifact',1168,'11'),(7555,1152,'node_artifact',1168,'1102'),(7556,1153,'node_artifact',1168,'10.204.120.152'),(7557,1154,'node_artifact',1168,'30000'),(7558,1155,'node_artifact',1168,'10.204.120.152'),(7559,1156,'node_artifact',1168,'31000'),(7560,1157,'node_artifact',1168,'29000'),(7579,1130,'node_artifact',1169,'10.204.120.152'),(7580,1131,'node_artifact',1169,'10.204.120.152'),(7581,1132,'node_artifact',1169,'jdbc:oracle:thin:@10.204.120.155:1521:gessdb'),(7582,1133,'node_artifact',1169,'12'),(7583,1134,'node_artifact',1169,'1103'),(7584,1135,'node_artifact',1169,'10.204.120.152'),(7585,1136,'node_artifact',1169,'30000'),(7586,1137,'node_artifact',1169,'10.204.120.152'),(7587,1138,'node_artifact',1169,'31000'),(7588,1139,'node_artifact',1169,'39000'),(7599,1173,'node_artifact',1170,'10.204.120.153'),(7600,1174,'node_artifact',1170,'10.204.120.152'),(7601,1175,'node_artifact',1170,'10.204.120.153'),(7602,1176,'node_artifact',1170,'10.204.120.153'),(7603,1177,'node_artifact',1170,'10.204.120.153'),(7604,1178,'node_artifact',1170,''),(7605,1179,'node_artifact',1170,''),(7606,1180,'node_artifact',1170,''),(7607,1181,'node_artifact',1170,''),(7608,1182,'node_artifact',1170,''),(7609,1183,'node_artifact',1170,''),(7610,1184,'node_artifact',1170,''),(7611,1185,'node_artifact',1170,'14'),(7612,1186,'node_artifact',1170,'1101'),(7613,1187,'node_artifact',1170,''),(7614,1188,'node_artifact',1170,'30000'),(7615,1189,'node_artifact',1170,''),(7616,1190,'node_artifact',1170,'31000'),(7617,1191,'node_artifact',1170,'29000'),(7699,1158,'node_artifact',1171,'10.204.120.175'),(7700,1159,'node_artifact',1171,'10.204.120.152'),(7701,1160,'node_artifact',1171,'10.204.120.159:15000'),(7702,1161,'node_artifact',1171,'10.204.120.159:16000'),(7703,1162,'node_artifact',1171,'10.204.120.159:20000'),(7704,1163,'node_artifact',1171,'10.204.120.159:17000'),(7705,1164,'node_artifact',1171,'10.204.120.159:21000'),(7706,1165,'node_artifact',1171,'10.204.120.159:15000'),(7707,1166,'node_artifact',1171,'13'),(7708,1167,'node_artifact',1171,'1104'),(7709,1168,'node_artifact',1171,'10.204.120.152'),(7710,1169,'node_artifact',1171,'30000'),(7711,1170,'node_artifact',1171,'10.204.120.152'),(7712,1171,'node_artifact',1171,'31000'),(7713,1172,'node_artifact',1171,'49000'),(7729,1140,'node_artifact',1172,'10.204.120.152'),(7730,1141,'node_artifact',1172,'10.204.120.153:18250,10.204.120.153:18260'),(7731,1142,'node_artifact',1172,'10.204.120.153:18299'),(7732,1143,'node_artifact',1172,'jdbc:oracle:thin:@10.204.120.155:1521:gessdb'),(7733,1144,'node_artifact',1172,'10.204.120.152:30000'),(7734,1145,'node_artifact',1172,'10.204.120.152:31000'),(7735,1146,'node_artifact',1172,'10.204.120.159:17000'),(7736,1147,'node_artifact',1172,'10.204.120.159:15000'),(7737,1148,'node_artifact',1172,'10.204.120.159'),(7738,1149,'node_artifact',1172,'10.204.120.159'),(7739,1150,'node_artifact',1172,'10.204.120.159'),(7740,1151,'node_artifact',1172,'11'),(7741,1152,'node_artifact',1172,'1102'),(7742,1153,'node_artifact',1172,'10.204.120.152'),(7743,1154,'node_artifact',1172,'30000'),(7744,1155,'node_artifact',1172,'10.204.120.152'),(7745,1156,'node_artifact',1172,'31000'),(7746,1157,'node_artifact',1172,'29000'),(7765,1130,'node_artifact',1173,'10.204.120.152'),(7766,1131,'node_artifact',1173,'10.204.120.152'),(7767,1132,'node_artifact',1173,'jdbc:oracle:thin:@10.204.120.155:1521:gessdb'),(7768,1133,'node_artifact',1173,'12'),(7769,1134,'node_artifact',1173,'1103'),(7770,1135,'node_artifact',1173,'10.204.120.152'),(7771,1136,'node_artifact',1173,'30000'),(7772,1137,'node_artifact',1173,'10.204.120.152'),(7773,1138,'node_artifact',1173,'31000'),(7774,1139,'node_artifact',1173,'39000'),(7785,1173,'node_artifact',1174,'10.204.120.153'),(7786,1174,'node_artifact',1174,'10.204.120.152'),(7787,1175,'node_artifact',1174,'10.204.120.153'),(7788,1176,'node_artifact',1174,'10.204.120.153'),(7789,1177,'node_artifact',1174,'10.204.120.153'),(7790,1178,'node_artifact',1174,''),(7791,1179,'node_artifact',1174,''),(7792,1180,'node_artifact',1174,''),(7793,1181,'node_artifact',1174,''),(7794,1182,'node_artifact',1174,''),(7795,1183,'node_artifact',1174,''),(7796,1184,'node_artifact',1174,''),(7797,1185,'node_artifact',1174,'14'),(7798,1186,'node_artifact',1174,'1101'),(7799,1187,'node_artifact',1174,''),(7800,1188,'node_artifact',1174,'30000'),(7801,1189,'node_artifact',1174,''),(7802,1190,'node_artifact',1174,'31000'),(7803,1191,'node_artifact',1174,'29000'),(7913,1158,'node_artifact',1175,'10.204.120.175'),(7914,1159,'node_artifact',1175,'10.204.120.152'),(7915,1160,'node_artifact',1175,'10.204.120.159:15000'),(7916,1161,'node_artifact',1175,'10.204.120.159:16000'),(7917,1162,'node_artifact',1175,'10.204.120.159:20000'),(7918,1163,'node_artifact',1175,'10.204.120.159:17000'),(7919,1164,'node_artifact',1175,'10.204.120.159:21000'),(7920,1165,'node_artifact',1175,'10.204.120.159:15000'),(7921,1166,'node_artifact',1175,'13'),(7922,1167,'node_artifact',1175,'1104'),(7923,1168,'node_artifact',1175,'10.204.120.152'),(7924,1169,'node_artifact',1175,'30000'),(7925,1170,'node_artifact',1175,'10.204.120.152'),(7926,1171,'node_artifact',1175,'31000'),(7927,1172,'node_artifact',1175,'49000'),(7943,1140,'node_artifact',1176,'10.204.120.152'),(7944,1141,'node_artifact',1176,'10.204.120.153:18250,10.204.120.153:18260'),(7945,1142,'node_artifact',1176,'10.204.120.153:18299'),(7946,1143,'node_artifact',1176,'jdbc:oracle:thin:@10.204.120.155:1521:gessdb'),(7947,1144,'node_artifact',1176,'10.204.120.152:30000'),(7948,1145,'node_artifact',1176,'10.204.120.152:31000'),(7949,1146,'node_artifact',1176,'10.204.120.159:17000'),(7950,1147,'node_artifact',1176,'10.204.120.159:15000'),(7951,1148,'node_artifact',1176,'10.204.120.159'),(7952,1149,'node_artifact',1176,'10.204.120.159'),(7953,1150,'node_artifact',1176,'10.204.120.159'),(7954,1151,'node_artifact',1176,'11'),(7955,1152,'node_artifact',1176,'1102'),(7956,1153,'node_artifact',1176,'10.204.120.152'),(7957,1154,'node_artifact',1176,'30000'),(7958,1155,'node_artifact',1176,'10.204.120.152'),(7959,1156,'node_artifact',1176,'31000'),(7960,1157,'node_artifact',1176,'29000'),(7979,1130,'node_artifact',1177,'10.204.120.152'),(7980,1131,'node_artifact',1177,'10.204.120.152'),(7981,1132,'node_artifact',1177,'jdbc:oracle:thin:@10.204.120.155:1521:gessdb'),(7982,1133,'node_artifact',1177,'12'),(7983,1134,'node_artifact',1177,'1103'),(7984,1135,'node_artifact',1177,'10.204.120.152'),(7985,1136,'node_artifact',1177,'30000'),(7986,1137,'node_artifact',1177,'10.204.120.152'),(7987,1138,'node_artifact',1177,'31000'),(7988,1139,'node_artifact',1177,'39000'),(7999,1173,'node_artifact',1178,'10.204.120.153'),(8000,1174,'node_artifact',1178,'10.204.120.152'),(8001,1175,'node_artifact',1178,'10.204.120.153'),(8002,1176,'node_artifact',1178,'10.204.120.153'),(8003,1177,'node_artifact',1178,'10.204.120.153'),(8004,1178,'node_artifact',1178,''),(8005,1179,'node_artifact',1178,''),(8006,1180,'node_artifact',1178,''),(8007,1181,'node_artifact',1178,''),(8008,1182,'node_artifact',1178,''),(8009,1183,'node_artifact',1178,''),(8010,1184,'node_artifact',1178,''),(8011,1185,'node_artifact',1178,'14'),(8012,1186,'node_artifact',1178,'1101'),(8013,1187,'node_artifact',1178,''),(8014,1188,'node_artifact',1178,'30000'),(8015,1189,'node_artifact',1178,''),(8016,1190,'node_artifact',1178,'31000'),(8017,1191,'node_artifact',1178,'29000'),(8074,1158,'node_artifact',1179,'10.204.120.175'),(8075,1159,'node_artifact',1179,'10.204.120.152'),(8076,1160,'node_artifact',1179,'10.204.120.159:15000'),(8077,1161,'node_artifact',1179,'10.204.120.159:16000'),(8078,1162,'node_artifact',1179,'10.204.120.159:20000'),(8079,1163,'node_artifact',1179,'10.204.120.159:17000'),(8080,1164,'node_artifact',1179,'10.204.120.159:21000'),(8081,1165,'node_artifact',1179,'10.204.120.159:15000'),(8082,1166,'node_artifact',1179,'13'),(8083,1167,'node_artifact',1179,'1104'),(8084,1168,'node_artifact',1179,'10.204.120.152'),(8085,1169,'node_artifact',1179,'30000'),(8086,1170,'node_artifact',1179,'10.204.120.152'),(8087,1171,'node_artifact',1179,'31000'),(8088,1172,'node_artifact',1179,'49000'),(8104,1140,'node_artifact',1180,'10.204.120.152'),(8105,1141,'node_artifact',1180,'10.204.120.153:18250,10.204.120.153:18260'),(8106,1142,'node_artifact',1180,'10.204.120.153:18299'),(8107,1143,'node_artifact',1180,'jdbc:oracle:thin:@10.204.120.155:1521:gessdb'),(8108,1144,'node_artifact',1180,'10.204.120.152:30000'),(8109,1145,'node_artifact',1180,'10.204.120.152:31000'),(8110,1146,'node_artifact',1180,'10.204.120.159:17000'),(8111,1147,'node_artifact',1180,'10.204.120.159:15000'),(8112,1148,'node_artifact',1180,'10.204.120.159'),(8113,1149,'node_artifact',1180,'10.204.120.159'),(8114,1150,'node_artifact',1180,'10.204.120.159'),(8115,1151,'node_artifact',1180,'11'),(8116,1152,'node_artifact',1180,'1102'),(8117,1153,'node_artifact',1180,'10.204.120.152'),(8118,1154,'node_artifact',1180,'30000'),(8119,1155,'node_artifact',1180,'10.204.120.152'),(8120,1156,'node_artifact',1180,'31000'),(8121,1157,'node_artifact',1180,'29000'),(8140,1130,'node_artifact',1181,'10.204.120.152'),(8141,1131,'node_artifact',1181,'10.204.120.152'),(8142,1132,'node_artifact',1181,'jdbc:oracle:thin:@10.204.120.155:1521:gessdb'),(8143,1133,'node_artifact',1181,'12'),(8144,1134,'node_artifact',1181,'1103'),(8145,1135,'node_artifact',1181,'10.204.120.152'),(8146,1136,'node_artifact',1181,'30000'),(8147,1137,'node_artifact',1181,'10.204.120.152'),(8148,1138,'node_artifact',1181,'31000'),(8149,1139,'node_artifact',1181,'39000'),(8160,1173,'node_artifact',1182,'10.204.120.153'),(8161,1174,'node_artifact',1182,'10.204.120.152'),(8162,1175,'node_artifact',1182,'10.204.120.153'),(8163,1176,'node_artifact',1182,'10.204.120.153'),(8164,1177,'node_artifact',1182,'10.204.120.153'),(8165,1178,'node_artifact',1182,''),(8166,1179,'node_artifact',1182,''),(8167,1180,'node_artifact',1182,''),(8168,1181,'node_artifact',1182,''),(8169,1182,'node_artifact',1182,''),(8170,1183,'node_artifact',1182,''),(8171,1184,'node_artifact',1182,''),(8172,1185,'node_artifact',1182,'14'),(8173,1186,'node_artifact',1182,'1101'),(8174,1187,'node_artifact',1182,''),(8175,1188,'node_artifact',1182,'30000'),(8176,1189,'node_artifact',1182,''),(8177,1190,'node_artifact',1182,'31000'),(8178,1191,'node_artifact',1182,'29000'),(8266,1130,'node_artifact',1183,'${this.ip}'),(8267,1131,'node_artifact',1183,'${this.ip}'),(8268,1132,'node_artifact',1183,'jdbc:oracle:thin:@10.191.1.8:1521:orcl'),(8269,1133,'node_artifact',1183,'12'),(8270,1134,'node_artifact',1183,'1103'),(8271,1135,'node_artifact',1183,'${this.ip}'),(8272,1136,'node_artifact',1183,'30000'),(8273,1137,'node_artifact',1183,'${this.ip}'),(8274,1138,'node_artifact',1183,'31000'),(8275,1139,'node_artifact',1183,'39000'),(8276,1200,'node_artifact',1183,'gessgnel'),(8277,1201,'node_artifact',1183,'fnOBnL7uH0GCCVI3hYvZNQ'),(8290,1140,'node_artifact',1184,'${监控机.ip}'),(8291,1141,'node_artifact',1184,'${报盘机.ip\':18250\'}${报盘机.ip\':18260\'}'),(8292,1142,'node_artifact',1184,'${报盘机.ip\':18299\'}'),(8293,1143,'node_artifact',1184,'jdbc:oracle:thin:@10.191.1.8:1521:orcl'),(8294,1144,'node_artifact',1184,'${监控机.ip\':30000\'}'),(8295,1145,'node_artifact',1184,'${监控机.ip\':31000\'}'),(8296,1146,'node_artifact',1184,'${交易机.ip\':17000\'}'),(8297,1147,'node_artifact',1184,'${交易机.ip\':15000\'}'),(8298,1148,'node_artifact',1184,'${交易机.ip}'),(8299,1149,'node_artifact',1184,'${交易机.ip}'),(8300,1150,'node_artifact',1184,'${交易机.ip}'),(8301,1151,'node_artifact',1184,'11'),(8302,1152,'node_artifact',1184,'1102'),(8303,1153,'node_artifact',1184,'${监控机.ip}'),(8304,1154,'node_artifact',1184,'30000'),(8305,1155,'node_artifact',1184,'${监控机.ip}'),(8306,1156,'node_artifact',1184,'31000'),(8307,1157,'node_artifact',1184,'29000'),(8308,1202,'node_artifact',1184,'gessgnel'),(8309,1203,'node_artifact',1184,'B3386I9ufbk='),(8310,1204,'node_artifact',1184,'gessgnel'),(8311,1205,'node_artifact',1184,'fnOBnL7uH0GCCVI3hYvZNQ=='),(8334,1158,'node_artifact',1186,'${this.ip}'),(8335,1159,'node_artifact',1186,'${监控机.ip}'),(8336,1160,'node_artifact',1186,'${交易机.ip\':15000\'}'),(8337,1161,'node_artifact',1186,'${交易机.ip\':16000\'}'),(8338,1162,'node_artifact',1186,'${交易机.ip\':20000\'}'),(8339,1163,'node_artifact',1186,'${交易机.ip\':17000\'}'),(8340,1164,'node_artifact',1186,'${交易机.ip\':21000\'}'),(8341,1165,'node_artifact',1186,'${交易机.ip\':15000\'}'),(8342,1166,'node_artifact',1186,'13'),(8343,1167,'node_artifact',1186,'1104'),(8344,1168,'node_artifact',1186,'${监控机.ip}'),(8345,1169,'node_artifact',1186,'30000'),(8346,1170,'node_artifact',1186,'${监控机.ip}'),(8347,1171,'node_artifact',1186,'31000'),(8348,1172,'node_artifact',1186,'49000'),(8364,1173,'node_artifact',1188,'${this.ip}'),(8365,1174,'node_artifact',1188,'${监控机.ip}'),(8366,1175,'node_artifact',1188,'${this.ip}'),(8367,1176,'node_artifact',1188,'${this.ip}'),(8368,1177,'node_artifact',1188,'${this.ip}'),(8369,1178,'node_artifact',1188,'${监控机.ip}'),(8370,1179,'node_artifact',1188,'${监控机.ip}'),(8371,1180,'node_artifact',1188,'${this.ip}'),(8372,1181,'node_artifact',1188,'${this.ip}'),(8373,1182,'node_artifact',1188,'${this.ip}'),(8374,1183,'node_artifact',1188,'${监控机.ip}'),(8375,1184,'node_artifact',1188,'${监控机.ip}'),(8376,1185,'node_artifact',1188,'14'),(8377,1186,'node_artifact',1188,'1101'),(8378,1187,'node_artifact',1188,'${监控机.ip}'),(8379,1188,'node_artifact',1188,'30000'),(8380,1189,'node_artifact',1188,'${监控机.ip}'),(8381,1190,'node_artifact',1188,'31000'),(8382,1191,'node_artifact',1188,'29000'),(8402,1130,'node_artifact',1189,'${this.ip}'),(8403,1131,'node_artifact',1189,'${this.ip}'),(8404,1132,'node_artifact',1189,'jdbc:oracle:thin:@10.191.1.8:1521:orcl'),(8405,1133,'node_artifact',1189,'12'),(8406,1134,'node_artifact',1189,'1103'),(8407,1135,'node_artifact',1189,'${this.ip}'),(8408,1136,'node_artifact',1189,'30000'),(8409,1137,'node_artifact',1189,'${this.ip}'),(8410,1138,'node_artifact',1189,'31000'),(8411,1139,'node_artifact',1189,'39000'),(8412,1200,'node_artifact',1189,'gessgnel'),(8413,1201,'node_artifact',1189,'fnOBnL7uH0GCCVI3hYvZNQ'),(8426,1140,'node_artifact',1190,'${监控机.ip}'),(8427,1141,'node_artifact',1190,'${报盘机.ip\':18250\'}${报盘机.ip\':18260\'}'),(8428,1142,'node_artifact',1190,'${报盘机.ip\':18299\'}'),(8429,1143,'node_artifact',1190,'jdbc:oracle:thin:@10.191.1.8:1521:orcl'),(8430,1144,'node_artifact',1190,'${监控机.ip\':30000\'}'),(8431,1145,'node_artifact',1190,'${监控机.ip\':31000\'}'),(8432,1146,'node_artifact',1190,'${交易机.ip\':17000\'}'),(8433,1147,'node_artifact',1190,'${交易机.ip\':15000\'}'),(8434,1148,'node_artifact',1190,'${交易机.ip}'),(8435,1149,'node_artifact',1190,'${交易机.ip}'),(8436,1150,'node_artifact',1190,'${交易机.ip}'),(8437,1151,'node_artifact',1190,'11'),(8438,1152,'node_artifact',1190,'1102'),(8439,1153,'node_artifact',1190,'${监控机.ip}'),(8440,1154,'node_artifact',1190,'30000'),(8441,1155,'node_artifact',1190,'${监控机.ip}'),(8442,1156,'node_artifact',1190,'31000'),(8443,1157,'node_artifact',1190,'29000'),(8444,1202,'node_artifact',1190,'gessgnel'),(8445,1203,'node_artifact',1190,'B3386I9ufbk='),(8446,1204,'node_artifact',1190,'gessgnel'),(8447,1205,'node_artifact',1190,'fnOBnL7uH0GCCVI3hYvZNQ=='),(8470,1158,'node_artifact',1192,'${this.ip}'),(8471,1159,'node_artifact',1192,'${监控机.ip}'),(8472,1160,'node_artifact',1192,'${交易机.ip\':15000\'}'),(8473,1161,'node_artifact',1192,'${交易机.ip\':16000\'}'),(8474,1162,'node_artifact',1192,'${交易机.ip\':20000\'}'),(8475,1163,'node_artifact',1192,'${交易机.ip\':17000\'}'),(8476,1164,'node_artifact',1192,'${交易机.ip\':21000\'}'),(8477,1165,'node_artifact',1192,'${交易机.ip\':15000\'}'),(8478,1166,'node_artifact',1192,'13'),(8479,1167,'node_artifact',1192,'1104'),(8480,1168,'node_artifact',1192,'${监控机.ip}'),(8481,1169,'node_artifact',1192,'30000'),(8482,1170,'node_artifact',1192,'${监控机.ip}'),(8483,1171,'node_artifact',1192,'31000'),(8484,1172,'node_artifact',1192,'49000'),(8500,1173,'node_artifact',1194,'${this.ip}'),(8501,1174,'node_artifact',1194,'${监控机.ip}'),(8502,1175,'node_artifact',1194,'${this.ip}'),(8503,1176,'node_artifact',1194,'${this.ip}'),(8504,1177,'node_artifact',1194,'${this.ip}'),(8505,1178,'node_artifact',1194,'${监控机.ip}'),(8506,1179,'node_artifact',1194,'${监控机.ip}'),(8507,1180,'node_artifact',1194,'${this.ip}'),(8508,1181,'node_artifact',1194,'${this.ip}'),(8509,1182,'node_artifact',1194,'${this.ip}'),(8510,1183,'node_artifact',1194,'${监控机.ip}'),(8511,1184,'node_artifact',1194,'${监控机.ip}'),(8512,1185,'node_artifact',1194,'14'),(8513,1186,'node_artifact',1194,'1101'),(8514,1187,'node_artifact',1194,'${监控机.ip}'),(8515,1188,'node_artifact',1194,'30000'),(8516,1189,'node_artifact',1194,'${监控机.ip}'),(8517,1190,'node_artifact',1194,'31000'),(8518,1191,'node_artifact',1194,'29000'),(8538,1130,'node_artifact',1195,'${this.ip}'),(8539,1131,'node_artifact',1195,'${this.ip}'),(8540,1132,'node_artifact',1195,'jdbc:oracle:thin:@10.191.1.8:1521:orcl'),(8541,1133,'node_artifact',1195,'12'),(8542,1134,'node_artifact',1195,'1103'),(8543,1135,'node_artifact',1195,'${this.ip}'),(8544,1136,'node_artifact',1195,'30000'),(8545,1137,'node_artifact',1195,'${this.ip}'),(8546,1138,'node_artifact',1195,'31000'),(8547,1139,'node_artifact',1195,'39000'),(8548,1200,'node_artifact',1195,'gessgnel'),(8549,1201,'node_artifact',1195,'fnOBnL7uH0GCCVI3hYvZNQ'),(8562,1140,'node_artifact',1196,'${监控机.ip}'),(8563,1141,'node_artifact',1196,'${报盘机.ip\':18250\'}${报盘机.ip\':18260\'}'),(8564,1142,'node_artifact',1196,'${报盘机.ip\':18299\'}'),(8565,1143,'node_artifact',1196,'jdbc:oracle:thin:@10.191.1.8:1521:orcl'),(8566,1144,'node_artifact',1196,'${监控机.ip\':30000\'}'),(8567,1145,'node_artifact',1196,'${监控机.ip\':31000\'}'),(8568,1146,'node_artifact',1196,'${交易机.ip\':17000\'}'),(8569,1147,'node_artifact',1196,'${交易机.ip\':15000\'}'),(8570,1148,'node_artifact',1196,'${交易机.ip}'),(8571,1149,'node_artifact',1196,'${交易机.ip}'),(8572,1150,'node_artifact',1196,'${交易机.ip}'),(8573,1151,'node_artifact',1196,'11'),(8574,1152,'node_artifact',1196,'1102'),(8575,1153,'node_artifact',1196,'${监控机.ip}'),(8576,1154,'node_artifact',1196,'30000'),(8577,1155,'node_artifact',1196,'${监控机.ip}'),(8578,1156,'node_artifact',1196,'31000'),(8579,1157,'node_artifact',1196,'29000'),(8580,1202,'node_artifact',1196,'gessgnel'),(8581,1203,'node_artifact',1196,'B3386I9ufbk='),(8582,1204,'node_artifact',1196,'gessgnel'),(8583,1205,'node_artifact',1196,'fnOBnL7uH0GCCVI3hYvZNQ=='),(8606,1158,'node_artifact',1198,'${this.ip}'),(8607,1159,'node_artifact',1198,'${监控机.ip}'),(8608,1160,'node_artifact',1198,'${交易机.ip\':15000\'}'),(8609,1161,'node_artifact',1198,'${交易机.ip\':16000\'}'),(8610,1162,'node_artifact',1198,'${交易机.ip\':20000\'}'),(8611,1163,'node_artifact',1198,'${交易机.ip\':17000\'}'),(8612,1164,'node_artifact',1198,'${交易机.ip\':21000\'}'),(8613,1165,'node_artifact',1198,'${交易机.ip\':15000\'}'),(8614,1166,'node_artifact',1198,'13'),(8615,1167,'node_artifact',1198,'1104'),(8616,1168,'node_artifact',1198,'${监控机.ip}'),(8617,1169,'node_artifact',1198,'30000'),(8618,1170,'node_artifact',1198,'${监控机.ip}'),(8619,1171,'node_artifact',1198,'31000'),(8620,1172,'node_artifact',1198,'49000'),(8636,1173,'node_artifact',1200,'${this.ip}'),(8637,1174,'node_artifact',1200,'${监控机.ip}'),(8638,1175,'node_artifact',1200,'${this.ip}'),(8639,1176,'node_artifact',1200,'${this.ip}'),(8640,1177,'node_artifact',1200,'${this.ip}'),(8641,1178,'node_artifact',1200,'${监控机.ip}'),(8642,1179,'node_artifact',1200,'${监控机.ip}'),(8643,1180,'node_artifact',1200,'${this.ip}'),(8644,1181,'node_artifact',1200,'${this.ip}'),(8645,1182,'node_artifact',1200,'${this.ip}'),(8646,1183,'node_artifact',1200,'${监控机.ip}'),(8647,1184,'node_artifact',1200,'${监控机.ip}'),(8648,1185,'node_artifact',1200,'14'),(8649,1186,'node_artifact',1200,'1101'),(8650,1187,'node_artifact',1200,'${监控机.ip}'),(8651,1188,'node_artifact',1200,'30000'),(8652,1189,'node_artifact',1200,'${监控机.ip}'),(8653,1190,'node_artifact',1200,'31000'),(8654,1191,'node_artifact',1200,'29000'),(8674,1130,'node_artifact',1201,'${this.ip}'),(8675,1131,'node_artifact',1201,'${this.ip}'),(8676,1132,'node_artifact',1201,'jdbc:oracle:thin:@10.191.1.8:1521:orcl'),(8677,1133,'node_artifact',1201,'12'),(8678,1134,'node_artifact',1201,'1103'),(8679,1135,'node_artifact',1201,'${this.ip}'),(8680,1136,'node_artifact',1201,'30000'),(8681,1137,'node_artifact',1201,'${this.ip}'),(8682,1138,'node_artifact',1201,'31000'),(8683,1139,'node_artifact',1201,'39000'),(8684,1200,'node_artifact',1201,'gessgnel'),(8685,1201,'node_artifact',1201,'fnOBnL7uH0GCCVI3hYvZNQ'),(8698,1140,'node_artifact',1202,'${监控机.ip}'),(8699,1141,'node_artifact',1202,'${报盘机.ip\':18250\'}${报盘机.ip\':18260\'}'),(8700,1142,'node_artifact',1202,'${报盘机.ip\':18299\'}'),(8701,1143,'node_artifact',1202,'jdbc:oracle:thin:@10.191.1.8:1521:orcl'),(8702,1144,'node_artifact',1202,'${监控机.ip\':30000\'}'),(8703,1145,'node_artifact',1202,'${监控机.ip\':31000\'}'),(8704,1146,'node_artifact',1202,'${交易机.ip\':17000\'}'),(8705,1147,'node_artifact',1202,'${交易机.ip\':15000\'}'),(8706,1148,'node_artifact',1202,'${交易机.ip}'),(8707,1149,'node_artifact',1202,'${交易机.ip}'),(8708,1150,'node_artifact',1202,'${交易机.ip}'),(8709,1151,'node_artifact',1202,'11'),(8710,1152,'node_artifact',1202,'1102'),(8711,1153,'node_artifact',1202,'${监控机.ip}'),(8712,1154,'node_artifact',1202,'30000'),(8713,1155,'node_artifact',1202,'${监控机.ip}'),(8714,1156,'node_artifact',1202,'31000'),(8715,1157,'node_artifact',1202,'29000'),(8716,1202,'node_artifact',1202,'gessgnel'),(8717,1203,'node_artifact',1202,'B3386I9ufbk='),(8718,1204,'node_artifact',1202,'gessgnel'),(8719,1205,'node_artifact',1202,'fnOBnL7uH0GCCVI3hYvZNQ=='),(8742,1158,'node_artifact',1204,'${this.ip}'),(8743,1159,'node_artifact',1204,'${监控机.ip}'),(8744,1160,'node_artifact',1204,'${交易机.ip\':15000\'}'),(8745,1161,'node_artifact',1204,'${交易机.ip\':16000\'}'),(8746,1162,'node_artifact',1204,'${交易机.ip\':20000\'}'),(8747,1163,'node_artifact',1204,'${交易机.ip\':17000\'}'),(8748,1164,'node_artifact',1204,'${交易机.ip\':21000\'}'),(8749,1165,'node_artifact',1204,'${交易机.ip\':15000\'}'),(8750,1166,'node_artifact',1204,'13'),(8751,1167,'node_artifact',1204,'1104'),(8752,1168,'node_artifact',1204,'${监控机.ip}'),(8753,1169,'node_artifact',1204,'30000'),(8754,1170,'node_artifact',1204,'${监控机.ip}'),(8755,1171,'node_artifact',1204,'31000'),(8756,1172,'node_artifact',1204,'49000'),(8772,1173,'node_artifact',1206,'${this.ip}'),(8773,1174,'node_artifact',1206,'${监控机.ip}'),(8774,1175,'node_artifact',1206,'${this.ip}'),(8775,1176,'node_artifact',1206,'${this.ip}'),(8776,1177,'node_artifact',1206,'${this.ip}'),(8777,1178,'node_artifact',1206,'${监控机.ip}'),(8778,1179,'node_artifact',1206,'${监控机.ip}'),(8779,1180,'node_artifact',1206,'${this.ip}'),(8780,1181,'node_artifact',1206,'${this.ip}'),(8781,1182,'node_artifact',1206,'${this.ip}'),(8782,1183,'node_artifact',1206,'${监控机.ip}'),(8783,1184,'node_artifact',1206,'${监控机.ip}'),(8784,1185,'node_artifact',1206,'14'),(8785,1186,'node_artifact',1206,'1101'),(8786,1187,'node_artifact',1206,'${监控机.ip}'),(8787,1188,'node_artifact',1206,'30000'),(8788,1189,'node_artifact',1206,'${监控机.ip}'),(8789,1190,'node_artifact',1206,'31000'),(8790,1191,'node_artifact',1206,'29000'),(8810,1130,'node_artifact',1207,'${this.ip}'),(8811,1131,'node_artifact',1207,'${this.ip}'),(8812,1132,'node_artifact',1207,'jdbc:oracle:thin:@10.191.1.8:1521:orcl'),(8813,1133,'node_artifact',1207,'12'),(8814,1134,'node_artifact',1207,'1103'),(8815,1135,'node_artifact',1207,'${this.ip}'),(8816,1136,'node_artifact',1207,'30000'),(8817,1137,'node_artifact',1207,'${this.ip}'),(8818,1138,'node_artifact',1207,'31000'),(8819,1139,'node_artifact',1207,'39000'),(8820,1200,'node_artifact',1207,'gessgnel'),(8821,1201,'node_artifact',1207,'fnOBnL7uH0GCCVI3hYvZNQ'),(8834,1140,'node_artifact',1208,'${监控机.ip}'),(8835,1141,'node_artifact',1208,'${报盘机.ip\':18250\'}${报盘机.ip\':18260\'}'),(8836,1142,'node_artifact',1208,'${报盘机.ip\':18299\'}'),(8837,1143,'node_artifact',1208,'jdbc:oracle:thin:@10.191.1.8:1521:orcl'),(8838,1144,'node_artifact',1208,'${监控机.ip\':30000\'}'),(8839,1145,'node_artifact',1208,'${监控机.ip\':31000\'}'),(8840,1146,'node_artifact',1208,'${交易机.ip\':17000\'}'),(8841,1147,'node_artifact',1208,'${交易机.ip\':15000\'}'),(8842,1148,'node_artifact',1208,'${交易机.ip}'),(8843,1149,'node_artifact',1208,'${交易机.ip}'),(8844,1150,'node_artifact',1208,'${交易机.ip}'),(8845,1151,'node_artifact',1208,'11'),(8846,1152,'node_artifact',1208,'1102'),(8847,1153,'node_artifact',1208,'${监控机.ip}'),(8848,1154,'node_artifact',1208,'30000'),(8849,1155,'node_artifact',1208,'${监控机.ip}'),(8850,1156,'node_artifact',1208,'31000'),(8851,1157,'node_artifact',1208,'29000'),(8852,1202,'node_artifact',1208,'gessgnel'),(8853,1203,'node_artifact',1208,'B3386I9ufbk='),(8854,1204,'node_artifact',1208,'gessgnel'),(8855,1205,'node_artifact',1208,'fnOBnL7uH0GCCVI3hYvZNQ=='),(8878,1158,'node_artifact',1210,'${this.ip}'),(8879,1159,'node_artifact',1210,'${监控机.ip}'),(8880,1160,'node_artifact',1210,'${交易机.ip\':15000\'}'),(8881,1161,'node_artifact',1210,'${交易机.ip\':16000\'}'),(8882,1162,'node_artifact',1210,'${交易机.ip\':20000\'}'),(8883,1163,'node_artifact',1210,'${交易机.ip\':17000\'}'),(8884,1164,'node_artifact',1210,'${交易机.ip\':21000\'}'),(8885,1165,'node_artifact',1210,'${交易机.ip\':15000\'}'),(8886,1166,'node_artifact',1210,'13'),(8887,1167,'node_artifact',1210,'1104'),(8888,1168,'node_artifact',1210,'${监控机.ip}'),(8889,1169,'node_artifact',1210,'30000'),(8890,1170,'node_artifact',1210,'${监控机.ip}'),(8891,1171,'node_artifact',1210,'31000'),(8892,1172,'node_artifact',1210,'49000'),(8908,1173,'node_artifact',1212,'${this.ip}'),(8909,1174,'node_artifact',1212,'${监控机.ip}'),(8910,1175,'node_artifact',1212,'${this.ip}'),(8911,1176,'node_artifact',1212,'${this.ip}'),(8912,1177,'node_artifact',1212,'${this.ip}'),(8913,1178,'node_artifact',1212,'${监控机.ip}'),(8914,1179,'node_artifact',1212,'${监控机.ip}'),(8915,1180,'node_artifact',1212,'${this.ip}'),(8916,1181,'node_artifact',1212,'${this.ip}'),(8917,1182,'node_artifact',1212,'${this.ip}'),(8918,1183,'node_artifact',1212,'${监控机.ip}'),(8919,1184,'node_artifact',1212,'${监控机.ip}'),(8920,1185,'node_artifact',1212,'14'),(8921,1186,'node_artifact',1212,'1101'),(8922,1187,'node_artifact',1212,'${监控机.ip}'),(8923,1188,'node_artifact',1212,'30000'),(8924,1189,'node_artifact',1212,'${监控机.ip}'),(8925,1190,'node_artifact',1212,'31000'),(8926,1191,'node_artifact',1212,'29000'),(9029,1158,'node_artifact',1214,'${this.ip}'),(9030,1159,'node_artifact',1214,'${this.ip}'),(9031,1160,'node_artifact',1214,'${linux.ip\':15000\'}'),(9032,1161,'node_artifact',1214,'${linux.ip\':16000\'}'),(9033,1162,'node_artifact',1214,'${linux.ip\':20000\'}'),(9034,1163,'node_artifact',1214,'${linux.ip\':17000\'}'),(9035,1164,'node_artifact',1214,'${linux.ip\':21000\'}'),(9036,1165,'node_artifact',1214,'${linux.ip\':15000\'}'),(9037,1166,'node_artifact',1214,'13'),(9038,1167,'node_artifact',1214,'1104'),(9039,1168,'node_artifact',1214,'${this.ip}'),(9040,1169,'node_artifact',1214,'30000'),(9041,1170,'node_artifact',1214,'${this.ip}'),(9042,1171,'node_artifact',1214,'31000'),(9043,1172,'node_artifact',1214,'49000'),(9059,1158,'node_artifact',1215,'${this.ip}'),(9060,1159,'node_artifact',1215,'${this.ip}'),(9061,1160,'node_artifact',1215,'${linux.ip\':15000\'}'),(9062,1161,'node_artifact',1215,'${linux.ip\':16000\'}'),(9063,1162,'node_artifact',1215,'${linux.ip\':20000\'}'),(9064,1163,'node_artifact',1215,'${linux.ip\':17000\'}'),(9065,1164,'node_artifact',1215,'${linux.ip\':21000\'}'),(9066,1165,'node_artifact',1215,'${linux.ip\':15000\'}'),(9067,1166,'node_artifact',1215,'13'),(9068,1167,'node_artifact',1215,'1104'),(9069,1168,'node_artifact',1215,'${this.ip}'),(9070,1169,'node_artifact',1215,'30000'),(9071,1170,'node_artifact',1215,'${this.ip}'),(9072,1171,'node_artifact',1215,'31000'),(9073,1172,'node_artifact',1215,'49000'),(9123,1173,'node_artifact',1216,'${this.ip}'),(9124,1174,'node_artifact',1216,'${this.ip}'),(9125,1175,'node_artifact',1216,'${this.ip}'),(9126,1176,'node_artifact',1216,'${this.ip}'),(9127,1177,'node_artifact',1216,'${this.ip}'),(9128,1178,'node_artifact',1216,'${this.ip}'),(9129,1179,'node_artifact',1216,'${this.ip}'),(9130,1180,'node_artifact',1216,'${this.ip}'),(9131,1181,'node_artifact',1216,'${this.ip}'),(9132,1182,'node_artifact',1216,'${this.ip}'),(9133,1183,'node_artifact',1216,'${this.ip}'),(9134,1184,'node_artifact',1216,'${this.ip}'),(9135,1185,'node_artifact',1216,'14'),(9136,1186,'node_artifact',1216,'1101'),(9137,1187,'node_artifact',1216,'${this.ip}'),(9138,1188,'node_artifact',1216,'30000'),(9139,1189,'node_artifact',1216,'${this.ip}'),(9140,1190,'node_artifact',1216,'31000'),(9141,1191,'node_artifact',1216,'29000'),(9328,1173,'node_artifact_install',1164,'10.191.1.15'),(9329,1174,'node_artifact_install',1164,'10.191.1.15'),(9330,1175,'node_artifact_install',1164,'10.191.1.15'),(9331,1176,'node_artifact_install',1164,'10.191.1.15'),(9332,1177,'node_artifact_install',1164,'10.191.1.15'),(9333,1178,'node_artifact_install',1164,'10.191.1.15'),(9334,1179,'node_artifact_install',1164,'10.191.1.15'),(9335,1180,'node_artifact_install',1164,'10.191.1.15'),(9336,1181,'node_artifact_install',1164,'10.191.1.15'),(9337,1182,'node_artifact_install',1164,'10.191.1.15'),(9338,1183,'node_artifact_install',1164,'10.191.1.15'),(9339,1184,'node_artifact_install',1164,'10.191.1.15'),(9340,1185,'node_artifact_install',1164,'14'),(9341,1186,'node_artifact_install',1164,'1101'),(9342,1187,'node_artifact_install',1164,'10.191.1.15'),(9343,1188,'node_artifact_install',1164,'30000'),(9344,1189,'node_artifact_install',1164,'10.191.1.15'),(9345,1190,'node_artifact_install',1164,'31000'),(9346,1191,'node_artifact_install',1164,'29000'),(9385,1158,'node_artifact',1217,'${this.ip}'),(9386,1159,'node_artifact',1217,'${this.ip}'),(9387,1160,'node_artifact',1217,'${linux.ip\':15000\'}'),(9388,1161,'node_artifact',1217,'${linux.ip\':16000\'}'),(9389,1162,'node_artifact',1217,'${linux.ip\':20000\'}'),(9390,1163,'node_artifact',1217,'${linux.ip\':17000\'}'),(9391,1164,'node_artifact',1217,'${linux.ip\':21000\'}'),(9392,1165,'node_artifact',1217,'${linux.ip\':15000\'}'),(9393,1166,'node_artifact',1217,'13'),(9394,1167,'node_artifact',1217,'1104'),(9395,1168,'node_artifact',1217,'${this.ip}'),(9396,1169,'node_artifact',1217,'30000'),(9397,1170,'node_artifact',1217,'${this.ip}'),(9398,1171,'node_artifact',1217,'31000'),(9399,1172,'node_artifact',1217,'49000'),(9460,1158,'node_artifact',1218,'${this.ip}'),(9461,1159,'node_artifact',1218,'${this.ip}'),(9462,1160,'node_artifact',1218,'${linux.ip\':15000\'}'),(9463,1161,'node_artifact',1218,'${linux.ip\':16000\'}'),(9464,1162,'node_artifact',1218,'${linux.ip\':20000\'}'),(9465,1163,'node_artifact',1218,'${linux.ip\':17000\'}'),(9466,1164,'node_artifact',1218,'${linux.ip\':21000\'}'),(9467,1165,'node_artifact',1218,'${linux.ip\':15000\'}'),(9468,1166,'node_artifact',1218,'13'),(9469,1167,'node_artifact',1218,'1104'),(9470,1168,'node_artifact',1218,'${this.ip}'),(9471,1169,'node_artifact',1218,'30000'),(9472,1170,'node_artifact',1218,'${this.ip}'),(9473,1171,'node_artifact',1218,'31000'),(9474,1172,'node_artifact',1218,'49000'),(9505,1158,'node_artifact',1219,'${this.ip}'),(9506,1159,'node_artifact',1219,'${this.ip}'),(9507,1160,'node_artifact',1219,'${linux.ip\':15000\'}'),(9508,1161,'node_artifact',1219,'${linux.ip\':16000\'}'),(9509,1162,'node_artifact',1219,'${linux.ip\':20000\'}'),(9510,1163,'node_artifact',1219,'${linux.ip\':17000\'}'),(9511,1164,'node_artifact',1219,'${linux.ip\':21000\'}'),(9512,1165,'node_artifact',1219,'${linux.ip\':15000\'}'),(9513,1166,'node_artifact',1219,'13'),(9514,1167,'node_artifact',1219,'1104'),(9515,1168,'node_artifact',1219,'${this.ip}'),(9516,1169,'node_artifact',1219,'30000'),(9517,1170,'node_artifact',1219,'${this.ip}'),(9518,1171,'node_artifact',1219,'31000'),(9519,1172,'node_artifact',1219,'49000'),(9565,1158,'node_artifact_install',1175,'${this.ip}'),(9566,1159,'node_artifact_install',1175,'${this.ip}'),(9567,1160,'node_artifact_install',1175,'${linux.ip\':15000\'}'),(9568,1161,'node_artifact_install',1175,'${linux.ip\':16000\'}'),(9569,1162,'node_artifact_install',1175,'${linux.ip\':20000\'}'),(9570,1163,'node_artifact_install',1175,'${linux.ip\':17000\'}'),(9571,1164,'node_artifact_install',1175,'${linux.ip\':21000\'}'),(9572,1165,'node_artifact_install',1175,'${linux.ip\':15000\'}'),(9573,1166,'node_artifact_install',1175,'13'),(9574,1167,'node_artifact_install',1175,'1104'),(9575,1168,'node_artifact_install',1175,'${this.ip}'),(9576,1169,'node_artifact_install',1175,'30000'),(9577,1170,'node_artifact_install',1175,'${this.ip}'),(9578,1171,'node_artifact_install',1175,'31000'),(9579,1172,'node_artifact_install',1175,'49000'),(9580,1130,'node_artifact',1220,'${this.ip}'),(9581,1131,'node_artifact',1220,'${this.ip}'),(9582,1132,'node_artifact',1220,'jdbc:oracle:thin:@10.191.1.8:1521:orcl'),(9583,1133,'node_artifact',1220,'12'),(9584,1134,'node_artifact',1220,'1103'),(9585,1135,'node_artifact',1220,'${this.ip}'),(9586,1136,'node_artifact',1220,'30000'),(9587,1137,'node_artifact',1220,'${this.ip}'),(9588,1138,'node_artifact',1220,'31000'),(9589,1139,'node_artifact',1220,'39000'),(9590,1200,'node_artifact',1220,'gessgnel'),(9591,1201,'node_artifact',1220,'fnOBnL7uH0GCCVI3hYvZNQ'),(9604,1140,'node_artifact',1221,'${监控机.ip}'),(9605,1141,'node_artifact',1221,'${报盘机.ip\':18250\'}${报盘机.ip\':18260\'}'),(9606,1142,'node_artifact',1221,'${报盘机.ip\':18299\'}'),(9607,1143,'node_artifact',1221,'jdbc:oracle:thin:@10.191.1.8:1521:orcl'),(9608,1144,'node_artifact',1221,'${监控机.ip\':30000\'}'),(9609,1145,'node_artifact',1221,'${监控机.ip\':31000\'}'),(9610,1146,'node_artifact',1221,'${交易机.ip\':17000\'}'),(9611,1147,'node_artifact',1221,'${交易机.ip\':15000\'}'),(9612,1148,'node_artifact',1221,'${交易机.ip}'),(9613,1149,'node_artifact',1221,'${交易机.ip}'),(9614,1150,'node_artifact',1221,'${交易机.ip}'),(9615,1151,'node_artifact',1221,'11'),(9616,1152,'node_artifact',1221,'1102'),(9617,1153,'node_artifact',1221,'${监控机.ip}'),(9618,1154,'node_artifact',1221,'30000'),(9619,1155,'node_artifact',1221,'${监控机.ip}'),(9620,1156,'node_artifact',1221,'31000'),(9621,1157,'node_artifact',1221,'29000'),(9622,1202,'node_artifact',1221,'gessgnel'),(9623,1203,'node_artifact',1221,'B3386I9ufbk='),(9624,1204,'node_artifact',1221,'gessgnel'),(9625,1205,'node_artifact',1221,'fnOBnL7uH0GCCVI3hYvZNQ=='),(9648,1158,'node_artifact',1223,'${this.ip}'),(9649,1159,'node_artifact',1223,'${监控机.ip}'),(9650,1160,'node_artifact',1223,'${交易机.ip\':15000\'}'),(9651,1161,'node_artifact',1223,'${交易机.ip\':16000\'}'),(9652,1162,'node_artifact',1223,'${交易机.ip\':20000\'}'),(9653,1163,'node_artifact',1223,'${交易机.ip\':17000\'}'),(9654,1164,'node_artifact',1223,'${交易机.ip\':21000\'}'),(9655,1165,'node_artifact',1223,'${交易机.ip\':15000\'}'),(9656,1166,'node_artifact',1223,'13'),(9657,1167,'node_artifact',1223,'1104'),(9658,1168,'node_artifact',1223,'${监控机.ip}'),(9659,1169,'node_artifact',1223,'30000'),(9660,1170,'node_artifact',1223,'${监控机.ip}'),(9661,1171,'node_artifact',1223,'31000'),(9662,1172,'node_artifact',1223,'49000'),(9678,1173,'node_artifact',1225,'${this.ip}'),(9679,1174,'node_artifact',1225,'${监控机.ip}'),(9680,1175,'node_artifact',1225,'${this.ip}'),(9681,1176,'node_artifact',1225,'${this.ip}'),(9682,1177,'node_artifact',1225,'${this.ip}'),(9683,1178,'node_artifact',1225,'${监控机.ip}'),(9684,1179,'node_artifact',1225,'${监控机.ip}'),(9685,1180,'node_artifact',1225,'${this.ip}'),(9686,1181,'node_artifact',1225,'${this.ip}'),(9687,1182,'node_artifact',1225,'${this.ip}'),(9688,1183,'node_artifact',1225,'${监控机.ip}'),(9689,1184,'node_artifact',1225,'${监控机.ip}'),(9690,1185,'node_artifact',1225,'14'),(9691,1186,'node_artifact',1225,'1101'),(9692,1187,'node_artifact',1225,'${监控机.ip}'),(9693,1188,'node_artifact',1225,'30000'),(9694,1189,'node_artifact',1225,'${监控机.ip}'),(9695,1190,'node_artifact',1225,'31000'),(9696,1191,'node_artifact',1225,'29000'),(9870,1158,'node_artifact',1226,'${this.ip}'),(9871,1159,'node_artifact',1226,'${this.ip}'),(9872,1160,'node_artifact',1226,'${linux.ip\':15000\'}'),(9873,1161,'node_artifact',1226,'${linux.ip\':16000\'}'),(9874,1162,'node_artifact',1226,'${linux.ip\':20000\'}'),(9875,1163,'node_artifact',1226,'${linux.ip\':17000\'}'),(9876,1164,'node_artifact',1226,'${linux.ip\':21000\'}'),(9877,1165,'node_artifact',1226,'${linux.ip\':15000\'}'),(9878,1166,'node_artifact',1226,'13'),(9879,1167,'node_artifact',1226,'1104'),(9880,1168,'node_artifact',1226,'${this.ip}'),(9881,1169,'node_artifact',1226,'30000'),(9882,1170,'node_artifact',1226,'${this.ip}'),(9883,1171,'node_artifact',1226,'31000'),(9884,1172,'node_artifact',1226,'49000'),(9900,1206,'node_artifact',1227,'1.sql,2.sql'),(9901,1207,'node_artifact',1227,'qintest032401'),(9902,1208,'node_artifact',1227,'qintest032401'),(9903,1209,'node_artifact',1227,'DATA_01'),(9904,1210,'node_artifact',1227,'IDX_01'),(9905,1211,'node_artifact',1227,'DATA_02'),(9906,1212,'node_artifact',1227,'IDX_02'),(9907,1213,'node_artifact',1227,'DATA_03'),(9908,1214,'node_artifact',1227,'IDX_03'),(9909,1215,'node_artifact',1227,'qintest032401'),(9920,1158,'node_artifact',1228,'${this.ip}'),(9921,1159,'node_artifact',1228,'${this.ip}'),(9922,1160,'node_artifact',1228,'${linux.ip\':15000\'}'),(9923,1161,'node_artifact',1228,'${linux.ip\':16000\'}'),(9924,1162,'node_artifact',1228,'${linux.ip\':20000\'}'),(9925,1163,'node_artifact',1228,'${linux.ip\':17000\'}'),(9926,1164,'node_artifact',1228,'${linux.ip\':21000\'}'),(9927,1165,'node_artifact',1228,'${linux.ip\':15000\'}'),(9928,1166,'node_artifact',1228,'13'),(9929,1167,'node_artifact',1228,'1104'),(9930,1168,'node_artifact',1228,'${this.ip}'),(9931,1169,'node_artifact',1228,'30000'),(9932,1170,'node_artifact',1228,'${this.ip}'),(9933,1171,'node_artifact',1228,'31000'),(9934,1172,'node_artifact',1228,'49000'),(9950,1206,'node_artifact',1229,'1.sql,2.sql'),(9951,1207,'node_artifact',1229,'qintest032401'),(9952,1208,'node_artifact',1229,'qintest032401'),(9953,1209,'node_artifact',1229,'DATA_01'),(9954,1210,'node_artifact',1229,'IDX_01'),(9955,1211,'node_artifact',1229,'DATA_02'),(9956,1212,'node_artifact',1229,'IDX_02'),(9957,1213,'node_artifact',1229,'DATA_03'),(9958,1214,'node_artifact',1229,'IDX_03'),(9959,1215,'node_artifact',1229,'qintest032401'),(10040,1130,'node_artifact',1230,'${this.ip}'),(10041,1131,'node_artifact',1230,'${this.ip}'),(10042,1132,'node_artifact',1230,'jdbc:oracle:thin:@10.191.1.5:1521:orcl'),(10043,1133,'node_artifact',1230,'12'),(10044,1134,'node_artifact',1230,'1103'),(10045,1135,'node_artifact',1230,'${this.ip}'),(10046,1136,'node_artifact',1230,'30000'),(10047,1137,'node_artifact',1230,'${this.ip}'),(10048,1138,'node_artifact',1230,'31000'),(10049,1139,'node_artifact',1230,'39000'),(10050,1200,'node_artifact',1230,'gessgnel'),(10051,1201,'node_artifact',1230,'fnOBnL7uH0GCCVI3hYvZNQ=='),(10064,1140,'node_artifact',1231,'${监控机.ip}'),(10065,1141,'node_artifact',1231,'${报盘机.ip\':18250\'}${报盘机.ip\':18260\'}'),(10066,1142,'node_artifact',1231,'${报盘机.ip\':18299\'}'),(10067,1143,'node_artifact',1231,'jdbc:oracle:thin:@10.191.1.5:1521:orcl'),(10068,1144,'node_artifact',1231,'${监控机.ip\':30000\'}'),(10069,1145,'node_artifact',1231,'${监控机.ip\':31000\'}'),(10070,1146,'node_artifact',1231,'${交易机.ip\':17000\'}'),(10071,1147,'node_artifact',1231,'${交易机.ip\':15000\'}'),(10072,1148,'node_artifact',1231,'${交易机.ip}'),(10073,1149,'node_artifact',1231,'${交易机.ip}'),(10074,1150,'node_artifact',1231,'${交易机.ip}'),(10075,1151,'node_artifact',1231,'11'),(10076,1152,'node_artifact',1231,'1102'),(10077,1153,'node_artifact',1231,'${监控机.ip}'),(10078,1154,'node_artifact',1231,'30000'),(10079,1155,'node_artifact',1231,'${监控机.ip}'),(10080,1156,'node_artifact',1231,'31000'),(10081,1157,'node_artifact',1231,'29000'),(10082,1202,'node_artifact',1231,'gessgnel'),(10083,1203,'node_artifact',1231,'B3386I9ufbk='),(10084,1204,'node_artifact',1231,'gessgnel'),(10085,1205,'node_artifact',1231,'fnOBnL7uH0GCCVI3hYvZNQ=='),(10108,1158,'node_artifact',1233,'${this.ip}'),(10109,1159,'node_artifact',1233,'${监控机.ip}'),(10110,1160,'node_artifact',1233,'${交易机.ip\':15000\'}'),(10111,1161,'node_artifact',1233,'${交易机.ip\':16000\'}'),(10112,1162,'node_artifact',1233,'${交易机.ip\':20000\'}'),(10113,1163,'node_artifact',1233,'${交易机.ip\':17000\'}'),(10114,1164,'node_artifact',1233,'${交易机.ip\':21000\'}'),(10115,1165,'node_artifact',1233,'${交易机.ip\':15000\'}'),(10116,1166,'node_artifact',1233,'13'),(10117,1167,'node_artifact',1233,'1104'),(10118,1168,'node_artifact',1233,'${监控机.ip}'),(10119,1169,'node_artifact',1233,'30000'),(10120,1170,'node_artifact',1233,'${监控机.ip}'),(10121,1171,'node_artifact',1233,'31000'),(10122,1172,'node_artifact',1233,'49000'),(10138,1173,'node_artifact',1235,'${this.ip}'),(10139,1174,'node_artifact',1235,'${监控机.ip}'),(10140,1175,'node_artifact',1235,'${this.ip}'),(10141,1176,'node_artifact',1235,'${this.ip}'),(10142,1177,'node_artifact',1235,'${this.ip}'),(10143,1178,'node_artifact',1235,'${监控机.ip}'),(10144,1179,'node_artifact',1235,'${监控机.ip}'),(10145,1180,'node_artifact',1235,'${this.ip}'),(10146,1181,'node_artifact',1235,'${this.ip}'),(10147,1182,'node_artifact',1235,'${this.ip}'),(10148,1183,'node_artifact',1235,'${监控机.ip}'),(10149,1184,'node_artifact',1235,'${监控机.ip}'),(10150,1185,'node_artifact',1235,'14'),(10151,1186,'node_artifact',1235,'1101'),(10152,1187,'node_artifact',1235,'${监控机.ip}'),(10153,1188,'node_artifact',1235,'30000'),(10154,1189,'node_artifact',1235,'${监控机.ip}'),(10155,1190,'node_artifact',1235,'31000'),(10156,1191,'node_artifact',1235,'29000'),(10176,1130,'node_artifact',1236,'${this.ip}'),(10177,1131,'node_artifact',1236,'${this.ip}'),(10178,1132,'node_artifact',1236,'jdbc:oracle:thin:@10.191.1.5:1521:orcl'),(10179,1133,'node_artifact',1236,'12'),(10180,1134,'node_artifact',1236,'1103'),(10181,1135,'node_artifact',1236,'${this.ip}'),(10182,1136,'node_artifact',1236,'30000'),(10183,1137,'node_artifact',1236,'${this.ip}'),(10184,1138,'node_artifact',1236,'31000'),(10185,1139,'node_artifact',1236,'39000'),(10186,1200,'node_artifact',1236,'gessgnel'),(10187,1201,'node_artifact',1236,'fnOBnL7uH0GCCVI3hYvZNQ=='),(10200,1140,'node_artifact',1237,'${监控机.ip}'),(10201,1141,'node_artifact',1237,'${报盘机.ip\':18250\'}${报盘机.ip\':18260\'}'),(10202,1142,'node_artifact',1237,'${报盘机.ip\':18299\'}'),(10203,1143,'node_artifact',1237,'jdbc:oracle:thin:@10.191.1.5:1521:orcl'),(10204,1144,'node_artifact',1237,'${监控机.ip\':30000\'}'),(10205,1145,'node_artifact',1237,'${监控机.ip\':31000\'}'),(10206,1146,'node_artifact',1237,'${交易机.ip\':17000\'}'),(10207,1147,'node_artifact',1237,'${交易机.ip\':15000\'}'),(10208,1148,'node_artifact',1237,'${交易机.ip}'),(10209,1149,'node_artifact',1237,'${交易机.ip}'),(10210,1150,'node_artifact',1237,'${交易机.ip}'),(10211,1151,'node_artifact',1237,'11'),(10212,1152,'node_artifact',1237,'1102'),(10213,1153,'node_artifact',1237,'${监控机.ip}'),(10214,1154,'node_artifact',1237,'30000'),(10215,1155,'node_artifact',1237,'${监控机.ip}'),(10216,1156,'node_artifact',1237,'31000'),(10217,1157,'node_artifact',1237,'29000'),(10218,1202,'node_artifact',1237,'gessgnel'),(10219,1203,'node_artifact',1237,'B3386I9ufbk='),(10220,1204,'node_artifact',1237,'gessgnel'),(10221,1205,'node_artifact',1237,'fnOBnL7uH0GCCVI3hYvZNQ=='),(10244,1158,'node_artifact',1239,'${this.ip}'),(10245,1159,'node_artifact',1239,'${监控机.ip}'),(10246,1160,'node_artifact',1239,'${交易机.ip\':15000\'}'),(10247,1161,'node_artifact',1239,'${交易机.ip\':16000\'}'),(10248,1162,'node_artifact',1239,'${交易机.ip\':20000\'}'),(10249,1163,'node_artifact',1239,'${交易机.ip\':17000\'}'),(10250,1164,'node_artifact',1239,'${交易机.ip\':21000\'}'),(10251,1165,'node_artifact',1239,'${交易机.ip\':15000\'}'),(10252,1166,'node_artifact',1239,'13'),(10253,1167,'node_artifact',1239,'1104'),(10254,1168,'node_artifact',1239,'${监控机.ip}'),(10255,1169,'node_artifact',1239,'30000'),(10256,1170,'node_artifact',1239,'${监控机.ip}'),(10257,1171,'node_artifact',1239,'31000'),(10258,1172,'node_artifact',1239,'49000'),(10274,1173,'node_artifact',1241,'${this.ip}'),(10275,1174,'node_artifact',1241,'${监控机.ip}'),(10276,1175,'node_artifact',1241,'${this.ip}'),(10277,1176,'node_artifact',1241,'${this.ip}'),(10278,1177,'node_artifact',1241,'${this.ip}'),(10279,1178,'node_artifact',1241,'${监控机.ip}'),(10280,1179,'node_artifact',1241,'${监控机.ip}'),(10281,1180,'node_artifact',1241,'${this.ip}'),(10282,1181,'node_artifact',1241,'${this.ip}'),(10283,1182,'node_artifact',1241,'${this.ip}'),(10284,1183,'node_artifact',1241,'${监控机.ip}'),(10285,1184,'node_artifact',1241,'${监控机.ip}'),(10286,1185,'node_artifact',1241,'14'),(10287,1186,'node_artifact',1241,'1101'),(10288,1187,'node_artifact',1241,'${监控机.ip}'),(10289,1188,'node_artifact',1241,'30000'),(10290,1189,'node_artifact',1241,'${监控机.ip}'),(10291,1190,'node_artifact',1241,'31000'),(10292,1191,'node_artifact',1241,'29000'),(10788,1130,'node_artifact',1242,'${this.ip}'),(10789,1131,'node_artifact',1242,'${this.ip}'),(10790,1132,'node_artifact',1242,'jdbc:oracle:thin:@10.191.1.5:1521:orcl'),(10791,1133,'node_artifact',1242,'12'),(10792,1134,'node_artifact',1242,'1103'),(10793,1135,'node_artifact',1242,'${this.ip}'),(10794,1136,'node_artifact',1242,'30000'),(10795,1137,'node_artifact',1242,'${this.ip}'),(10796,1138,'node_artifact',1242,'31000'),(10797,1139,'node_artifact',1242,'39000'),(10798,1200,'node_artifact',1242,'gessgnel'),(10799,1201,'node_artifact',1242,'fnOBnL7uH0GCCVI3hYvZNQ=='),(10812,1140,'node_artifact',1243,'${监控机.ip}'),(10813,1141,'node_artifact',1243,'${报盘机.ip\':18250\'}${报盘机.ip\':18260\'}'),(10814,1142,'node_artifact',1243,'${报盘机.ip\':18299\'}'),(10815,1143,'node_artifact',1243,'jdbc:oracle:thin:@10.191.1.5:1521:orcl'),(10816,1144,'node_artifact',1243,'${监控机.ip\':30000\'}'),(10817,1145,'node_artifact',1243,'${监控机.ip\':31000\'}'),(10818,1146,'node_artifact',1243,'${交易机.ip\':17000\'}'),(10819,1147,'node_artifact',1243,'${交易机.ip\':15000\'}'),(10820,1148,'node_artifact',1243,'${交易机.ip}'),(10821,1149,'node_artifact',1243,'${交易机.ip}'),(10822,1150,'node_artifact',1243,'${交易机.ip}'),(10823,1151,'node_artifact',1243,'11'),(10824,1152,'node_artifact',1243,'1102'),(10825,1153,'node_artifact',1243,'${监控机.ip}'),(10826,1154,'node_artifact',1243,'30000'),(10827,1155,'node_artifact',1243,'${监控机.ip}'),(10828,1156,'node_artifact',1243,'31000'),(10829,1157,'node_artifact',1243,'29000'),(10830,1202,'node_artifact',1243,'gessgnel'),(10831,1203,'node_artifact',1243,'B3386I9ufbk='),(10832,1204,'node_artifact',1243,'gessgnel'),(10833,1205,'node_artifact',1243,'fnOBnL7uH0GCCVI3hYvZNQ=='),(10856,1158,'node_artifact',1245,'${this.ip}'),(10857,1159,'node_artifact',1245,'${监控机.ip}'),(10858,1160,'node_artifact',1245,'${交易机.ip\':15000\'}'),(10859,1161,'node_artifact',1245,'${交易机.ip\':16000\'}'),(10860,1162,'node_artifact',1245,'${交易机.ip\':20000\'}'),(10861,1163,'node_artifact',1245,'${交易机.ip\':17000\'}'),(10862,1164,'node_artifact',1245,'${交易机.ip\':21000\'}'),(10863,1165,'node_artifact',1245,'${交易机.ip\':15000\'}'),(10864,1166,'node_artifact',1245,'13'),(10865,1167,'node_artifact',1245,'1104'),(10866,1168,'node_artifact',1245,'${监控机.ip}'),(10867,1169,'node_artifact',1245,'30000'),(10868,1170,'node_artifact',1245,'${监控机.ip}'),(10869,1171,'node_artifact',1245,'31000'),(10870,1172,'node_artifact',1245,'49000'),(10886,1173,'node_artifact',1247,'${this.ip}'),(10887,1174,'node_artifact',1247,'${监控机.ip}'),(10888,1175,'node_artifact',1247,'${this.ip}'),(10889,1176,'node_artifact',1247,'${this.ip}'),(10890,1177,'node_artifact',1247,'${this.ip}'),(10891,1178,'node_artifact',1247,'${监控机.ip}'),(10892,1179,'node_artifact',1247,'${监控机.ip}'),(10893,1180,'node_artifact',1247,'${this.ip}'),(10894,1181,'node_artifact',1247,'${this.ip}'),(10895,1182,'node_artifact',1247,'${this.ip}'),(10896,1183,'node_artifact',1247,'${监控机.ip}'),(10897,1184,'node_artifact',1247,'${监控机.ip}'),(10898,1185,'node_artifact',1247,'14'),(10899,1186,'node_artifact',1247,'1101'),(10900,1187,'node_artifact',1247,'${监控机.ip}'),(10901,1188,'node_artifact',1247,'30000'),(10902,1189,'node_artifact',1247,'${监控机.ip}'),(10903,1190,'node_artifact',1247,'31000'),(10904,1191,'node_artifact',1247,'29000'),(10992,1158,'node_artifact',1248,'${this.ip}'),(10993,1159,'node_artifact',1248,'${this.ip}'),(10994,1160,'node_artifact',1248,'${linux.ip\':15000\'}'),(10995,1161,'node_artifact',1248,'${linux.ip\':16000\'}'),(10996,1162,'node_artifact',1248,'${linux.ip\':20000\'}'),(10997,1163,'node_artifact',1248,'${linux.ip\':17000\'}'),(10998,1164,'node_artifact',1248,'${linux.ip\':21000\'}'),(10999,1165,'node_artifact',1248,'${linux.ip\':15000\'}'),(11000,1166,'node_artifact',1248,'13'),(11001,1167,'node_artifact',1248,'1104'),(11002,1168,'node_artifact',1248,'${this.ip}'),(11003,1169,'node_artifact',1248,'30000'),(11004,1170,'node_artifact',1248,'${this.ip}'),(11005,1171,'node_artifact',1248,'31000'),(11006,1172,'node_artifact',1248,'49000'),(11022,1206,'node_artifact',1249,'1.sql,2.sql'),(11023,1207,'node_artifact',1249,'qintest032401'),(11024,1208,'node_artifact',1249,'qintest032401'),(11025,1209,'node_artifact',1249,'DATA_01'),(11026,1210,'node_artifact',1249,'IDX_01'),(11027,1211,'node_artifact',1249,'DATA_02'),(11028,1212,'node_artifact',1249,'IDX_02'),(11029,1213,'node_artifact',1249,'DATA_03'),(11030,1214,'node_artifact',1249,'IDX_03'),(11031,1215,'node_artifact',1249,'qintest032401'),(11172,1130,'node_artifact_install',1257,'${this.ip}'),(11173,1131,'node_artifact_install',1257,'${this.ip}'),(11174,1132,'node_artifact_install',1257,'jdbc:oracle:thin:@10.191.1.5:1521:orcl'),(11175,1133,'node_artifact_install',1257,'12'),(11176,1134,'node_artifact_install',1257,'1103'),(11177,1135,'node_artifact_install',1257,'${this.ip}'),(11178,1136,'node_artifact_install',1257,'30000'),(11179,1137,'node_artifact_install',1257,'${this.ip}'),(11180,1138,'node_artifact_install',1257,'31000'),(11181,1139,'node_artifact_install',1257,'39000'),(11182,1200,'node_artifact_install',1257,'gessgnel'),(11183,1201,'node_artifact_install',1257,'fnOBnL7uH0GCCVI3hYvZNQ=='),(11228,1140,'node_artifact',1250,'10.204.120.152'),(11229,1141,'node_artifact',1250,'10.204.120.153:18250,10.204.120.153:18260'),(11230,1142,'node_artifact',1250,'10.204.120.153:18299'),(11231,1143,'node_artifact',1250,'jdbc:oracle:thin:@10.204.120.155:1521:gessdb'),(11232,1144,'node_artifact',1250,'10.204.120.152:30000'),(11233,1145,'node_artifact',1250,'10.204.120.152:31000'),(11234,1146,'node_artifact',1250,'10.204.120.159:17000'),(11235,1147,'node_artifact',1250,'10.204.120.159:15000'),(11236,1148,'node_artifact',1250,'10.204.120.159'),(11237,1149,'node_artifact',1250,'10.204.120.159'),(11238,1150,'node_artifact',1250,'10.204.120.159'),(11239,1151,'node_artifact',1250,'11'),(11240,1152,'node_artifact',1250,'1102'),(11241,1153,'node_artifact',1250,'10.204.120.152'),(11242,1154,'node_artifact',1250,'30000'),(11243,1155,'node_artifact',1250,'10.204.120.152'),(11244,1156,'node_artifact',1250,'31000'),(11245,1157,'node_artifact',1250,'29000'),(11246,1202,'node_artifact',1250,''),(11247,1203,'node_artifact',1250,''),(11248,1204,'node_artifact',1250,''),(11249,1205,'node_artifact',1250,''),(11582,1140,'node_artifact',1251,'10.204.120.152'),(11583,1141,'node_artifact',1251,'10.204.120.153:18250,10.204.120.153:18260'),(11584,1142,'node_artifact',1251,'10.204.120.153:18299'),(11585,1143,'node_artifact',1251,'jdbc:oracle:thin:@10.204.120.155:1521:gessdb'),(11586,1144,'node_artifact',1251,'10.204.120.152:30000'),(11587,1145,'node_artifact',1251,'10.204.120.152:31000'),(11588,1146,'node_artifact',1251,'10.204.120.159:17000'),(11589,1147,'node_artifact',1251,'10.204.120.159:15000'),(11590,1148,'node_artifact',1251,'10.204.120.159'),(11591,1149,'node_artifact',1251,'10.204.120.159'),(11592,1150,'node_artifact',1251,'10.204.120.159'),(11593,1151,'node_artifact',1251,'11'),(11594,1152,'node_artifact',1251,'1102'),(11595,1153,'node_artifact',1251,'10.204.120.152'),(11596,1154,'node_artifact',1251,'30000'),(11597,1155,'node_artifact',1251,'10.204.120.152'),(11598,1156,'node_artifact',1251,'31000'),(11599,1157,'node_artifact',1251,'29000'),(11600,1202,'node_artifact',1251,''),(11601,1203,'node_artifact',1251,''),(11602,1204,'node_artifact',1251,''),(11603,1205,'node_artifact',1251,''),(11626,1173,'node_artifact',1252,'10.204.120.153'),(11627,1174,'node_artifact',1252,'10.204.120.152'),(11628,1175,'node_artifact',1252,'10.204.120.153'),(11629,1176,'node_artifact',1252,'10.204.120.153'),(11630,1177,'node_artifact',1252,'10.204.120.153'),(11631,1178,'node_artifact',1252,''),(11632,1179,'node_artifact',1252,''),(11633,1180,'node_artifact',1252,''),(11634,1181,'node_artifact',1252,''),(11635,1182,'node_artifact',1252,''),(11636,1183,'node_artifact',1252,''),(11637,1184,'node_artifact',1252,''),(11638,1185,'node_artifact',1252,'14'),(11639,1186,'node_artifact',1252,'1101'),(11640,1187,'node_artifact',1252,''),(11641,1188,'node_artifact',1252,'30000'),(11642,1189,'node_artifact',1252,''),(11643,1190,'node_artifact',1252,'31000'),(11644,1191,'node_artifact',1252,'29000'),(11664,1158,'node_artifact',1254,'10.204.120.175'),(11665,1159,'node_artifact',1254,'10.204.120.152'),(11666,1160,'node_artifact',1254,'10.204.120.159:15000'),(11667,1161,'node_artifact',1254,'10.204.120.159:16000'),(11668,1162,'node_artifact',1254,'10.204.120.159:20000'),(11669,1163,'node_artifact',1254,'10.204.120.159:17000'),(11670,1164,'node_artifact',1254,'10.204.120.159:21000'),(11671,1165,'node_artifact',1254,'10.204.120.159:15000'),(11672,1166,'node_artifact',1254,'13'),(11673,1167,'node_artifact',1254,'1104'),(11674,1168,'node_artifact',1254,'10.204.120.152'),(11675,1169,'node_artifact',1254,'30000'),(11676,1170,'node_artifact',1254,'10.204.120.152'),(11677,1171,'node_artifact',1254,'31000'),(11678,1172,'node_artifact',1254,'49000'),(11694,1130,'node_artifact',1255,'10.204.120.152'),(11695,1131,'node_artifact',1255,'10.204.120.152'),(11696,1132,'node_artifact',1255,'jdbc:oracle:thin:@10.204.120.155:1521:gessdb'),(11697,1133,'node_artifact',1255,'12'),(11698,1134,'node_artifact',1255,'1103'),(11699,1135,'node_artifact',1255,'10.204.120.152'),(11700,1136,'node_artifact',1255,'30000'),(11701,1137,'node_artifact',1255,'10.204.120.152'),(11702,1138,'node_artifact',1255,'31000'),(11703,1139,'node_artifact',1255,'39000'),(11704,1200,'node_artifact',1255,''),(11705,1201,'node_artifact',1255,''),(11878,1130,'node_artifact',1256,'${this.ip}'),(11879,1131,'node_artifact',1256,'{监控.ip}'),(11880,1132,'node_artifact',1256,'jdbc:oracle:thin:@10.204.120.155:1521:gessdb'),(11881,1133,'node_artifact',1256,'12'),(11882,1134,'node_artifact',1256,'1103'),(11883,1135,'node_artifact',1256,'{监控.ip}'),(11884,1136,'node_artifact',1256,'30000'),(11885,1137,'node_artifact',1256,'{监控.ip}'),(11886,1138,'node_artifact',1256,'31000'),(11887,1139,'node_artifact',1256,'39000'),(11888,1200,'node_artifact',1256,''),(11889,1201,'node_artifact',1256,''),(11890,1283,'node_artifact',1256,'ylink01'),(11891,1284,'node_artifact',1256,'ylink01'),(11892,1285,'node_artifact',1256,''),(11893,1140,'node_artifact',1257,'{监控.ip}'),(11894,1141,'node_artifact',1257,'10.204.120.153:18250,10.204.120.153:18260'),(11895,1142,'node_artifact',1257,'10.204.120.153:18299'),(11896,1143,'node_artifact',1257,'jdbc:oracle:thin:@10.204.120.155:1521:gessdb'),(11897,1144,'node_artifact',1257,'10.204.120.152:30000'),(11898,1145,'node_artifact',1257,'10.204.120.152:31000'),(11899,1146,'node_artifact',1257,'10.204.120.159:17000'),(11900,1147,'node_artifact',1257,'10.204.120.159:15000'),(11901,1148,'node_artifact',1257,'10.204.120.159'),(11902,1149,'node_artifact',1257,'10.204.120.159'),(11903,1150,'node_artifact',1257,'10.204.120.159'),(11904,1151,'node_artifact',1257,'11'),(11905,1152,'node_artifact',1257,'1102'),(11906,1153,'node_artifact',1257,'10.204.120.152'),(11907,1154,'node_artifact',1257,'30000'),(11908,1155,'node_artifact',1257,'10.204.120.152'),(11909,1156,'node_artifact',1257,'31000'),(11910,1157,'node_artifact',1257,'29000'),(11911,1202,'node_artifact',1257,''),(11912,1203,'node_artifact',1257,''),(11913,1204,'node_artifact',1257,''),(11914,1205,'node_artifact',1257,''),(11915,1286,'node_artifact',1257,'ylink02'),(11916,1287,'node_artifact',1257,'ylink02'),(11917,1288,'node_artifact',1257,''),(11918,1158,'node_artifact',1258,'10.204.120.175'),(11919,1159,'node_artifact',1258,'10.204.120.152'),(11920,1160,'node_artifact',1258,'10.204.120.159:15000'),(11921,1161,'node_artifact',1258,'10.204.120.159:16000'),(11922,1162,'node_artifact',1258,'10.204.120.159:20000'),(11923,1163,'node_artifact',1258,'10.204.120.159:17000'),(11924,1164,'node_artifact',1258,'10.204.120.159:21000'),(11925,1165,'node_artifact',1258,'10.204.120.159:15000'),(11926,1166,'node_artifact',1258,'13'),(11927,1167,'node_artifact',1258,'1104'),(11928,1168,'node_artifact',1258,'10.204.120.152'),(11929,1169,'node_artifact',1258,'30000'),(11930,1170,'node_artifact',1258,'10.204.120.152'),(11931,1171,'node_artifact',1258,'31000'),(11932,1172,'node_artifact',1258,'49000'),(11933,1289,'node_artifact',1258,'ylink03'),(11934,1290,'node_artifact',1258,'ylink03'),(11935,1291,'node_artifact',1258,'tst'),(11994,1173,'node_artifact',1259,'{this.ip}'),(11995,1174,'node_artifact',1259,'{监控.ip}'),(11996,1175,'node_artifact',1259,'{this.ip}'),(11997,1176,'node_artifact',1259,'{this.ip}'),(11998,1177,'node_artifact',1259,'{this.ip}'),(11999,1178,'node_artifact',1259,'{监控.ip}'),(12000,1179,'node_artifact',1259,'{监控.ip}'),(12001,1180,'node_artifact',1259,'{this.ip}'),(12002,1181,'node_artifact',1259,'{this.ip}'),(12003,1182,'node_artifact',1259,'{this.ip}'),(12004,1183,'node_artifact',1259,'{监控.ip}'),(12005,1184,'node_artifact',1259,'{监控.ip}'),(12006,1185,'node_artifact',1259,'14'),(12007,1186,'node_artifact',1259,'1101'),(12008,1187,'node_artifact',1259,'{监控.ip}'),(12009,1188,'node_artifact',1259,'30000'),(12010,1189,'node_artifact',1259,'{监控.ip}'),(12011,1190,'node_artifact',1259,'31000'),(12012,1191,'node_artifact',1259,'29000'),(12134,1140,'node_artifact',1260,'{监控.ip}'),(12135,1141,'node_artifact',1260,'{报盘机.ip'),(12136,1142,'node_artifact',1260,'{报盘机.ip'),(12137,1143,'node_artifact',1260,'jdbc:oracle:thin:@10.204.120.155:1521:gessdb'),(12138,1144,'node_artifact',1260,'{监控.ip'),(12139,1145,'node_artifact',1260,'{监控.ip'),(12140,1146,'node_artifact',1260,'{交易.ip'),(12141,1147,'node_artifact',1260,'{交易.ip'),(12142,1148,'node_artifact',1260,'{交易.ip}'),(12143,1149,'node_artifact',1260,'{交易.ip}'),(12144,1150,'node_artifact',1260,'{交易.ip}'),(12145,1151,'node_artifact',1260,'11'),(12146,1152,'node_artifact',1260,'1102'),(12147,1153,'node_artifact',1260,'{监控.ip}'),(12148,1154,'node_artifact',1260,'30000'),(12149,1155,'node_artifact',1260,'{监控.ip}'),(12150,1156,'node_artifact',1260,'31000'),(12151,1157,'node_artifact',1260,'29000'),(12152,1202,'node_artifact',1260,''),(12153,1203,'node_artifact',1260,''),(12154,1204,'node_artifact',1260,''),(12155,1205,'node_artifact',1260,''),(12156,1286,'node_artifact',1260,''),(12157,1287,'node_artifact',1260,''),(12158,1288,'node_artifact',1260,''),(12184,1130,'node_artifact',1261,'${this.ip}'),(12185,1131,'node_artifact',1261,'{监控.ip}'),(12186,1132,'node_artifact',1261,'jdbc:oracle:thin:@10.204.120.155:1521:gessdb'),(12187,1133,'node_artifact',1261,'12'),(12188,1134,'node_artifact',1261,'1103'),(12189,1135,'node_artifact',1261,'{监控.ip}'),(12190,1136,'node_artifact',1261,'30000'),(12191,1137,'node_artifact',1261,'{监控.ip}'),(12192,1138,'node_artifact',1261,'31000'),(12193,1139,'node_artifact',1261,'39000'),(12194,1200,'node_artifact',1261,''),(12195,1201,'node_artifact',1261,''),(12196,1283,'node_artifact',1261,''),(12197,1284,'node_artifact',1261,''),(12198,1285,'node_artifact',1261,''),(12214,1158,'node_artifact',1262,'{this.ip}'),(12215,1159,'node_artifact',1262,'{监控.ip}'),(12216,1160,'node_artifact',1262,'{交易.ip\':15000\'}'),(12217,1161,'node_artifact',1262,'{交易.ip\':16000\'}'),(12218,1162,'node_artifact',1262,'{交易.ip\':20000\'}'),(12219,1163,'node_artifact',1262,'{交易.ip\':17000\'}'),(12220,1164,'node_artifact',1262,'{交易.ip\':21000\'}'),(12221,1165,'node_artifact',1262,'{交易.ip\':15000\'}'),(12222,1166,'node_artifact',1262,'13'),(12223,1167,'node_artifact',1262,'1104'),(12224,1168,'node_artifact',1262,'{监控.ip}'),(12225,1169,'node_artifact',1262,'30000'),(12226,1170,'node_artifact',1262,'{监控.ip}'),(12227,1171,'node_artifact',1262,'31000'),(12228,1172,'node_artifact',1262,'49000'),(12229,1289,'node_artifact',1262,''),(12230,1290,'node_artifact',1262,''),(12231,1291,'node_artifact',1262,''),(12250,1173,'node_artifact',1263,'{this.ip}'),(12251,1174,'node_artifact',1263,'{监控.ip}'),(12252,1175,'node_artifact',1263,'{this.ip}'),(12253,1176,'node_artifact',1263,'{this.ip}'),(12254,1177,'node_artifact',1263,'{this.ip}'),(12255,1178,'node_artifact',1263,'{监控.ip}'),(12256,1179,'node_artifact',1263,'{监控.ip}'),(12257,1180,'node_artifact',1263,'{this.ip}'),(12258,1181,'node_artifact',1263,'{this.ip}'),(12259,1182,'node_artifact',1263,'{this.ip}'),(12260,1183,'node_artifact',1263,'{监控.ip}'),(12261,1184,'node_artifact',1263,'{监控.ip}'),(12262,1185,'node_artifact',1263,'14'),(12263,1186,'node_artifact',1263,'1101'),(12264,1187,'node_artifact',1263,'{监控.ip}'),(12265,1188,'node_artifact',1263,'30000'),(12266,1189,'node_artifact',1263,'{监控.ip}'),(12267,1190,'node_artifact',1263,'31000'),(12268,1191,'node_artifact',1263,'29000'),(12365,1130,'node_artifact',1264,'${this.ip}'),(12366,1131,'node_artifact',1264,'${linux.ip}'),(12367,1132,'node_artifact',1264,'jdbc:oracle:thin:@10.191.1.5:1521:orcl'),(12368,1133,'node_artifact',1264,'12'),(12369,1134,'node_artifact',1264,'1103'),(12370,1135,'node_artifact',1264,'${linux.ip}'),(12371,1136,'node_artifact',1264,'30000'),(12372,1137,'node_artifact',1264,'${linux.ip}'),(12373,1138,'node_artifact',1264,'31000'),(12374,1139,'node_artifact',1264,'39000'),(12375,1200,'node_artifact',1264,'gessgnel'),(12376,1201,'node_artifact',1264,'fnOBnL7uH0GCCVI3hYvZNQ=='),(12377,1283,'node_artifact',1264,'ylink01'),(12378,1284,'node_artifact',1264,'ylink01'),(12379,1285,'node_artifact',1264,''),(12380,1140,'node_artifact',1265,'${linux.ip}'),(12381,1141,'node_artifact',1265,'${报盘机.ip\':18250\'}${报盘机.ip\':18260\'}'),(12382,1142,'node_artifact',1265,'${报盘机.ip}'),(12383,1143,'node_artifact',1265,'jdbc:oracle:thin:@10.191.1.5:1521:orcl'),(12384,1144,'node_artifact',1265,'${linux.ip}'),(12385,1145,'node_artifact',1265,'${linux.ip}'),(12386,1146,'node_artifact',1265,'${linux.ip}'),(12387,1147,'node_artifact',1265,'${linux.ip}'),(12388,1148,'node_artifact',1265,'${linux.ip}'),(12389,1149,'node_artifact',1265,'${linux.ip}'),(12390,1150,'node_artifact',1265,'${linux.ip}'),(12391,1151,'node_artifact',1265,'11'),(12392,1152,'node_artifact',1265,'1102'),(12393,1153,'node_artifact',1265,'${linux.ip}'),(12394,1154,'node_artifact',1265,'30000'),(12395,1155,'node_artifact',1265,'${linux.ip}'),(12396,1156,'node_artifact',1265,'31000'),(12397,1157,'node_artifact',1265,'29000'),(12398,1202,'node_artifact',1265,'gessgnel'),(12399,1203,'node_artifact',1265,'fnOBnL7uH0GCCVI3hYvZNQ=='),(12400,1204,'node_artifact',1265,'gessgnel'),(12401,1205,'node_artifact',1265,'fnOBnL7uH0GCCVI3hYvZNQ=='),(12402,1286,'node_artifact',1265,'ylink02'),(12403,1287,'node_artifact',1265,'ylink02'),(12404,1288,'node_artifact',1265,''),(12405,1158,'node_artifact',1266,'${this.ip}'),(12406,1159,'node_artifact',1266,'${linux.ip}'),(12407,1160,'node_artifact',1266,'${linux.ip}'),(12408,1161,'node_artifact',1266,'${linux.ip}'),(12409,1162,'node_artifact',1266,'${linux.ip}'),(12410,1163,'node_artifact',1266,'${linux.ip}'),(12411,1164,'node_artifact',1266,'${linux.ip}'),(12412,1165,'node_artifact',1266,'${linux.ip}'),(12413,1166,'node_artifact',1266,'13'),(12414,1167,'node_artifact',1266,'1104'),(12415,1168,'node_artifact',1266,'${linux.ip}'),(12416,1169,'node_artifact',1266,'30000'),(12417,1170,'node_artifact',1266,'${linux.ip}'),(12418,1171,'node_artifact',1266,'31000'),(12419,1172,'node_artifact',1266,'49000'),(12420,1289,'node_artifact',1266,'ylink02'),(12421,1290,'node_artifact',1266,'ylink02'),(12422,1291,'node_artifact',1266,''),(12481,1173,'node_artifact',1267,'${this.ip}'),(12482,1174,'node_artifact',1267,'${linux.ip}'),(12483,1175,'node_artifact',1267,'${this.ip}'),(12484,1176,'node_artifact',1267,'${this.ip}'),(12485,1177,'node_artifact',1267,'${this.ip}'),(12486,1178,'node_artifact',1267,'${linux.ip}'),(12487,1179,'node_artifact',1267,'${linux.ip}'),(12488,1180,'node_artifact',1267,'${this.ip}'),(12489,1181,'node_artifact',1267,'${this.ip}'),(12490,1182,'node_artifact',1267,'${this.ip}'),(12491,1183,'node_artifact',1267,'${linux.ip}'),(12492,1184,'node_artifact',1267,'${linux.ip}'),(12493,1185,'node_artifact',1267,'14'),(12494,1186,'node_artifact',1267,'1101'),(12495,1187,'node_artifact',1267,'${linux.ip}'),(12496,1188,'node_artifact',1267,'30000'),(12497,1189,'node_artifact',1267,'${linux.ip}'),(12498,1190,'node_artifact',1267,'31000'),(12499,1191,'node_artifact',1267,'29000'),(12775,1130,'node_artifact',1268,'${this.ip}'),(12776,1131,'node_artifact',1268,'{监控.ip}'),(12777,1132,'node_artifact',1268,'jdbc:oracle:thin:@10.204.120.155:1521:gessdb'),(12778,1133,'node_artifact',1268,'12'),(12779,1134,'node_artifact',1268,'1103'),(12780,1135,'node_artifact',1268,'{监控.ip}'),(12781,1136,'node_artifact',1268,'30000'),(12782,1137,'node_artifact',1268,'{监控.ip}'),(12783,1138,'node_artifact',1268,'31000'),(12784,1139,'node_artifact',1268,'39000'),(12785,1200,'node_artifact',1268,''),(12786,1201,'node_artifact',1268,''),(12787,1283,'node_artifact',1268,''),(12788,1284,'node_artifact',1268,''),(12789,1285,'node_artifact',1268,''),(12790,1140,'node_artifact',1269,'{监控.ip}'),(12791,1141,'node_artifact',1269,'{报盘机.ip'),(12792,1142,'node_artifact',1269,'{报盘机.ip'),(12793,1143,'node_artifact',1269,'jdbc:oracle:thin:@10.204.120.155:1521:gessdb'),(12794,1144,'node_artifact',1269,'{监控.ip'),(12795,1145,'node_artifact',1269,'{监控.ip'),(12796,1146,'node_artifact',1269,'{交易.ip'),(12797,1147,'node_artifact',1269,'{交易.ip'),(12798,1148,'node_artifact',1269,'{交易.ip}'),(12799,1149,'node_artifact',1269,'{交易.ip}'),(12800,1150,'node_artifact',1269,'{交易.ip}'),(12801,1151,'node_artifact',1269,'11'),(12802,1152,'node_artifact',1269,'1102'),(12803,1153,'node_artifact',1269,'{监控.ip}'),(12804,1154,'node_artifact',1269,'30000'),(12805,1155,'node_artifact',1269,'{监控.ip}'),(12806,1156,'node_artifact',1269,'31000'),(12807,1157,'node_artifact',1269,'29000'),(12808,1202,'node_artifact',1269,''),(12809,1203,'node_artifact',1269,''),(12810,1204,'node_artifact',1269,''),(12811,1205,'node_artifact',1269,''),(12812,1286,'node_artifact',1269,''),(12813,1287,'node_artifact',1269,''),(12814,1288,'node_artifact',1269,''),(12815,1158,'node_artifact',1270,'{this.ip}'),(12816,1159,'node_artifact',1270,'{监控.ip}'),(12817,1160,'node_artifact',1270,'{交易.ip\':15000\'}'),(12818,1161,'node_artifact',1270,'{交易.ip\':16000\'}'),(12819,1162,'node_artifact',1270,'{交易.ip\':20000\'}'),(12820,1163,'node_artifact',1270,'{交易.ip\':17000\'}'),(12821,1164,'node_artifact',1270,'{交易.ip\':21000\'}'),(12822,1165,'node_artifact',1270,'{交易.ip\':15000\'}'),(12823,1166,'node_artifact',1270,'13'),(12824,1167,'node_artifact',1270,'1104'),(12825,1168,'node_artifact',1270,'{监控.ip}'),(12826,1169,'node_artifact',1270,'30000'),(12827,1170,'node_artifact',1270,'{监控.ip}'),(12828,1171,'node_artifact',1270,'31000'),(12829,1172,'node_artifact',1270,'49000'),(12830,1289,'node_artifact',1270,''),(12831,1290,'node_artifact',1270,''),(12832,1291,'node_artifact',1270,''),(12891,1173,'node_artifact',1271,'{this.ip}'),(12892,1174,'node_artifact',1271,'{监控.ip}'),(12893,1175,'node_artifact',1271,'{this.ip}'),(12894,1176,'node_artifact',1271,'{this.ip}'),(12895,1177,'node_artifact',1271,'{this.ip}'),(12896,1178,'node_artifact',1271,'{监控.ip}'),(12897,1179,'node_artifact',1271,'{监控.ip}'),(12898,1180,'node_artifact',1271,'{this.ip}'),(12899,1181,'node_artifact',1271,'{this.ip}'),(12900,1182,'node_artifact',1271,'{this.ip}'),(12901,1183,'node_artifact',1271,'{监控.ip}'),(12902,1184,'node_artifact',1271,'{监控.ip}'),(12903,1185,'node_artifact',1271,'14'),(12904,1186,'node_artifact',1271,'1101'),(12905,1187,'node_artifact',1271,'{监控.ip}'),(12906,1188,'node_artifact',1271,'30000'),(12907,1189,'node_artifact',1271,'{监控.ip}'),(12908,1190,'node_artifact',1271,'31000'),(12909,1191,'node_artifact',1271,'29000'),(13064,1130,'node_artifact',1272,'${this.ip}'),(13065,1131,'node_artifact',1272,'{监控.ip}'),(13066,1132,'node_artifact',1272,'jdbc:oracle:thin:@10.204.120.155:1521:gessdb'),(13067,1133,'node_artifact',1272,'12'),(13068,1134,'node_artifact',1272,'1103'),(13069,1135,'node_artifact',1272,'{监控.ip}'),(13070,1136,'node_artifact',1272,'30000'),(13071,1137,'node_artifact',1272,'{监控.ip}'),(13072,1138,'node_artifact',1272,'31000'),(13073,1139,'node_artifact',1272,'39000'),(13074,1200,'node_artifact',1272,''),(13075,1201,'node_artifact',1272,''),(13076,1283,'node_artifact',1272,''),(13077,1284,'node_artifact',1272,''),(13078,1285,'node_artifact',1272,''),(13079,1140,'node_artifact',1273,'{监控.ip}'),(13080,1141,'node_artifact',1273,'{报盘机.ip'),(13081,1142,'node_artifact',1273,'{报盘机.ip'),(13082,1143,'node_artifact',1273,'jdbc:oracle:thin:@10.204.120.155:1521:gessdb'),(13083,1144,'node_artifact',1273,'{监控.ip'),(13084,1145,'node_artifact',1273,'{监控.ip'),(13085,1146,'node_artifact',1273,'{交易.ip'),(13086,1147,'node_artifact',1273,'{交易.ip'),(13087,1148,'node_artifact',1273,'{交易.ip}'),(13088,1149,'node_artifact',1273,'{交易.ip}'),(13089,1150,'node_artifact',1273,'{交易.ip}'),(13090,1151,'node_artifact',1273,'11'),(13091,1152,'node_artifact',1273,'1102'),(13092,1153,'node_artifact',1273,'{监控.ip}'),(13093,1154,'node_artifact',1273,'30000'),(13094,1155,'node_artifact',1273,'{监控.ip}'),(13095,1156,'node_artifact',1273,'31000'),(13096,1157,'node_artifact',1273,'29000'),(13097,1202,'node_artifact',1273,''),(13098,1203,'node_artifact',1273,''),(13099,1204,'node_artifact',1273,''),(13100,1205,'node_artifact',1273,''),(13101,1286,'node_artifact',1273,''),(13102,1287,'node_artifact',1273,''),(13103,1288,'node_artifact',1273,''),(13104,1158,'node_artifact',1274,'{this.ip}'),(13105,1159,'node_artifact',1274,'{监控.ip}'),(13106,1160,'node_artifact',1274,'{交易.ip\':15000\'}'),(13107,1161,'node_artifact',1274,'{交易.ip\':16000\'}'),(13108,1162,'node_artifact',1274,'{交易.ip\':20000\'}'),(13109,1163,'node_artifact',1274,'{交易.ip\':17000\'}'),(13110,1164,'node_artifact',1274,'{交易.ip\':21000\'}'),(13111,1165,'node_artifact',1274,'{交易.ip\':15000\'}'),(13112,1166,'node_artifact',1274,'13'),(13113,1167,'node_artifact',1274,'1104'),(13114,1168,'node_artifact',1274,'{监控.ip}'),(13115,1169,'node_artifact',1274,'30000'),(13116,1170,'node_artifact',1274,'{监控.ip}'),(13117,1171,'node_artifact',1274,'31000'),(13118,1172,'node_artifact',1274,'49000'),(13119,1289,'node_artifact',1274,''),(13120,1290,'node_artifact',1274,''),(13121,1291,'node_artifact',1274,''),(13180,1173,'node_artifact',1275,'${this.ip}'),(13181,1174,'node_artifact',1275,'${linux.ip}'),(13182,1175,'node_artifact',1275,'${this.ip}'),(13183,1176,'node_artifact',1275,'${this.ip}'),(13184,1177,'node_artifact',1275,'${this.ip}'),(13185,1178,'node_artifact',1275,'${linux.ip}'),(13186,1179,'node_artifact',1275,'${linux.ip}'),(13187,1180,'node_artifact',1275,'${this.ip}'),(13188,1181,'node_artifact',1275,'${this.ip}'),(13189,1182,'node_artifact',1275,'${this.ip}'),(13190,1183,'node_artifact',1275,'${linux.ip}'),(13191,1184,'node_artifact',1275,'${linux.ip}'),(13192,1185,'node_artifact',1275,'14'),(13193,1186,'node_artifact',1275,'1101'),(13194,1187,'node_artifact',1275,'${linux.ip}'),(13195,1188,'node_artifact',1275,'30000'),(13196,1189,'node_artifact',1275,'${linux.ip}'),(13197,1190,'node_artifact',1275,'31000'),(13198,1191,'node_artifact',1275,'29000'),(13295,1130,'node_artifact',1276,'${this.ip}'),(13296,1131,'node_artifact',1276,'{监控.ip}'),(13297,1132,'node_artifact',1276,'jdbc:oracle:thin:@10.204.120.155:1521:gessdb'),(13298,1133,'node_artifact',1276,'12'),(13299,1134,'node_artifact',1276,'1103'),(13300,1135,'node_artifact',1276,'{监控.ip}'),(13301,1136,'node_artifact',1276,'30000'),(13302,1137,'node_artifact',1276,'{监控.ip}'),(13303,1138,'node_artifact',1276,'31000'),(13304,1139,'node_artifact',1276,'39000'),(13305,1200,'node_artifact',1276,''),(13306,1201,'node_artifact',1276,''),(13307,1283,'node_artifact',1276,''),(13308,1284,'node_artifact',1276,''),(13309,1285,'node_artifact',1276,''),(13310,1140,'node_artifact',1277,'{监控.ip}'),(13311,1141,'node_artifact',1277,'{报盘机.ip'),(13312,1142,'node_artifact',1277,'{报盘机.ip'),(13313,1143,'node_artifact',1277,'jdbc:oracle:thin:@10.204.120.155:1521:gessdb'),(13314,1144,'node_artifact',1277,'{监控.ip'),(13315,1145,'node_artifact',1277,'{监控.ip'),(13316,1146,'node_artifact',1277,'{交易.ip'),(13317,1147,'node_artifact',1277,'{交易.ip'),(13318,1148,'node_artifact',1277,'{交易.ip}'),(13319,1149,'node_artifact',1277,'{交易.ip}'),(13320,1150,'node_artifact',1277,'{交易.ip}'),(13321,1151,'node_artifact',1277,'11'),(13322,1152,'node_artifact',1277,'1102'),(13323,1153,'node_artifact',1277,'{监控.ip}'),(13324,1154,'node_artifact',1277,'30000'),(13325,1155,'node_artifact',1277,'{监控.ip}'),(13326,1156,'node_artifact',1277,'31000'),(13327,1157,'node_artifact',1277,'29000'),(13328,1202,'node_artifact',1277,''),(13329,1203,'node_artifact',1277,''),(13330,1204,'node_artifact',1277,''),(13331,1205,'node_artifact',1277,''),(13332,1286,'node_artifact',1277,''),(13333,1287,'node_artifact',1277,''),(13334,1288,'node_artifact',1277,''),(13335,1158,'node_artifact',1278,'{this.ip}'),(13336,1159,'node_artifact',1278,'{监控.ip}'),(13337,1160,'node_artifact',1278,'{交易.ip\':15000\'}'),(13338,1161,'node_artifact',1278,'{交易.ip\':16000\'}'),(13339,1162,'node_artifact',1278,'{交易.ip\':20000\'}'),(13340,1163,'node_artifact',1278,'{交易.ip\':17000\'}'),(13341,1164,'node_artifact',1278,'{交易.ip\':21000\'}'),(13342,1165,'node_artifact',1278,'{交易.ip\':15000\'}'),(13343,1166,'node_artifact',1278,'13'),(13344,1167,'node_artifact',1278,'1104'),(13345,1168,'node_artifact',1278,'{监控.ip}'),(13346,1169,'node_artifact',1278,'30000'),(13347,1170,'node_artifact',1278,'{监控.ip}'),(13348,1171,'node_artifact',1278,'31000'),(13349,1172,'node_artifact',1278,'49000'),(13350,1289,'node_artifact',1278,''),(13351,1290,'node_artifact',1278,''),(13352,1291,'node_artifact',1278,''),(13411,1173,'node_artifact',1279,'{this.ip}'),(13412,1174,'node_artifact',1279,'{监控.ip}'),(13413,1175,'node_artifact',1279,'{this.ip}'),(13414,1176,'node_artifact',1279,'{this.ip}'),(13415,1177,'node_artifact',1279,'{this.ip}'),(13416,1178,'node_artifact',1279,'{监控.ip}'),(13417,1179,'node_artifact',1279,'{监控.ip}'),(13418,1180,'node_artifact',1279,'{this.ip}'),(13419,1181,'node_artifact',1279,'{this.ip}'),(13420,1182,'node_artifact',1279,'{this.ip}'),(13421,1183,'node_artifact',1279,'{监控.ip}'),(13422,1184,'node_artifact',1279,'{监控.ip}'),(13423,1185,'node_artifact',1279,'14'),(13424,1186,'node_artifact',1279,'1101'),(13425,1187,'node_artifact',1279,'{监控.ip}'),(13426,1188,'node_artifact',1279,'30000'),(13427,1189,'node_artifact',1279,'{监控.ip}'),(13428,1190,'node_artifact',1279,'31000'),(13429,1191,'node_artifact',1279,'29000'),(13526,1130,'node_artifact',1280,'${this.ip}'),(13527,1131,'node_artifact',1280,'{监控.ip}'),(13528,1132,'node_artifact',1280,'jdbc:oracle:thin:@10.204.120.155:1521:gessdb'),(13529,1133,'node_artifact',1280,'12'),(13530,1134,'node_artifact',1280,'1103'),(13531,1135,'node_artifact',1280,'{监控.ip}'),(13532,1136,'node_artifact',1280,'30000'),(13533,1137,'node_artifact',1280,'{监控.ip}'),(13534,1138,'node_artifact',1280,'31000'),(13535,1139,'node_artifact',1280,'39000'),(13536,1200,'node_artifact',1280,''),(13537,1201,'node_artifact',1280,''),(13538,1283,'node_artifact',1280,''),(13539,1284,'node_artifact',1280,''),(13540,1285,'node_artifact',1280,''),(13541,1140,'node_artifact',1281,'{监控.ip}'),(13542,1141,'node_artifact',1281,'{报盘机.ip'),(13543,1142,'node_artifact',1281,'{报盘机.ip'),(13544,1143,'node_artifact',1281,'jdbc:oracle:thin:@10.204.120.155:1521:gessdb'),(13545,1144,'node_artifact',1281,'{监控.ip'),(13546,1145,'node_artifact',1281,'{监控.ip'),(13547,1146,'node_artifact',1281,'{交易.ip'),(13548,1147,'node_artifact',1281,'{交易.ip'),(13549,1148,'node_artifact',1281,'{交易.ip}'),(13550,1149,'node_artifact',1281,'{交易.ip}'),(13551,1150,'node_artifact',1281,'{交易.ip}'),(13552,1151,'node_artifact',1281,'11'),(13553,1152,'node_artifact',1281,'1102'),(13554,1153,'node_artifact',1281,'{监控.ip}'),(13555,1154,'node_artifact',1281,'30000'),(13556,1155,'node_artifact',1281,'{监控.ip}'),(13557,1156,'node_artifact',1281,'31000'),(13558,1157,'node_artifact',1281,'29000'),(13559,1202,'node_artifact',1281,''),(13560,1203,'node_artifact',1281,''),(13561,1204,'node_artifact',1281,''),(13562,1205,'node_artifact',1281,''),(13563,1286,'node_artifact',1281,''),(13564,1287,'node_artifact',1281,''),(13565,1288,'node_artifact',1281,''),(13566,1158,'node_artifact',1282,'{this.ip}'),(13567,1159,'node_artifact',1282,'{监控.ip}'),(13568,1160,'node_artifact',1282,'{交易.ip\':15000\'}'),(13569,1161,'node_artifact',1282,'{交易.ip\':16000\'}'),(13570,1162,'node_artifact',1282,'{交易.ip\':20000\'}'),(13571,1163,'node_artifact',1282,'{交易.ip\':17000\'}'),(13572,1164,'node_artifact',1282,'{交易.ip\':21000\'}'),(13573,1165,'node_artifact',1282,'{交易.ip\':15000\'}'),(13574,1166,'node_artifact',1282,'13'),(13575,1167,'node_artifact',1282,'1104'),(13576,1168,'node_artifact',1282,'{监控.ip}'),(13577,1169,'node_artifact',1282,'30000'),(13578,1170,'node_artifact',1282,'{监控.ip}'),(13579,1171,'node_artifact',1282,'31000'),(13580,1172,'node_artifact',1282,'49000'),(13581,1289,'node_artifact',1282,''),(13582,1290,'node_artifact',1282,''),(13583,1291,'node_artifact',1282,''),(13642,1173,'node_artifact',1283,'${this.ip}'),(13643,1174,'node_artifact',1283,'${linux.ip}'),(13644,1175,'node_artifact',1283,'${this.ip}'),(13645,1176,'node_artifact',1283,'${this.ip}'),(13646,1177,'node_artifact',1283,'${this.ip}'),(13647,1178,'node_artifact',1283,'${linux.ip}'),(13648,1179,'node_artifact',1283,'${linux.ip}'),(13649,1180,'node_artifact',1283,'${this.ip}'),(13650,1181,'node_artifact',1283,'${this.ip}'),(13651,1182,'node_artifact',1283,'${this.ip}'),(13652,1183,'node_artifact',1283,'${linux.ip}'),(13653,1184,'node_artifact',1283,'${linux.ip}'),(13654,1185,'node_artifact',1283,'14'),(13655,1186,'node_artifact',1283,'1101'),(13656,1187,'node_artifact',1283,'${linux.ip}'),(13657,1188,'node_artifact',1283,'30000'),(13658,1189,'node_artifact',1283,'${linux.ip}'),(13659,1190,'node_artifact',1283,'31000'),(13660,1191,'node_artifact',1283,'29000'),(13680,1140,'node_artifact',1284,'{监控.ip}'),(13681,1141,'node_artifact',1284,'{报盘机.ip'),(13682,1142,'node_artifact',1284,'{报盘机.ip'),(13683,1143,'node_artifact',1284,'jdbc:oracle:thin:@10.204.120.155:1521:gessdb'),(13684,1144,'node_artifact',1284,'{监控.ip'),(13685,1145,'node_artifact',1284,'{监控.ip'),(13686,1146,'node_artifact',1284,'{交易.ip'),(13687,1147,'node_artifact',1284,'{交易.ip'),(13688,1148,'node_artifact',1284,'{交易.ip}'),(13689,1149,'node_artifact',1284,'{交易.ip}'),(13690,1150,'node_artifact',1284,'{交易.ip}'),(13691,1151,'node_artifact',1284,'11'),(13692,1152,'node_artifact',1284,'1102'),(13693,1153,'node_artifact',1284,'{监控.ip}'),(13694,1154,'node_artifact',1284,'30000'),(13695,1155,'node_artifact',1284,'{监控.ip}'),(13696,1156,'node_artifact',1284,'31000'),(13697,1157,'node_artifact',1284,'29000'),(13698,1202,'node_artifact',1284,''),(13699,1203,'node_artifact',1284,''),(13700,1204,'node_artifact',1284,''),(13701,1205,'node_artifact',1284,''),(13702,1286,'node_artifact',1284,''),(13703,1287,'node_artifact',1284,''),(13704,1288,'node_artifact',1284,''),(13730,1130,'node_artifact',1285,'${this.ip}'),(13731,1131,'node_artifact',1285,'{监控.ip}'),(13732,1132,'node_artifact',1285,'jdbc:oracle:thin:@10.204.120.155:1521:gessdb'),(13733,1133,'node_artifact',1285,'12'),(13734,1134,'node_artifact',1285,'1103'),(13735,1135,'node_artifact',1285,'{监控.ip}'),(13736,1136,'node_artifact',1285,'30000'),(13737,1137,'node_artifact',1285,'{监控.ip}'),(13738,1138,'node_artifact',1285,'31000'),(13739,1139,'node_artifact',1285,'39000'),(13740,1200,'node_artifact',1285,''),(13741,1201,'node_artifact',1285,''),(13742,1283,'node_artifact',1285,''),(13743,1284,'node_artifact',1285,''),(13744,1285,'node_artifact',1285,''),(13760,1158,'node_artifact',1286,'{this.ip}'),(13761,1159,'node_artifact',1286,'{监控.ip}'),(13762,1160,'node_artifact',1286,'{交易.ip\':15000\'}'),(13763,1161,'node_artifact',1286,'{交易.ip\':16000\'}'),(13764,1162,'node_artifact',1286,'{交易.ip\':20000\'}'),(13765,1163,'node_artifact',1286,'{交易.ip\':17000\'}'),(13766,1164,'node_artifact',1286,'{交易.ip\':21000\'}'),(13767,1165,'node_artifact',1286,'{交易.ip\':15000\'}'),(13768,1166,'node_artifact',1286,'13'),(13769,1167,'node_artifact',1286,'1104'),(13770,1168,'node_artifact',1286,'{监控.ip}'),(13771,1169,'node_artifact',1286,'30000'),(13772,1170,'node_artifact',1286,'{监控.ip}'),(13773,1171,'node_artifact',1286,'31000'),(13774,1172,'node_artifact',1286,'49000'),(13775,1289,'node_artifact',1286,''),(13776,1290,'node_artifact',1286,''),(13777,1291,'node_artifact',1286,''),(13796,1173,'node_artifact',1287,'{this.ip}'),(13797,1174,'node_artifact',1287,'{监控.ip}'),(13798,1175,'node_artifact',1287,'{this.ip}'),(13799,1176,'node_artifact',1287,'{this.ip}'),(13800,1177,'node_artifact',1287,'{this.ip}'),(13801,1178,'node_artifact',1287,'{监控.ip}'),(13802,1179,'node_artifact',1287,'{监控.ip}'),(13803,1180,'node_artifact',1287,'{this.ip}'),(13804,1181,'node_artifact',1287,'{this.ip}'),(13805,1182,'node_artifact',1287,'{this.ip}'),(13806,1183,'node_artifact',1287,'{监控.ip}'),(13807,1184,'node_artifact',1287,'{监控.ip}'),(13808,1185,'node_artifact',1287,'14'),(13809,1186,'node_artifact',1287,'1101'),(13810,1187,'node_artifact',1287,'{监控.ip}'),(13811,1188,'node_artifact',1287,'30000'),(13812,1189,'node_artifact',1287,'{监控.ip}'),(13813,1190,'node_artifact',1287,'31000'),(13814,1191,'node_artifact',1287,'29000'),(14018,1130,'node_artifact',1288,'${this.ip}'),(14019,1131,'node_artifact',1288,'{监控.ip}'),(14020,1132,'node_artifact',1288,'jdbc:oracle:thin:@10.204.120.155:1521:gessdb'),(14021,1133,'node_artifact',1288,'12'),(14022,1134,'node_artifact',1288,'1103'),(14023,1135,'node_artifact',1288,'{监控.ip}'),(14024,1136,'node_artifact',1288,'30000'),(14025,1137,'node_artifact',1288,'{监控.ip}'),(14026,1138,'node_artifact',1288,'31000'),(14027,1139,'node_artifact',1288,'39000'),(14028,1200,'node_artifact',1288,''),(14029,1201,'node_artifact',1288,''),(14030,1283,'node_artifact',1288,''),(14031,1284,'node_artifact',1288,''),(14032,1285,'node_artifact',1288,''),(14033,1140,'node_artifact',1289,'{监控.ip}'),(14034,1141,'node_artifact',1289,'{报盘机.ip'),(14035,1142,'node_artifact',1289,'{报盘机.ip'),(14036,1143,'node_artifact',1289,'jdbc:oracle:thin:@10.204.120.155:1521:gessdb'),(14037,1144,'node_artifact',1289,'{监控.ip'),(14038,1145,'node_artifact',1289,'{监控.ip'),(14039,1146,'node_artifact',1289,'{交易.ip'),(14040,1147,'node_artifact',1289,'{交易.ip'),(14041,1148,'node_artifact',1289,'{交易.ip}'),(14042,1149,'node_artifact',1289,'{交易.ip}'),(14043,1150,'node_artifact',1289,'{交易.ip}'),(14044,1151,'node_artifact',1289,'11'),(14045,1152,'node_artifact',1289,'1102'),(14046,1153,'node_artifact',1289,'{监控.ip}'),(14047,1154,'node_artifact',1289,'30000'),(14048,1155,'node_artifact',1289,'{监控.ip}'),(14049,1156,'node_artifact',1289,'31000'),(14050,1157,'node_artifact',1289,'29000'),(14051,1202,'node_artifact',1289,''),(14052,1203,'node_artifact',1289,''),(14053,1204,'node_artifact',1289,''),(14054,1205,'node_artifact',1289,''),(14055,1286,'node_artifact',1289,''),(14056,1287,'node_artifact',1289,''),(14057,1288,'node_artifact',1289,''),(14058,1158,'node_artifact',1290,'{this.ip}'),(14059,1159,'node_artifact',1290,'{监控.ip}'),(14060,1160,'node_artifact',1290,'{交易.ip\':15000\'}'),(14061,1161,'node_artifact',1290,'{交易.ip\':16000\'}'),(14062,1162,'node_artifact',1290,'{交易.ip\':20000\'}'),(14063,1163,'node_artifact',1290,'{交易.ip\':17000\'}'),(14064,1164,'node_artifact',1290,'{交易.ip\':21000\'}'),(14065,1165,'node_artifact',1290,'{交易.ip\':15000\'}'),(14066,1166,'node_artifact',1290,'13'),(14067,1167,'node_artifact',1290,'1104'),(14068,1168,'node_artifact',1290,'{监控.ip}'),(14069,1169,'node_artifact',1290,'30000'),(14070,1170,'node_artifact',1290,'{监控.ip}'),(14071,1171,'node_artifact',1290,'31000'),(14072,1172,'node_artifact',1290,'49000'),(14073,1289,'node_artifact',1290,''),(14074,1290,'node_artifact',1290,''),(14075,1291,'node_artifact',1290,''),(14134,1173,'node_artifact',1291,'{this.ip}'),(14135,1174,'node_artifact',1291,'{监控.ip}'),(14136,1175,'node_artifact',1291,'{this.ip}'),(14137,1176,'node_artifact',1291,'{this.ip}'),(14138,1177,'node_artifact',1291,'{this.ip}'),(14139,1178,'node_artifact',1291,'{监控.ip}'),(14140,1179,'node_artifact',1291,'{监控.ip}'),(14141,1180,'node_artifact',1291,'{this.ip}'),(14142,1181,'node_artifact',1291,'{this.ip}'),(14143,1182,'node_artifact',1291,'{this.ip}'),(14144,1183,'node_artifact',1291,'{监控.ip}'),(14145,1184,'node_artifact',1291,'{监控.ip}'),(14146,1185,'node_artifact',1291,'14'),(14147,1186,'node_artifact',1291,'1101'),(14148,1187,'node_artifact',1291,'{监控.ip}'),(14149,1188,'node_artifact',1291,'30000'),(14150,1189,'node_artifact',1291,'{监控.ip}'),(14151,1190,'node_artifact',1291,'31000'),(14152,1191,'node_artifact',1291,'29000'),(14478,1130,'node_artifact',1292,'${this.ip}'),(14479,1131,'node_artifact',1292,'{监控.ip}'),(14480,1132,'node_artifact',1292,'jdbc:oracle:thin:@10.204.120.155:1521:gessdb'),(14481,1133,'node_artifact',1292,'12'),(14482,1134,'node_artifact',1292,'1103'),(14483,1135,'node_artifact',1292,'{监控.ip}'),(14484,1136,'node_artifact',1292,'30000'),(14485,1137,'node_artifact',1292,'{监控.ip}'),(14486,1138,'node_artifact',1292,'31000'),(14487,1139,'node_artifact',1292,'39000'),(14488,1200,'node_artifact',1292,''),(14489,1201,'node_artifact',1292,''),(14490,1283,'node_artifact',1292,''),(14491,1284,'node_artifact',1292,''),(14492,1285,'node_artifact',1292,''),(14493,1140,'node_artifact',1293,'{监控.ip}'),(14494,1141,'node_artifact',1293,'{报盘机.ip'),(14495,1142,'node_artifact',1293,'{报盘机.ip'),(14496,1143,'node_artifact',1293,'jdbc:oracle:thin:@10.204.120.155:1521:gessdb'),(14497,1144,'node_artifact',1293,'{监控.ip'),(14498,1145,'node_artifact',1293,'{监控.ip'),(14499,1146,'node_artifact',1293,'{交易.ip'),(14500,1147,'node_artifact',1293,'{交易.ip'),(14501,1148,'node_artifact',1293,'{交易.ip}'),(14502,1149,'node_artifact',1293,'{交易.ip}'),(14503,1150,'node_artifact',1293,'{交易.ip}'),(14504,1151,'node_artifact',1293,'11'),(14505,1152,'node_artifact',1293,'1102'),(14506,1153,'node_artifact',1293,'{监控.ip}'),(14507,1154,'node_artifact',1293,'30000'),(14508,1155,'node_artifact',1293,'{监控.ip}'),(14509,1156,'node_artifact',1293,'31000'),(14510,1157,'node_artifact',1293,'29000'),(14511,1202,'node_artifact',1293,''),(14512,1203,'node_artifact',1293,''),(14513,1204,'node_artifact',1293,''),(14514,1205,'node_artifact',1293,''),(14515,1286,'node_artifact',1293,''),(14516,1287,'node_artifact',1293,''),(14517,1288,'node_artifact',1293,''),(14518,1158,'node_artifact',1294,'{this.ip}'),(14519,1159,'node_artifact',1294,'{监控.ip}'),(14520,1160,'node_artifact',1294,'{交易.ip\':15000\'}'),(14521,1161,'node_artifact',1294,'{交易.ip\':16000\'}'),(14522,1162,'node_artifact',1294,'{交易.ip\':20000\'}'),(14523,1163,'node_artifact',1294,'{交易.ip\':17000\'}'),(14524,1164,'node_artifact',1294,'{交易.ip\':21000\'}'),(14525,1165,'node_artifact',1294,'{交易.ip\':15000\'}'),(14526,1166,'node_artifact',1294,'13'),(14527,1167,'node_artifact',1294,'1104'),(14528,1168,'node_artifact',1294,'{监控.ip}'),(14529,1169,'node_artifact',1294,'30000'),(14530,1170,'node_artifact',1294,'{监控.ip}'),(14531,1171,'node_artifact',1294,'31000'),(14532,1172,'node_artifact',1294,'49000'),(14533,1289,'node_artifact',1294,''),(14534,1290,'node_artifact',1294,''),(14535,1291,'node_artifact',1294,''),(14652,1173,'node_artifact',1295,'{this.ip}'),(14653,1174,'node_artifact',1295,'{监控.ip}'),(14654,1175,'node_artifact',1295,'{this.ip}'),(14655,1176,'node_artifact',1295,'{this.ip}'),(14656,1177,'node_artifact',1295,'{this.ip}'),(14657,1178,'node_artifact',1295,'{监控.ip}'),(14658,1179,'node_artifact',1295,'{监控.ip}'),(14659,1180,'node_artifact',1295,'{this.ip}'),(14660,1181,'node_artifact',1295,'{this.ip}'),(14661,1182,'node_artifact',1295,'{this.ip}'),(14662,1183,'node_artifact',1295,'{监控.ip}'),(14663,1184,'node_artifact',1295,'{监控.ip}'),(14664,1185,'node_artifact',1295,'14'),(14665,1186,'node_artifact',1295,'1101'),(14666,1187,'node_artifact',1295,'{监控.ip}'),(14667,1188,'node_artifact',1295,'30000'),(14668,1189,'node_artifact',1295,'{监控.ip}'),(14669,1190,'node_artifact',1295,'31000'),(14670,1191,'node_artifact',1295,'29000'),(14840,1130,'node_artifact_install',1353,'${this.ip}'),(14841,1131,'node_artifact_install',1353,'${监控.ip}'),(14842,1132,'node_artifact_install',1353,'jdbc:oracle:thin:@10.191.1.5:1521:orcl'),(14843,1133,'node_artifact_install',1353,'12'),(14844,1134,'node_artifact_install',1353,'1103'),(14845,1135,'node_artifact_install',1353,'${监控.ip}'),(14846,1136,'node_artifact_install',1353,'30000'),(14847,1137,'node_artifact_install',1353,'${监控.ip}'),(14848,1138,'node_artifact_install',1353,'31000'),(14849,1139,'node_artifact_install',1353,'39000'),(14850,1200,'node_artifact_install',1353,'gessgnel'),(14851,1201,'node_artifact_install',1353,'fnOBnL7uH0GCCVI3hYvZNQ=='),(14852,1283,'node_artifact_install',1353,'ylink44'),(14853,1284,'node_artifact_install',1353,'ylink44'),(14854,1285,'node_artifact_install',1353,''),(14855,1309,'node_artifact_install',1368,'6620'),(14856,1310,'node_artifact_install',1368,'41'),(14857,1312,'node_artifact_install',1368,'08:00:00'),(14858,1315,'node_artifact_install',1368,'61b08f66'),(14859,1317,'node_artifact_install',1368,'0045'),(14860,1318,'node_artifact_install',1368,'gcp4045'),(14861,1319,'node_artifact_install',1368,'709394'),(14862,1322,'node_artifact_install',1368,'${this.ip}'),(14863,1323,'node_artifact_install',1368,'18266'),(14864,1324,'node_artifact_install',1368,'${this.ip}'),(14865,1325,'node_artifact_install',1368,'25600'),(14866,1326,'node_artifact_install',1368,'${报盘机B.IP}'),(14867,1327,'node_artifact_install',1368,'25600'),(14868,1328,'node_artifact_install',1368,'${监控服务器.IP}'),(14869,1329,'node_artifact_install',1368,'30000'),(14870,1330,'node_artifact_install',1368,'${监控服务.IP}'),(14871,1331,'node_artifact_install',1368,'${this.ip}'),(14872,1332,'node_artifact_install',1368,'29000'),(14873,1351,'node_artifact_install',1368,'5620'),(14874,1352,'node_artifact_install',1368,'41'),(14875,1353,'node_artifact_install',1368,'61b08f66'),(14876,1354,'node_artifact_install',1368,'0045'),(14877,1355,'node_artifact_install',1368,'gcp4045'),(14878,1356,'node_artifact_install',1368,'709394'),(14879,1357,'node_artifact_install',1368,'${this.ip}'),(14880,1358,'node_artifact_install',1368,'18256'),(14881,1359,'node_artifact_install',1368,'${this.ip}'),(14882,1360,'node_artifact_install',1368,'23600'),(14883,1361,'node_artifact_install',1368,'${报盘机B.ip}'),(14884,1362,'node_artifact_install',1368,'23600'),(14885,1363,'node_artifact_install',1368,'${监控服务器.ip}'),(14886,1364,'node_artifact_install',1368,'30000'),(14887,1365,'node_artifact_install',1368,'${监控服务器.ip}'),(14888,1366,'node_artifact_install',1368,'31000'),(14889,1367,'node_artifact_install',1368,'${this.ip}'),(14890,1368,'node_artifact_install',1368,'29000'),(14891,1387,'node_artifact_install',1368,'${this.ip}'),(14892,1388,'node_artifact_install',1368,'41'),(14893,1389,'node_artifact_install',1368,'9701'),(14894,1390,'node_artifact_install',1368,'${监控服务器.ip}'),(14895,1391,'node_artifact_install',1368,'30000'),(14896,1392,'node_artifact_install',1368,'31000'),(14897,1393,'node_artifact_install',1368,'29000'),(14898,1394,'node_artifact_install',1368,'18699'),(14899,1403,'node_artifact_install',1368,'1104'),(14900,1404,'node_artifact_install',1368,'41'),(14901,1405,'node_artifact_install',1368,'${监控服务器.IP}'),(14902,1406,'node_artifact_install',1368,'30000'),(14903,1407,'node_artifact_install',1368,'${监控服务器.IP}'),(14904,1408,'node_artifact_install',1368,'31000'),(14905,1409,'node_artifact_install',1368,'	${this.ip}'),(14906,1410,'node_artifact_install',1368,'29000'),(14907,1411,'node_artifact_install',1368,'3'),(14908,1421,'node_artifact_install',1368,'31000'),(15040,1694,'node_artifact_install',1372,''),(15041,1695,'node_artifact_install',1372,''),(15042,1696,'node_artifact_install',1372,'jdbc:oracle:thin:@10.189.1.6:1521:yptdb'),(15043,1697,'node_artifact_install',1372,'gesscs'),(15044,1698,'node_artifact_install',1372,'BHMz9oj4bWU='),(15045,1699,'node_artifact_install',1372,'${监控服务器.IP}'),(15046,1700,'node_artifact_install',1372,'30000'),(15047,1701,'node_artifact_install',1372,'31000'),(15048,1702,'node_artifact_install',1372,''),(15049,1703,'node_artifact_install',1372,''),(15050,1704,'node_artifact_install',1372,''),(15051,1705,'node_artifact_install',1372,''),(15052,1706,'node_artifact_install',1372,''),(15053,1707,'node_artifact_install',1372,''),(15054,1708,'node_artifact_install',1372,''),(15055,1709,'node_artifact_install',1372,''),(15056,1710,'node_artifact_install',1372,''),(15057,1711,'node_artifact_install',1372,'gesscs'),(15058,1712,'node_artifact_install',1372,'OaOxS2YGxIg='),(15059,1713,'node_artifact_install',1372,''),(15060,1714,'node_artifact_install',1372,''),(15061,1715,'node_artifact_install',1372,''),(15062,1716,'node_artifact_install',1372,''),(15063,1717,'node_artifact_install',1372,''),(15064,1718,'node_artifact_install',1372,'${this.ip}'),(15065,1719,'node_artifact_install',1372,''),(15066,1720,'node_artifact_install',1372,'${this.ip}'),(15067,1721,'node_artifact_install',1372,''),(15068,1722,'node_artifact_install',1372,'${this.ip}'),(15069,1723,'node_artifact_install',1372,''),(15070,1724,'node_artifact_install',1372,''),(15071,1725,'node_artifact_install',1372,''),(15072,1757,'node_artifact_install',1372,''),(15073,1758,'node_artifact_install',1372,'${监控服务器.ip}'),(15074,1759,'node_artifact_install',1372,'30000'),(15075,1760,'node_artifact_install',1372,'${监控服务器.ip}'),(15076,1761,'node_artifact_install',1372,'31000'),(15077,1765,'node_artifact_install',1373,'1.sql,2.sql'),(15078,1766,'node_artifact_install',1373,'gesscs'),(15079,1767,'node_artifact_install',1373,'gesscs'),(15080,1768,'node_artifact_install',1373,'TS_GESS_DATA_01'),(15081,1769,'node_artifact_install',1373,'TS_GESS_IDX_01'),(15082,1770,'node_artifact_install',1373,'TS_GESS_DATA_02'),(15083,1771,'node_artifact_install',1373,'TS_GESS_IDX_02'),(15084,1772,'node_artifact_install',1373,'TS_GESS_DATA_03'),(15085,1773,'node_artifact_install',1373,'TS_GESS_IDX_03'),(15086,1774,'node_artifact_install',1373,'yptdb'),(15087,1775,'node_artifact_install',1373,'gbk'),(15088,1631,'artifact_template',1161,'${this.ip}'),(15089,1632,'artifact_template',1161,''),(15090,1633,'artifact_template',1161,''),(15091,1634,'artifact_template',1161,'${监控服务器.ip}'),(15092,1635,'artifact_template',1161,'30000'),(15093,1636,'artifact_template',1161,'31000'),(15094,1637,'artifact_template',1161,''),(15095,1638,'artifact_template',1161,''),(15096,1639,'artifact_template',1161,''),(15097,1640,'artifact_template',1161,''),(15098,1641,'artifact_template',1161,''),(15099,1642,'artifact_template',1161,''),(15100,1643,'artifact_template',1161,''),(15101,1644,'artifact_template',1161,''),(15102,1645,'artifact_template',1161,''),(15103,1646,'artifact_template',1161,''),(15104,1647,'artifact_template',1161,''),(15105,1648,'artifact_template',1161,'${this.ip}'),(15106,1649,'artifact_template',1161,''),(15107,1650,'artifact_template',1161,''),(15108,1651,'artifact_template',1161,'${监控服务器.ip}'),(15109,1652,'artifact_template',1161,'30000'),(15110,1653,'artifact_template',1161,'31000'),(15111,1654,'artifact_template',1161,''),(15112,1655,'artifact_template',1161,''),(15113,1656,'artifact_template',1161,''),(15114,1657,'artifact_template',1161,''),(15115,1658,'artifact_template',1161,''),(15116,1659,'artifact_template',1161,''),(15117,1660,'artifact_template',1161,''),(15118,1661,'artifact_template',1161,''),(15119,1662,'artifact_template',1161,''),(15120,1663,'artifact_template',1161,''),(15121,1664,'artifact_template',1161,''),(15122,1665,'artifact_template',1161,''),(15123,1666,'artifact_template',1161,''),(15124,1667,'artifact_template',1161,''),(15125,1668,'artifact_template',1161,'${监控服务器.ip}'),(15126,1669,'artifact_template',1161,'30000'),(15127,1670,'artifact_template',1161,'${监控服务器.ip}'),(15128,1671,'artifact_template',1161,'31000'),(15129,1765,'artifact_template',1162,'1.sql,2.sql'),(15130,1766,'artifact_template',1162,'test11'),(15131,1767,'artifact_template',1162,'test11'),(15132,1768,'artifact_template',1162,'TS_GESS_DATA_01'),(15133,1769,'artifact_template',1162,'TS_GESS_IDX_01'),(15134,1770,'artifact_template',1162,'TS_GESS_DATA_02'),(15135,1771,'artifact_template',1162,'TS_GESS_IDX_02'),(15136,1772,'artifact_template',1162,'TS_GESS_DATA_03'),(15137,1773,'artifact_template',1162,'TS_GESS_IDX_03'),(15138,1774,'artifact_template',1162,'yptdb'),(15139,1775,'artifact_template',1162,'gbk'),(15140,1631,'node_artifact',1296,'${this.ip}'),(15141,1632,'node_artifact',1296,''),(15142,1633,'node_artifact',1296,''),(15143,1634,'node_artifact',1296,'${监控服务器.ip}'),(15144,1635,'node_artifact',1296,'30000'),(15145,1636,'node_artifact',1296,'31000'),(15146,1637,'node_artifact',1296,''),(15147,1638,'node_artifact',1296,''),(15148,1639,'node_artifact',1296,''),(15149,1640,'node_artifact',1296,''),(15150,1641,'node_artifact',1296,''),(15151,1642,'node_artifact',1296,''),(15152,1643,'node_artifact',1296,''),(15153,1644,'node_artifact',1296,''),(15154,1645,'node_artifact',1296,''),(15155,1646,'node_artifact',1296,''),(15156,1647,'node_artifact',1296,''),(15157,1648,'node_artifact',1296,'${this.ip}'),(15158,1649,'node_artifact',1296,''),(15159,1650,'node_artifact',1296,''),(15160,1651,'node_artifact',1296,'${监控服务器.ip}'),(15161,1652,'node_artifact',1296,'30000'),(15162,1653,'node_artifact',1296,'31000'),(15163,1654,'node_artifact',1296,''),(15164,1655,'node_artifact',1296,''),(15165,1656,'node_artifact',1296,''),(15166,1657,'node_artifact',1296,''),(15167,1658,'node_artifact',1296,''),(15168,1659,'node_artifact',1296,''),(15169,1660,'node_artifact',1296,''),(15170,1661,'node_artifact',1296,''),(15171,1662,'node_artifact',1296,''),(15172,1663,'node_artifact',1296,''),(15173,1664,'node_artifact',1296,''),(15174,1665,'node_artifact',1296,''),(15175,1666,'node_artifact',1296,''),(15176,1667,'node_artifact',1296,''),(15177,1668,'node_artifact',1296,'${监控服务器.ip}'),(15178,1669,'node_artifact',1296,'30000'),(15179,1670,'node_artifact',1296,'${监控服务器.ip}'),(15180,1671,'node_artifact',1296,'31000'),(15222,1765,'node_artifact',1297,'1.sql,2.sql'),(15223,1766,'node_artifact',1297,'test11'),(15224,1767,'node_artifact',1297,'test11'),(15225,1768,'node_artifact',1297,'TS_GESS_DATA_01'),(15226,1769,'node_artifact',1297,'TS_GESS_IDX_01'),(15227,1770,'node_artifact',1297,'TS_GESS_DATA_02'),(15228,1771,'node_artifact',1297,'TS_GESS_IDX_02'),(15229,1772,'node_artifact',1297,'TS_GESS_DATA_03'),(15230,1773,'node_artifact',1297,'TS_GESS_IDX_03'),(15231,1774,'node_artifact',1297,'yptdb'),(15232,1775,'node_artifact',1297,'gbk'),(15233,1765,'node_artifact_install',1375,'1.sql,2.sql'),(15234,1766,'node_artifact_install',1375,'test11'),(15235,1767,'node_artifact_install',1375,'test11'),(15236,1768,'node_artifact_install',1375,'TS_GESS_DATA_01'),(15237,1769,'node_artifact_install',1375,'TS_GESS_IDX_01'),(15238,1770,'node_artifact_install',1375,'TS_GESS_DATA_02'),(15239,1771,'node_artifact_install',1375,'TS_GESS_IDX_02'),(15240,1772,'node_artifact_install',1375,'TS_GESS_DATA_03'),(15241,1773,'node_artifact_install',1375,'TS_GESS_IDX_03'),(15242,1774,'node_artifact_install',1375,'yptdb'),(15243,1775,'node_artifact_install',1375,'gbk'),(15244,1631,'node_artifact',1298,'${this.ip}'),(15245,1632,'node_artifact',1298,''),(15246,1633,'node_artifact',1298,''),(15247,1634,'node_artifact',1298,'${监控服务器.ip}'),(15248,1635,'node_artifact',1298,'30000'),(15249,1636,'node_artifact',1298,'31000'),(15250,1637,'node_artifact',1298,''),(15251,1638,'node_artifact',1298,''),(15252,1639,'node_artifact',1298,''),(15253,1640,'node_artifact',1298,''),(15254,1641,'node_artifact',1298,''),(15255,1642,'node_artifact',1298,''),(15256,1643,'node_artifact',1298,''),(15257,1644,'node_artifact',1298,''),(15258,1645,'node_artifact',1298,''),(15259,1646,'node_artifact',1298,''),(15260,1647,'node_artifact',1298,''),(15261,1648,'node_artifact',1298,'${this.ip}'),(15262,1649,'node_artifact',1298,''),(15263,1650,'node_artifact',1298,''),(15264,1651,'node_artifact',1298,'${监控服务器.ip}'),(15265,1652,'node_artifact',1298,'30000'),(15266,1653,'node_artifact',1298,'31000'),(15267,1654,'node_artifact',1298,''),(15268,1655,'node_artifact',1298,''),(15269,1656,'node_artifact',1298,''),(15270,1657,'node_artifact',1298,''),(15271,1658,'node_artifact',1298,''),(15272,1659,'node_artifact',1298,''),(15273,1660,'node_artifact',1298,''),(15274,1661,'node_artifact',1298,''),(15275,1662,'node_artifact',1298,''),(15276,1663,'node_artifact',1298,''),(15277,1664,'node_artifact',1298,''),(15278,1665,'node_artifact',1298,''),(15279,1666,'node_artifact',1298,''),(15280,1667,'node_artifact',1298,''),(15281,1668,'node_artifact',1298,'${监控服务器.ip}'),(15282,1669,'node_artifact',1298,'30000'),(15283,1670,'node_artifact',1298,'${监控服务器.ip}'),(15284,1671,'node_artifact',1298,'31000'),(15326,1765,'node_artifact',1299,'1.sql,2.sql'),(15327,1766,'node_artifact',1299,'test11'),(15328,1767,'node_artifact',1299,'test11'),(15329,1768,'node_artifact',1299,'TS_GESS_DATA_01'),(15330,1769,'node_artifact',1299,'TS_GESS_IDX_01'),(15331,1770,'node_artifact',1299,'TS_GESS_DATA_02'),(15332,1771,'node_artifact',1299,'TS_GESS_IDX_02'),(15333,1772,'node_artifact',1299,'TS_GESS_DATA_03'),(15334,1773,'node_artifact',1299,'TS_GESS_IDX_03'),(15335,1774,'node_artifact',1299,'yptdb'),(15336,1775,'node_artifact',1299,'gbk'),(15348,1631,'node_artifact_install',1378,'${this.ip}'),(15349,1632,'node_artifact_install',1378,''),(15350,1633,'node_artifact_install',1378,''),(15351,1634,'node_artifact_install',1378,'${监控服务器.ip}'),(15352,1635,'node_artifact_install',1378,'30000'),(15353,1636,'node_artifact_install',1378,'31000'),(15354,1637,'node_artifact_install',1378,''),(15355,1638,'node_artifact_install',1378,''),(15356,1639,'node_artifact_install',1378,''),(15357,1640,'node_artifact_install',1378,''),(15358,1641,'node_artifact_install',1378,''),(15359,1642,'node_artifact_install',1378,''),(15360,1643,'node_artifact_install',1378,''),(15361,1644,'node_artifact_install',1378,''),(15362,1645,'node_artifact_install',1378,''),(15363,1646,'node_artifact_install',1378,''),(15364,1647,'node_artifact_install',1378,''),(15365,1648,'node_artifact_install',1378,'${this.ip}'),(15366,1649,'node_artifact_install',1378,''),(15367,1650,'node_artifact_install',1378,''),(15368,1651,'node_artifact_install',1378,'${监控服务器.ip}'),(15369,1652,'node_artifact_install',1378,'30000'),(15370,1653,'node_artifact_install',1378,'31000'),(15371,1654,'node_artifact_install',1378,''),(15372,1655,'node_artifact_install',1378,''),(15373,1656,'node_artifact_install',1378,''),(15374,1657,'node_artifact_install',1378,''),(15375,1658,'node_artifact_install',1378,''),(15376,1659,'node_artifact_install',1378,''),(15377,1660,'node_artifact_install',1378,''),(15378,1661,'node_artifact_install',1378,''),(15379,1662,'node_artifact_install',1378,''),(15380,1663,'node_artifact_install',1378,''),(15381,1664,'node_artifact_install',1378,''),(15382,1665,'node_artifact_install',1378,''),(15383,1666,'node_artifact_install',1378,''),(15384,1667,'node_artifact_install',1378,''),(15385,1668,'node_artifact_install',1378,'${监控服务器.ip}'),(15386,1669,'node_artifact_install',1378,'30000'),(15387,1670,'node_artifact_install',1378,'${监控服务器.ip}'),(15388,1671,'node_artifact_install',1378,'31000'),(15389,1765,'node_artifact_install',1379,'1.sql,2.sql'),(15390,1766,'node_artifact_install',1379,'test11'),(15391,1767,'node_artifact_install',1379,'test11'),(15392,1768,'node_artifact_install',1379,'TS_GESS_DATA_01'),(15393,1769,'node_artifact_install',1379,'TS_GESS_IDX_01'),(15394,1770,'node_artifact_install',1379,'TS_GESS_DATA_02'),(15395,1771,'node_artifact_install',1379,'TS_GESS_IDX_02'),(15396,1772,'node_artifact_install',1379,'TS_GESS_DATA_03'),(15397,1773,'node_artifact_install',1379,'TS_GESS_IDX_03'),(15398,1774,'node_artifact_install',1379,'test0812'),(15399,1775,'node_artifact_install',1379,'gbk'),(15400,1631,'node_artifact_install',1380,'${this.ip}'),(15401,1632,'node_artifact_install',1380,''),(15402,1633,'node_artifact_install',1380,''),(15403,1634,'node_artifact_install',1380,'${监控服务器.ip}'),(15404,1635,'node_artifact_install',1380,'30000'),(15405,1636,'node_artifact_install',1380,'31000'),(15406,1637,'node_artifact_install',1380,''),(15407,1638,'node_artifact_install',1380,''),(15408,1639,'node_artifact_install',1380,''),(15409,1640,'node_artifact_install',1380,''),(15410,1641,'node_artifact_install',1380,''),(15411,1642,'node_artifact_install',1380,''),(15412,1643,'node_artifact_install',1380,''),(15413,1644,'node_artifact_install',1380,''),(15414,1645,'node_artifact_install',1380,''),(15415,1646,'node_artifact_install',1380,''),(15416,1647,'node_artifact_install',1380,''),(15417,1648,'node_artifact_install',1380,'${this.ip}'),(15418,1649,'node_artifact_install',1380,''),(15419,1650,'node_artifact_install',1380,''),(15420,1651,'node_artifact_install',1380,'${监控服务器.ip}'),(15421,1652,'node_artifact_install',1380,'30000'),(15422,1653,'node_artifact_install',1380,'31000'),(15423,1654,'node_artifact_install',1380,''),(15424,1655,'node_artifact_install',1380,''),(15425,1656,'node_artifact_install',1380,''),(15426,1657,'node_artifact_install',1380,''),(15427,1658,'node_artifact_install',1380,''),(15428,1659,'node_artifact_install',1380,''),(15429,1660,'node_artifact_install',1380,''),(15430,1661,'node_artifact_install',1380,''),(15431,1662,'node_artifact_install',1380,''),(15432,1663,'node_artifact_install',1380,''),(15433,1664,'node_artifact_install',1380,''),(15434,1665,'node_artifact_install',1380,''),(15435,1666,'node_artifact_install',1380,''),(15436,1667,'node_artifact_install',1380,''),(15437,1668,'node_artifact_install',1380,'${监控服务器.ip}'),(15438,1669,'node_artifact_install',1380,'30000'),(15439,1670,'node_artifact_install',1380,'${监控服务器.ip}'),(15440,1671,'node_artifact_install',1380,'31000'),(15441,1765,'node_artifact_install',1381,'1.sql,2.sql'),(15442,1766,'node_artifact_install',1381,'test12'),(15443,1767,'node_artifact_install',1381,'test12'),(15444,1768,'node_artifact_install',1381,'TEST12_DATA_01'),(15445,1769,'node_artifact_install',1381,'TEST12_IDX_01'),(15446,1770,'node_artifact_install',1381,'TEST12_DATA_02'),(15447,1771,'node_artifact_install',1381,'TEST12_IDX_02'),(15448,1772,'node_artifact_install',1381,'TEST12_DATA_03'),(15449,1773,'node_artifact_install',1381,'TEST12_IDX_03'),(15450,1774,'node_artifact_install',1381,'TEST12'),(15451,1775,'node_artifact_install',1381,'gbk'),(15452,1765,'node_artifact_install',1377,'1.sql,2.sql'),(15453,1766,'node_artifact_install',1377,'test12'),(15454,1767,'node_artifact_install',1377,'test11'),(15455,1768,'node_artifact_install',1377,'TS_GESS_DATA_01'),(15456,1769,'node_artifact_install',1377,'TS_GESS_IDX_01'),(15457,1770,'node_artifact_install',1377,'TS_GESS_DATA_02'),(15458,1771,'node_artifact_install',1377,'TS_GESS_IDX_02'),(15459,1772,'node_artifact_install',1377,'TS_GESS_DATA_03'),(15460,1773,'node_artifact_install',1377,'TS_GESS_IDX_03'),(15461,1774,'node_artifact_install',1377,'yptdb'),(15462,1775,'node_artifact_install',1377,'gbk');

/*Table structure for table `artifact_property_value_history` */

DROP TABLE IF EXISTS `artifact_property_value_history`;

CREATE TABLE `artifact_property_value_history` (
  `ID` bigint(20) NOT NULL AUTO_INCREMENT,
  `ARTIFACT_PROPERTY_ID` bigint(20) DEFAULT NULL COMMENT '所属工件属性ID',
  `OWNER_TYPE` varchar(250) DEFAULT NULL COMMENT '所有者类型：工件模板、节点工件、节点工件实例',
  `OWNER_ID` bigint(20) DEFAULT NULL COMMENT '所有者ID',
  `VALUE` varchar(250) DEFAULT NULL COMMENT '属性值',
  PRIMARY KEY (`ID`)
) ENGINE=InnoDB DEFAULT CHARSET=utf8;

/*Data for the table `artifact_property_value_history` */

/*Table structure for table `artifact_tag` */

DROP TABLE IF EXISTS `artifact_tag`;

CREATE TABLE `artifact_tag` (
  `ID` bigint(20) NOT NULL AUTO_INCREMENT,
  `ARTIFACT_ID` bigint(20) DEFAULT NULL COMMENT '所属工件ID',
  `NAME` varchar(250) DEFAULT NULL COMMENT '标签名称',
  PRIMARY KEY (`ID`),
  KEY `FK_artifact` (`ARTIFACT_ID`)
) ENGINE=InnoDB AUTO_INCREMENT=1151 DEFAULT CHARSET=utf8;

/*Data for the table `artifact_tag` */

insert  into `artifact_tag`(`ID`,`ARTIFACT_ID`,`NAME`) values (1127,1131,'test03'),(1128,1132,'test04'),(1134,1138,'报盘机A'),(1135,1139,'报盘机B'),(1142,1146,'交易服务器A'),(1143,1147,'交易服务器B'),(1144,1148,'监控服务器'),(1145,1149,'通讯接口机A'),(1146,1150,'通讯接口机B'),(1149,1153,'数据库'),(1150,1154,'data');

/*Table structure for table `artifact_template` */

DROP TABLE IF EXISTS `artifact_template`;

CREATE TABLE `artifact_template` (
  `ID` bigint(20) NOT NULL AUTO_INCREMENT,
  `VERSION` bigint(20) DEFAULT NULL COMMENT '数据版本',
  `ARTIFACT_VERSION_ID` bigint(20) DEFAULT NULL COMMENT '所属工件版本ID',
  `NODE_TEMP_ID` bigint(20) DEFAULT NULL COMMENT '所属节点模板ID',
  `CREATED_BY` bigint(20) DEFAULT NULL COMMENT '创建人',
  `CREATION_DATE` datetime DEFAULT NULL COMMENT '创建时间',
  `LAST_UPDATED_BY` bigint(20) DEFAULT NULL COMMENT '最后更新人',
  `LAST_UPDATED_DATE` datetime DEFAULT NULL COMMENT '最后更新时间',
  `ENABLED_FLAG` char(1) DEFAULT NULL COMMENT '有效性',
  PRIMARY KEY (`ID`)
) ENGINE=InnoDB AUTO_INCREMENT=1163 DEFAULT CHARSET=utf8;

/*Data for the table `artifact_template` */

insert  into `artifact_template`(`ID`,`VERSION`,`ARTIFACT_VERSION_ID`,`NODE_TEMP_ID`,`CREATED_BY`,`CREATION_DATE`,`LAST_UPDATED_BY`,`LAST_UPDATED_DATE`,`ENABLED_FLAG`) values (1120,NULL,1117,1120,NULL,'2016-03-14 01:00:42',NULL,NULL,'N'),(1121,NULL,1116,1121,NULL,'2016-03-14 01:00:42',NULL,NULL,'N'),(1122,NULL,1115,1122,NULL,'2016-03-14 01:00:42',NULL,NULL,'N'),(1123,NULL,1118,1123,NULL,'2016-03-14 01:00:42',NULL,NULL,'N'),(1124,NULL,1118,1124,NULL,'2016-03-14 22:46:04',NULL,NULL,'N'),(1125,NULL,1116,1125,NULL,'2016-03-14 22:46:04',NULL,NULL,'N'),(1126,NULL,1115,1126,NULL,'2016-05-07 18:30:17',NULL,NULL,'N'),(1127,NULL,1116,1127,NULL,'2016-05-07 18:30:17',NULL,NULL,'N'),(1128,NULL,0,1128,NULL,'2016-05-07 18:30:18',NULL,NULL,'N'),(1129,NULL,0,1129,NULL,'2016-05-07 18:30:18',NULL,NULL,'N'),(1130,NULL,1117,1128,NULL,'2016-05-07 18:40:56',NULL,NULL,'N'),(1131,NULL,1118,1129,NULL,'2016-05-07 18:44:12',NULL,NULL,'N'),(1132,NULL,1124,1130,NULL,'2016-05-07 22:42:50',NULL,NULL,'N'),(1133,NULL,1117,1131,NULL,'2016-05-07 22:43:10',NULL,NULL,'N'),(1134,NULL,1118,1132,NULL,'2016-05-07 22:57:55',NULL,NULL,'N'),(1135,NULL,1125,1133,NULL,'2016-05-08 00:27:32',NULL,NULL,'N'),(1136,NULL,0,1134,NULL,'2016-05-11 18:39:25',NULL,NULL,'N'),(1137,NULL,0,1134,NULL,'2016-05-11 18:39:25',NULL,NULL,'N'),(1138,NULL,0,1135,NULL,'2016-05-11 18:39:25',NULL,NULL,'N'),(1139,NULL,0,1136,NULL,'2016-05-11 18:39:26',NULL,NULL,'N'),(1140,NULL,1116,1134,NULL,'2016-05-11 18:40:31',NULL,NULL,'N'),(1141,NULL,1116,1137,NULL,'2016-05-11 18:46:31',NULL,NULL,'N'),(1142,NULL,1116,1138,NULL,'2016-05-11 19:53:52',NULL,NULL,'N'),(1143,NULL,1118,1139,NULL,'2016-05-11 19:53:52',NULL,NULL,'N'),(1144,NULL,0,1140,NULL,'2016-05-11 19:53:52',NULL,NULL,'N'),(1145,NULL,1115,1141,NULL,'2016-05-11 19:53:52',NULL,NULL,'N'),(1146,NULL,1117,1140,NULL,'2016-05-11 19:54:22',NULL,NULL,'N'),(1147,NULL,1136,1142,NULL,'2016-05-31 17:20:38',NULL,NULL,'N'),(1148,NULL,1115,1143,NULL,'2016-05-31 17:27:05',NULL,NULL,'N'),(1149,NULL,1116,1143,NULL,'2016-05-31 17:33:22',NULL,NULL,'N'),(1150,NULL,1117,1143,NULL,'2016-05-31 17:33:23',NULL,NULL,'N'),(1151,NULL,1118,1144,NULL,'2016-05-31 17:33:51',NULL,NULL,'N'),(1152,NULL,1116,1145,NULL,'2016-05-31 17:44:33',NULL,NULL,'N'),(1153,NULL,1115,1146,NULL,'2016-05-31 17:44:33',NULL,NULL,'N'),(1154,NULL,1117,1147,NULL,'2016-05-31 17:44:34',NULL,NULL,'N'),(1155,NULL,1118,1148,NULL,'2016-05-31 17:44:34',NULL,NULL,'N'),(1156,NULL,1115,1149,NULL,'2016-05-31 19:22:55',NULL,NULL,'N'),(1157,NULL,1116,1149,NULL,'2016-05-31 19:22:55',NULL,NULL,'N'),(1158,NULL,1117,1149,NULL,'2016-05-31 19:22:55',NULL,NULL,'N'),(1159,NULL,1118,1150,NULL,'2016-05-31 19:22:56',NULL,NULL,'N'),(1160,NULL,1153,1161,NULL,'2016-08-11 22:43:41',NULL,NULL,'N'),(1161,NULL,1148,1164,NULL,'2016-08-13 00:17:58',NULL,NULL,'Y'),(1162,NULL,1153,1165,NULL,'2016-08-13 00:17:58',NULL,NULL,'Y');

/*Table structure for table `artifact_version` */

DROP TABLE IF EXISTS `artifact_version`;

CREATE TABLE `artifact_version` (
  `ID` bigint(20) NOT NULL AUTO_INCREMENT,
  `VERSION` bigint(20) DEFAULT NULL COMMENT '数据版本',
  `ARTIFACT_ID` bigint(20) DEFAULT NULL COMMENT '所属工件ID',
  `ARTIFACT_VERSION` varchar(250) DEFAULT NULL COMMENT '工件版本',
  `OS` varchar(250) DEFAULT NULL COMMENT '适用的操作系统',
  `DESC` varchar(1000) DEFAULT NULL COMMENT '描述',
  `CREATED_BY` bigint(20) DEFAULT NULL COMMENT '创建人',
  `CREATION_DATE` datetime DEFAULT NULL COMMENT '创建时间',
  `LAST_UPDATED_BY` bigint(20) DEFAULT NULL COMMENT '最后更新人',
  `LAST_UPDATED_DATE` datetime DEFAULT NULL COMMENT '最后更新时间',
  `ENABLED_FLAG` char(1) DEFAULT NULL COMMENT '有效性',
  PRIMARY KEY (`ID`)
) ENGINE=InnoDB AUTO_INCREMENT=1155 DEFAULT CHARSET=utf8;

/*Data for the table `artifact_version` */

insert  into `artifact_version`(`ID`,`VERSION`,`ARTIFACT_ID`,`ARTIFACT_VERSION`,`OS`,`DESC`,`CREATED_BY`,`CREATION_DATE`,`LAST_UPDATED_BY`,`LAST_UPDATED_DATE`,`ENABLED_FLAG`) values (1115,NULL,1112,'v0.1','Linux','',NULL,NULL,NULL,NULL,'Y'),(1116,NULL,1113,'v0.1','Linux','',NULL,NULL,NULL,NULL,'Y'),(1117,NULL,1114,'v0.1','Linux','',NULL,NULL,NULL,NULL,'Y'),(1118,NULL,1115,'v0.1','Windows','',NULL,NULL,NULL,NULL,'Y'),(1119,NULL,1116,'v01','Linux','',NULL,NULL,NULL,NULL,'Y'),(1120,NULL,1117,'v01','Windows','',NULL,NULL,NULL,NULL,'Y'),(1121,NULL,1118,'v01','Linux','',NULL,NULL,NULL,NULL,'Y'),(1122,NULL,1119,'v01','Linux','',NULL,NULL,NULL,NULL,'Y'),(1123,NULL,1113,'v0.2','Linux','',NULL,NULL,NULL,NULL,'N'),(1124,NULL,1112,'v0.2','Linux','',NULL,NULL,NULL,NULL,'Y'),(1125,NULL,1120,'v1.0','Linux,Windows','',NULL,NULL,NULL,NULL,'Y'),(1126,NULL,1121,'2.0','Linux','',NULL,NULL,NULL,NULL,'N'),(1127,NULL,1122,'1.1','Linux','',NULL,NULL,NULL,NULL,'N'),(1128,NULL,1124,'v1.0','Linux','',NULL,NULL,NULL,NULL,'N'),(1129,NULL,1125,'v1.0','Linux','',NULL,NULL,NULL,NULL,'N'),(1130,NULL,1128,'v1.0','Linux','',NULL,NULL,NULL,NULL,'N'),(1131,NULL,1112,'v1.0','Linux','345',NULL,NULL,NULL,NULL,'N'),(1132,NULL,1129,'v1.0','Linux','234354',NULL,NULL,NULL,NULL,'N'),(1133,NULL,1129,'v1.1','Linux,Windows','34535',NULL,NULL,NULL,NULL,'N'),(1134,NULL,1131,'v1.0','Linux','34545',NULL,NULL,NULL,NULL,'N'),(1135,NULL,1131,'v1.1','Linux','w45345',NULL,NULL,NULL,NULL,'N'),(1136,NULL,1132,'v1.0','Linux,Windows','23435',NULL,NULL,NULL,NULL,'Y'),(1137,NULL,1138,'v1.0','Windows','',NULL,NULL,NULL,NULL,'N'),(1138,NULL,1139,'v1.0','Windows','',NULL,NULL,NULL,NULL,'N'),(1139,NULL,1140,'v1.0','Linux','',NULL,NULL,NULL,NULL,'Y'),(1140,NULL,1142,'v1.0','Linux','',NULL,NULL,NULL,NULL,'Y'),(1141,NULL,1143,'v1.0','Linux','',NULL,NULL,NULL,NULL,'Y'),(1142,NULL,1138,'v1.0','Windows','',NULL,NULL,NULL,NULL,'Y'),(1143,NULL,1139,'v1.0','Windows','',NULL,NULL,NULL,NULL,'Y'),(1144,NULL,1146,'v1.0','Linux','',NULL,NULL,NULL,NULL,'N'),(1145,NULL,1146,'v2.0','Linux','',NULL,NULL,NULL,NULL,'N'),(1146,NULL,1146,'v1.1','Linux','修改monitor.xml',NULL,NULL,NULL,NULL,'Y'),(1147,NULL,1149,'v1.0','Linux','',NULL,NULL,NULL,NULL,'Y'),(1148,NULL,1149,'v1.1','Linux','修改monitor.xml',NULL,NULL,NULL,NULL,'Y'),(1149,NULL,1146,'v1.2','Linux','修改monitor.xml',NULL,NULL,NULL,NULL,'Y'),(1150,NULL,1152,'v1.0','Linux','',NULL,NULL,NULL,NULL,'N'),(1151,NULL,1152,'v1.0','Linux','',NULL,NULL,NULL,NULL,'N'),(1152,NULL,1152,'v1.0','Linux','',NULL,NULL,NULL,NULL,'N'),(1153,NULL,1153,'v1.0','Linux','',NULL,NULL,NULL,NULL,'Y'),(1154,NULL,1154,'v1.0','Windows','',NULL,NULL,NULL,NULL,'Y');

/*Table structure for table `file` */

DROP TABLE IF EXISTS `file`;

CREATE TABLE `file` (
  `ID` bigint(20) NOT NULL AUTO_INCREMENT,
  `VERSION` bigint(20) DEFAULT NULL COMMENT '数据版本',
  `PROJECT_ID` bigint(20) DEFAULT NULL COMMENT '所属项目ID',
  `NAME` varchar(250) DEFAULT NULL,
  `LASTEST_VERSION` varchar(250) DEFAULT NULL,
  `CREATED_BY` bigint(20) DEFAULT NULL COMMENT '创建人',
  `CREATION_DATE` datetime DEFAULT NULL COMMENT '创建时间',
  `LAST_UPDATED_BY` bigint(20) DEFAULT NULL COMMENT '最后更新人',
  `LAST_UPDATED_DATE` datetime DEFAULT NULL COMMENT '最后更新时间',
  `ENABLED_FLAG` char(1) DEFAULT NULL COMMENT '有效性',
  `TYPE` varchar(250) DEFAULT NULL COMMENT '文件类型',
  `DESC` varchar(1000) DEFAULT NULL COMMENT '文件描述',
  PRIMARY KEY (`ID`)
) ENGINE=InnoDB AUTO_INCREMENT=1032 DEFAULT CHARSET=utf8;

/*Data for the table `file` */

insert  into `file`(`ID`,`VERSION`,`PROJECT_ID`,`NAME`,`LASTEST_VERSION`,`CREATED_BY`,`CREATION_DATE`,`LAST_UPDATED_BY`,`LAST_UPDATED_DATE`,`ENABLED_FLAG`,`TYPE`,`DESC`) values (1027,NULL,NULL,'test1','V02',NULL,'2016-03-14 00:19:41',NULL,'2016-03-14 00:19:41','Y','file_type_certificate','wrer'),(1028,NULL,1,'license1','',NULL,'2016-05-31 17:10:52',NULL,'2016-05-31 17:10:52','N','file_type_certificate',''),(1029,NULL,3,'111','',NULL,'2016-05-31 17:19:14',NULL,'2016-05-31 17:19:14','N','file_type_certificate','w3r345'),(1030,NULL,2,'TEST','',NULL,'2016-06-01 00:26:28',NULL,'2016-06-01 00:26:28','N','file_type_certificate','W4R4'),(1031,NULL,1,'4545','',NULL,'2016-06-01 00:55:48',NULL,'2016-06-01 00:55:48','N','file_type_certificate','345345');

/*Table structure for table `file_store` */

DROP TABLE IF EXISTS `file_store`;

CREATE TABLE `file_store` (
  `ID` bigint(20) NOT NULL AUTO_INCREMENT,
  `VERSION` bigint(20) DEFAULT NULL COMMENT '数据版本',
  `NAME` varchar(250) DEFAULT NULL COMMENT '名称',
  `REAL_NAME` varchar(250) DEFAULT NULL COMMENT '真实名称',
  `PATH` varchar(1000) DEFAULT NULL COMMENT '路径',
  `SIZE` bigint(20) DEFAULT NULL COMMENT '大小',
  `TYPE` varchar(50) DEFAULT NULL COMMENT '文件类型',
  `UPLOADER` bigint(20) DEFAULT NULL COMMENT '上传人',
  `UPLOAD_TIME` datetime DEFAULT NULL COMMENT '上传时间',
  `CREATED_BY` bigint(20) DEFAULT NULL COMMENT '创建人',
  `CREATION_DATE` datetime DEFAULT NULL COMMENT '创建时间',
  `LAST_UPDATED_BY` bigint(20) DEFAULT NULL COMMENT '最后更新人',
  `LAST_UPDATED_DATE` datetime DEFAULT NULL COMMENT '最后更新时间',
  `ENABLED_FLAG` char(1) DEFAULT NULL COMMENT '有效性',
  PRIMARY KEY (`ID`)
) ENGINE=InnoDB AUTO_INCREMENT=2382 DEFAULT CHARSET=utf8;

/*Data for the table `file_store` */

insert  into `file_store`(`ID`,`VERSION`,`NAME`,`REAL_NAME`,`PATH`,`SIZE`,`TYPE`,`UPLOADER`,`UPLOAD_TIME`,`CREATED_BY`,`CREATION_DATE`,`LAST_UPDATED_BY`,`LAST_UPDATED_DATE`,`ENABLED_FLAG`) values (2305,NULL,'87c9b8d8-c3c7-438d-abd4-f67538ef3168.war','bus.war','ylink/87c9b8d8-c3c7-438d-abd4-f67538ef3168.war',36299904,'war',2,'2016-03-14 00:20:09',NULL,NULL,NULL,NULL,'Y'),(2306,NULL,'145cb955-49a5-4921-8975-9e0aadba00d8.war','static.war','ylink/145cb955-49a5-4921-8975-9e0aadba00d8.war',16817513,'war',2,'2016-03-14 00:20:24',NULL,NULL,NULL,NULL,'Y'),(2307,NULL,'2f0c93f9-0d43-4dc5-84b0-9ea42f4ccf68.zip','monitor.zip','ylink/2f0c93f9-0d43-4dc5-84b0-9ea42f4ccf68.zip',4701995,'zip',2,'2016-03-14 00:35:11',NULL,NULL,NULL,NULL,'Y'),(2308,NULL,'9fa733ba-f381-46ac-9819-990255e5d0ad.zip','transactionService.zip','ylink/9fa733ba-f381-46ac-9819-990255e5d0ad.zip',14771564,'zip',2,'2016-03-14 00:35:30',NULL,NULL,NULL,NULL,'Y'),(2309,NULL,'18a911ee-deb3-4750-9a1b-571a5922e597.zip','interface.zip','ylink/18a911ee-deb3-4750-9a1b-571a5922e597.zip',2526060,'zip',2,'2016-03-14 00:36:57',NULL,NULL,NULL,NULL,'Y'),(2310,NULL,'5bc950b6-df67-460f-b480-788c6dab1711.zip','offer.zip','ylink/5bc950b6-df67-460f-b480-788c6dab1711.zip',4834467,'zip',2,'2016-03-14 00:37:10',NULL,NULL,NULL,NULL,'Y'),(2311,NULL,'ddf8fca8-4e22-4962-b445-6c6fe3ab90bb.zip','interface.zip','ylink/ddf8fca8-4e22-4962-b445-6c6fe3ab90bb.zip',2526060,'zip',1,'2016-03-14 01:22:14',NULL,NULL,NULL,NULL,'Y'),(2312,NULL,'1c7be89e-9869-43fe-a1fd-d5eb97d16966.zip','offer.zip','ylink/1c7be89e-9869-43fe-a1fd-d5eb97d16966.zip',4834467,'zip',1,'2016-03-14 01:22:30',NULL,NULL,NULL,NULL,'Y'),(2313,NULL,'33025341-5bb6-4a07-a4f9-5c0c85272171.zip','monitor.zip','ylink/33025341-5bb6-4a07-a4f9-5c0c85272171.zip',4701995,'zip',1,'2016-03-14 01:22:42',NULL,NULL,NULL,NULL,'Y'),(2314,NULL,'64cd07c4-9c9c-4a8b-b50e-fcd0da93cd2a.zip','transactionService.zip','ylink/64cd07c4-9c9c-4a8b-b50e-fcd0da93cd2a.zip',14771564,'zip',1,'2016-03-14 01:23:04',NULL,NULL,NULL,NULL,'Y'),(2315,NULL,'92cd736a-1a81-4618-aa55-be869c66c0ac.zip','transactionService.zip','ylink/92cd736a-1a81-4618-aa55-be869c66c0ac.zip',14771564,'zip',1,'2016-03-14 05:06:35',NULL,NULL,NULL,NULL,'Y'),(2316,NULL,'68648910-d5a8-455a-976e-f850f9d1a8b5.zip','offer.zip','ylink/68648910-d5a8-455a-976e-f850f9d1a8b5.zip',4834467,'zip',1,'2016-03-14 23:15:56',NULL,NULL,NULL,NULL,'Y'),(2317,NULL,'01806969-120a-445e-b94e-0dbbdd366d89.sql','1.sql','ylink/01806969-120a-445e-b94e-0dbbdd366d89.sql',2216,'sql',1,'2016-05-08 00:13:20',NULL,NULL,NULL,NULL,'Y'),(2318,NULL,'00024129-ccc0-4f1e-aadd-e73c013a72fd.sql','2.sql','ylink/00024129-ccc0-4f1e-aadd-e73c013a72fd.sql',391,'sql',1,'2016-05-08 00:13:23',NULL,NULL,NULL,NULL,'Y'),(2319,NULL,'1ff8048c-70d6-40fe-a2a4-f76c7d83a377.sql','3.sql','ylink/1ff8048c-70d6-40fe-a2a4-f76c7d83a377.sql',710877,'sql',1,'2016-05-08 00:13:25',NULL,NULL,NULL,NULL,'Y'),(2320,NULL,'61ba5ad2-cafd-4961-83bd-4ab911bbfa00.sql','4.sql','ylink/61ba5ad2-cafd-4961-83bd-4ab911bbfa00.sql',74806,'sql',1,'2016-05-08 00:13:28',NULL,NULL,NULL,NULL,'Y'),(2321,NULL,'9125e6b3-9af7-4a84-823c-6efc931cde15.sql','5.sql','ylink/9125e6b3-9af7-4a84-823c-6efc931cde15.sql',2679,'sql',1,'2016-05-08 00:13:29',NULL,NULL,NULL,NULL,'Y'),(2322,NULL,'494de0ce-4b37-41a8-8c1f-7e38045fce48.sql','6.sql','ylink/494de0ce-4b37-41a8-8c1f-7e38045fce48.sql',1183,'sql',1,'2016-05-08 00:13:32',NULL,NULL,NULL,NULL,'Y'),(2323,NULL,'b4ef5cdc-2d00-4368-af28-0f0c485ef5dc.sql','7.sql','ylink/b4ef5cdc-2d00-4368-af28-0f0c485ef5dc.sql',58323,'sql',1,'2016-05-08 00:13:34',NULL,NULL,NULL,NULL,'Y'),(2324,NULL,'c4a632c2-618a-483f-a593-863f1d34e13a.sql','8.sql','ylink/c4a632c2-618a-483f-a593-863f1d34e13a.sql',735056,'sql',1,'2016-05-08 00:13:35',NULL,NULL,NULL,NULL,'Y'),(2325,NULL,'d9ed8d62-b268-4b82-aa18-610857fe96f6.sql','9.sql','ylink/d9ed8d62-b268-4b82-aa18-610857fe96f6.sql',4215,'sql',1,'2016-05-08 00:13:37',NULL,NULL,NULL,NULL,'Y'),(2326,NULL,'b5619995-5e80-4ddf-9ce8-348e034efce5.sql','10.sql','ylink/b5619995-5e80-4ddf-9ce8-348e034efce5.sql',26641,'sql',1,'2016-05-08 00:13:38',NULL,NULL,NULL,NULL,'Y'),(2327,NULL,'483f6d7b-030e-4245-992a-6d577c19aba4.sql','11.sql','ylink/483f6d7b-030e-4245-992a-6d577c19aba4.sql',531767,'sql',1,'2016-05-08 00:13:39',NULL,NULL,NULL,NULL,'Y'),(2328,NULL,'2e42a38f-7757-4684-9a43-71eac2a24360.sql','12.sql','ylink/2e42a38f-7757-4684-9a43-71eac2a24360.sql',53984,'sql',1,'2016-05-08 00:13:40',NULL,NULL,NULL,NULL,'Y'),(2329,NULL,'490b6e36-7d00-4939-bdbc-cf9f60ad194e.sql','13.sql','ylink/490b6e36-7d00-4939-bdbc-cf9f60ad194e.sql',3103,'sql',1,'2016-05-08 00:13:42',NULL,NULL,NULL,NULL,'Y'),(2330,NULL,'c00a6bd0-5854-4361-abb0-83f8d82e660a.sql','14.sql','ylink/c00a6bd0-5854-4361-abb0-83f8d82e660a.sql',1393,'sql',1,'2016-05-08 00:13:43',NULL,NULL,NULL,NULL,'Y'),(2331,NULL,'3e08942f-0945-4f3b-b868-8bd0a6f297a3.zip','ylink_client.zip','ylink/3e08942f-0945-4f3b-b868-8bd0a6f297a3.zip',3139103,'zip',1,'2016-05-09 23:49:14',NULL,NULL,NULL,NULL,'Y'),(2332,NULL,'5bdfd03e-c89e-48af-a39f-49ac3ab9c3e8.sql','1.sql','ylink/5bdfd03e-c89e-48af-a39f-49ac3ab9c3e8.sql',2216,'sql',1,'2016-05-09 23:58:30',NULL,NULL,NULL,NULL,'Y'),(2333,NULL,'779e9a38-1400-46aa-9194-639774e1316d.sql','7.sql','ylink/779e9a38-1400-46aa-9194-639774e1316d.sql',58323,'sql',1,'2016-05-09 23:59:21',NULL,NULL,NULL,NULL,'Y'),(2334,NULL,'09cd1515-9c98-48b0-b812-cfd81ccd54fb.sql','3.sql','ylink/09cd1515-9c98-48b0-b812-cfd81ccd54fb.sql',710877,'sql',1,'2016-05-09 23:59:23',NULL,NULL,NULL,NULL,'Y'),(2335,NULL,'0ca2dea0-84c1-4e8c-a6f4-8af2354481dd.zip','monitor.zip','ylink/0ca2dea0-84c1-4e8c-a6f4-8af2354481dd.zip',4702032,'zip',1,'2016-05-11 22:47:11',NULL,NULL,NULL,NULL,'Y'),(2336,NULL,'a9da1f92-2c6a-4765-8bf1-02552b35b01a.zip','transactionService.zip','ylink/a9da1f92-2c6a-4765-8bf1-02552b35b01a.zip',14771678,'zip',1,'2016-05-11 23:18:29',NULL,NULL,NULL,NULL,'Y'),(2337,NULL,'e0744f2c-b5ad-43a6-bd88-36470b4eb68e.zip','interface.zip','ylink/e0744f2c-b5ad-43a6-bd88-36470b4eb68e.zip',2526086,'zip',1,'2016-05-12 00:15:47',NULL,NULL,NULL,NULL,'Y'),(2338,NULL,'af9f4782-b1e9-4f74-a3f7-d9b3c9e810eb.sql','1.sql','ylink/af9f4782-b1e9-4f74-a3f7-d9b3c9e810eb.sql',2216,'sql',1,'2016-05-31 17:08:32',NULL,NULL,NULL,NULL,'Y'),(2339,NULL,'6fa8da6d-4157-4cee-99a5-609d005aa972.sql','1.sql','ylink/6fa8da6d-4157-4cee-99a5-609d005aa972.sql',2216,'sql',1,'2016-05-31 17:09:13',NULL,NULL,NULL,NULL,'Y'),(2340,NULL,'3cd3aec4-162d-4364-940b-3d759d372f94.sql','2.sql','ylink/3cd3aec4-162d-4364-940b-3d759d372f94.sql',391,'sql',1,'2016-05-31 17:10:29',NULL,NULL,NULL,NULL,'Y'),(2341,NULL,'dc25bdcd-0e3a-4947-ad6c-5630b52bc009.css','plsqldoc.css','ylink/dc25bdcd-0e3a-4947-ad6c-5630b52bc009.css',3391,'css',1,'2016-05-31 17:11:35',NULL,NULL,NULL,NULL,'N'),(2342,NULL,'1dbf0a13-c3c6-4c51-91d3-2d334420a0b4.sql','1.sql','ylink/1dbf0a13-c3c6-4c51-91d3-2d334420a0b4.sql',2216,'sql',1,'2016-05-31 17:12:00',NULL,NULL,NULL,NULL,'Y'),(2343,NULL,'a9543809-1475-4481-b3c2-c57797a2fc9c.sql','2.sql','ylink/a9543809-1475-4481-b3c2-c57797a2fc9c.sql',391,'sql',1,'2016-05-31 17:12:02',NULL,NULL,NULL,NULL,'Y'),(2344,NULL,'a5221755-d805-416d-967a-23a189e155b0.sql','3.sql','ylink/a5221755-d805-416d-967a-23a189e155b0.sql',710877,'sql',1,'2016-05-31 17:12:04',NULL,NULL,NULL,NULL,'Y'),(2345,NULL,'792d6be2-5bf9-4b07-b79d-7328f7df176a.sql','4.sql','ylink/792d6be2-5bf9-4b07-b79d-7328f7df176a.sql',74806,'sql',1,'2016-05-31 17:14:12',NULL,NULL,NULL,NULL,'Y'),(2346,NULL,'e94515d7-8803-4865-92c9-66332d07fad6.sql','5.sql','ylink/e94515d7-8803-4865-92c9-66332d07fad6.sql',2679,'sql',1,'2016-05-31 17:14:14',NULL,NULL,NULL,NULL,'Y'),(2347,NULL,'ce40d679-13d3-40b0-b2a2-cf20b4e4a639.sql','4.sql','ylink/ce40d679-13d3-40b0-b2a2-cf20b4e4a639.sql',74806,'sql',1,'2016-05-31 17:17:26',NULL,NULL,NULL,NULL,'Y'),(2348,NULL,'3b871793-c436-4cc9-aea2-a85cf3f92f77.sql','3.sql','ylink/3b871793-c436-4cc9-aea2-a85cf3f92f77.sql',710877,'sql',2,'2016-05-31 17:19:21',NULL,NULL,NULL,NULL,'N'),(2349,NULL,'1ed8a692-ffbe-4b0a-842e-809f9e2ce5cd.sql','1.sql','ylink/1ed8a692-ffbe-4b0a-842e-809f9e2ce5cd.sql',2216,'sql',1,'2016-06-01 00:26:43',NULL,NULL,NULL,NULL,'N'),(2350,NULL,'58fd8630-1a5c-4759-97b4-2d22a61891d0.sql','4.sql','ylink/58fd8630-1a5c-4759-97b4-2d22a61891d0.sql',74806,'sql',2,'2016-06-01 00:57:21',NULL,NULL,NULL,NULL,'N'),(2351,NULL,'f2c44050-26af-44ff-a63b-51dcfb4af7da.rar','交易服务器.rar','ylink/f2c44050-26af-44ff-a63b-51dcfb4af7da.rar',13867397,'rar',1,'2016-06-08 01:07:52',NULL,NULL,NULL,NULL,'Y'),(2352,NULL,'10b501bb-c544-4fd1-955e-fa968a49b049.rar','interfaceA.rar','ylink/10b501bb-c544-4fd1-955e-fa968a49b049.rar',6293665,'rar',1,'2016-06-08 17:14:20',NULL,NULL,NULL,NULL,'Y'),(2353,NULL,'0a7dfe73-821f-4ec9-895e-63e06a2c2409.rar','offerB.rar','ylink/0a7dfe73-821f-4ec9-895e-63e06a2c2409.rar',4163297,'rar',1,'2016-06-08 17:14:51',NULL,NULL,NULL,NULL,'Y'),(2354,NULL,'48b5d07b-292b-4442-9c4e-921a05e337f6.rar','transactionService.rar','ylink/48b5d07b-292b-4442-9c4e-921a05e337f6.rar',11649592,'rar',1,'2016-06-08 17:15:06',NULL,NULL,NULL,NULL,'Y'),(2355,NULL,'9cd64cff-2bf3-48d6-9e7b-93a0b52b85b4.rar','interfaceA.rar','ylink/9cd64cff-2bf3-48d6-9e7b-93a0b52b85b4.rar',6293665,'rar',1,'2016-06-08 17:15:34',NULL,NULL,NULL,NULL,'Y'),(2356,NULL,'1d8f84b1-5c14-40e1-b1a1-b199585c3d4c.rar','interfaceB.rar','ylink/1d8f84b1-5c14-40e1-b1a1-b199585c3d4c.rar',5486422,'rar',1,'2016-06-08 17:15:46',NULL,NULL,NULL,NULL,'Y'),(2357,NULL,'93312a65-2eb8-4849-814c-10c59a163708.rar','offerA.rar','ylink/93312a65-2eb8-4849-814c-10c59a163708.rar',4154791,'rar',1,'2016-06-08 17:53:44',NULL,NULL,NULL,NULL,'Y'),(2358,NULL,'3f34efd9-ee8c-4955-b862-51754d7cc989.rar','offerB.rar','ylink/3f34efd9-ee8c-4955-b862-51754d7cc989.rar',4154739,'rar',1,'2016-06-08 17:54:00',NULL,NULL,NULL,NULL,'Y'),(2359,NULL,'b75b2637-baab-47f5-a649-b2cb9424d49a.rar','transactionService.rar','ylink/b75b2637-baab-47f5-a649-b2cb9424d49a.rar',11649592,'rar',1,'2016-06-12 18:10:22',NULL,NULL,NULL,NULL,'Y'),(2360,NULL,'9095a94a-b85d-4eea-a438-42cd64d5533a.rar','transactionService.rar','ylink/9095a94a-b85d-4eea-a438-42cd64d5533a.rar',11649592,'rar',1,'2016-06-12 19:04:11',NULL,NULL,NULL,NULL,'Y'),(2361,NULL,'09e3b3af-9687-40d2-8e14-af7272ef013d.rar','transactionService.rar','ylink/09e3b3af-9687-40d2-8e14-af7272ef013d.rar',11649560,'rar',1,'2016-06-12 21:53:06',NULL,NULL,NULL,NULL,'Y'),(2362,NULL,'12b547ae-7093-485b-a4d7-bfc14cb12afb.rar','interfaceA.rar','ylink/12b547ae-7093-485b-a4d7-bfc14cb12afb.rar',6293631,'rar',1,'2016-06-12 22:31:56',NULL,NULL,NULL,NULL,'Y'),(2363,NULL,'42f043f8-99cb-4043-bf52-47d0d98b7024.rar','interfaceA.rar','ylink/42f043f8-99cb-4043-bf52-47d0d98b7024.rar',6293617,'rar',1,'2016-06-12 23:46:39',NULL,NULL,NULL,NULL,'Y'),(2364,NULL,'3dbb3ebb-ea2a-4831-bbc0-63437b26fee9.rar','transactionService.rar','ylink/3dbb3ebb-ea2a-4831-bbc0-63437b26fee9.rar',11649574,'rar',1,'2016-06-12 23:51:49',NULL,NULL,NULL,NULL,'Y'),(2365,NULL,'dee8ea53-16a4-4d2a-a801-d0deedaf106c.sql','1.sql','ylink/dee8ea53-16a4-4d2a-a801-d0deedaf106c.sql',2216,'sql',1,'2016-06-13 00:20:13',NULL,NULL,NULL,NULL,'Y'),(2366,NULL,'dfe6ab5b-1497-4d3f-8489-7926d231c7c3.sql','2.sql','ylink/dfe6ab5b-1497-4d3f-8489-7926d231c7c3.sql',391,'sql',1,'2016-06-13 00:20:25',NULL,NULL,NULL,NULL,'Y'),(2367,NULL,'289dab07-b969-42d5-ba32-c2a3602ca303.sql','1.sql','ylink/289dab07-b969-42d5-ba32-c2a3602ca303.sql',2216,'sql',1,'2016-06-13 00:22:52',NULL,NULL,NULL,NULL,'Y'),(2368,NULL,'dd511b07-6852-4468-be5f-084d4aac1808.sql','2.sql','ylink/dd511b07-6852-4468-be5f-084d4aac1808.sql',391,'sql',1,'2016-06-13 00:23:01',NULL,NULL,NULL,NULL,'Y'),(2369,NULL,'16882c85-c66e-4990-b5a1-1915004d3494.txt','配置参数.txt','ylink/16882c85-c66e-4990-b5a1-1915004d3494.txt',359,'txt',1,'2016-06-13 00:23:10',NULL,NULL,NULL,NULL,'Y'),(2370,NULL,'5a2d7f4e-45cd-4558-b4fb-9f62675a7ec4.sql','1.sql','ylink/5a2d7f4e-45cd-4558-b4fb-9f62675a7ec4.sql',2216,'sql',1,'2016-06-13 00:26:09',NULL,NULL,NULL,NULL,'Y'),(2371,NULL,'2080ac51-c7a2-47dc-bd93-fc413fc29d18.sql','2.sql','ylink/2080ac51-c7a2-47dc-bd93-fc413fc29d18.sql',391,'sql',1,'2016-06-13 00:26:15',NULL,NULL,NULL,NULL,'Y'),(2372,NULL,'99068bc2-66d9-4d24-9e4e-0bcf78800927.txt','配置参数.txt','ylink/99068bc2-66d9-4d24-9e4e-0bcf78800927.txt',359,'txt',1,'2016-06-13 00:26:23',NULL,NULL,NULL,NULL,'Y'),(2373,NULL,'fd8ce5ad-5992-4179-ad65-c018b31526ce.sql','1.sql','ylink/fd8ce5ad-5992-4179-ad65-c018b31526ce.sql',2216,'sql',1,'2016-06-13 00:29:45',NULL,NULL,NULL,NULL,'N'),(2374,NULL,'1fb37281-e74e-41fa-a3fd-7e08e36b8bf8.sql','2.sql','ylink/1fb37281-e74e-41fa-a3fd-7e08e36b8bf8.sql',391,'sql',1,'2016-06-13 00:29:52',NULL,NULL,NULL,NULL,'N'),(2375,NULL,'5a9b5856-e730-48f2-a703-c147faffc54e.txt','配置参数.txt','ylink/5a9b5856-e730-48f2-a703-c147faffc54e.txt',359,'txt',1,'2016-06-13 00:30:00',NULL,NULL,NULL,NULL,'N'),(2376,NULL,'a908e723-e786-4922-ba82-d6f1e089fcf4.sql','1.sql','ylink/a908e723-e786-4922-ba82-d6f1e089fcf4.sql',2216,'sql',1,'2016-08-11 18:32:15',NULL,NULL,NULL,NULL,'Y'),(2377,NULL,'4ca9ba41-894d-4bd4-9d79-155166209bba.sql','2.sql','ylink/4ca9ba41-894d-4bd4-9d79-155166209bba.sql',391,'sql',1,'2016-08-11 18:32:24',NULL,NULL,NULL,NULL,'Y'),(2378,NULL,'1b8fde4a-da85-4ec2-b4b2-45a32af9e20d.sql','1.sql','ylink/1b8fde4a-da85-4ec2-b4b2-45a32af9e20d.sql',2066,'sql',1,'2016-08-12 23:05:02',NULL,NULL,NULL,NULL,'Y'),(2379,NULL,'7a9b615a-ce65-49d6-9bad-15a941e1a4a0.sql','2.sql','ylink/7a9b615a-ce65-49d6-9bad-15a941e1a4a0.sql',395,'sql',1,'2016-08-12 23:05:16',NULL,NULL,NULL,NULL,'Y'),(2380,NULL,'ae1c59a3-5488-4d3e-b9bd-5628bf9304f2.sql','1.sql','ylink/ae1c59a3-5488-4d3e-b9bd-5628bf9304f2.sql',2066,'sql',1,'2016-08-13 01:05:15',NULL,NULL,NULL,NULL,'Y'),(2381,NULL,'43095a28-44f0-4bb7-9e38-305c122ab68b.sql','2.sql','ylink/43095a28-44f0-4bb7-9e38-305c122ab68b.sql',395,'sql',1,'2016-08-13 01:05:16',NULL,NULL,NULL,NULL,'Y');

/*Table structure for table `file_version` */

DROP TABLE IF EXISTS `file_version`;

CREATE TABLE `file_version` (
  `ID` bigint(20) NOT NULL AUTO_INCREMENT,
  `VERSION` bigint(20) DEFAULT NULL COMMENT '数据版本',
  `FILE_ID` bigint(20) DEFAULT NULL COMMENT '所属文件ID',
  `FILE_STORAGE_ID` bigint(20) DEFAULT NULL COMMENT '关联文件存储ID',
  `NAME` varchar(250) DEFAULT NULL COMMENT '名称',
  `FILE_VERSION` varchar(250) DEFAULT NULL COMMENT '文件版本',
  `CREATED_BY` bigint(20) DEFAULT NULL COMMENT '创建人',
  `CREATION_DATE` datetime DEFAULT NULL COMMENT '创建时间',
  `LAST_UPDATED_BY` bigint(20) DEFAULT NULL COMMENT '最后更新人',
  `LAST_UPDATED_DATE` datetime DEFAULT NULL COMMENT '最后更新时间',
  `ENABLED_FLAG` char(1) DEFAULT NULL COMMENT '有效性',
  PRIMARY KEY (`ID`)
) ENGINE=InnoDB AUTO_INCREMENT=1133 DEFAULT CHARSET=utf8;

/*Data for the table `file_version` */

insert  into `file_version`(`ID`,`VERSION`,`FILE_ID`,`FILE_STORAGE_ID`,`NAME`,`FILE_VERSION`,`CREATED_BY`,`CREATION_DATE`,`LAST_UPDATED_BY`,`LAST_UPDATED_DATE`,`ENABLED_FLAG`) values (1127,NULL,1027,2305,'bus.war','V01',2,'2016-03-14 00:20:12',NULL,'2016-03-14 00:20:12','Y'),(1128,NULL,1027,2306,'static.war','V02',2,'2016-03-14 00:20:25',NULL,'2016-03-14 00:20:25','Y'),(1129,NULL,1028,2341,'plsqldoc.css','V01',1,'2016-05-31 17:11:37',NULL,'2016-05-31 17:11:37','N'),(1130,NULL,1029,2348,'3.sql','V01',2,'2016-05-31 17:19:23',NULL,'2016-05-31 17:19:23','N'),(1131,NULL,1030,2349,'1.sql','V01',1,'2016-06-01 00:26:44',NULL,'2016-06-01 00:26:44','N'),(1132,NULL,1031,2350,'4.sql','V01',2,'2016-06-01 00:57:23',NULL,'2016-06-01 00:57:23','N');

/*Table structure for table `log_records` */

DROP TABLE IF EXISTS `log_records`;

CREATE TABLE `log_records` (
  `logId` varchar(32) NOT NULL COMMENT '日志表主键',
  `userId` bigint(45) NOT NULL COMMENT '操作人',
  `logTime` timestamp NOT NULL DEFAULT '0000-00-00 00:00:00' ON UPDATE CURRENT_TIMESTAMP COMMENT '日志时间',
  `optMenu` varchar(50) NOT NULL COMMENT '操作菜单（系统管理、应用管理下的所有菜单操作）',
  `optName` varchar(50) NOT NULL COMMENT '操作名称（例如：新增、上传XX等）',
  PRIMARY KEY (`logId`)
) ENGINE=InnoDB DEFAULT CHARSET=utf8;

/*Data for the table `log_records` */

insert  into `log_records`(`logId`,`userId`,`logTime`,`optMenu`,`optName`) values ('00de5e1cbc8e464fa7e429661a348f9c',1,'2016-06-08 18:18:46','部署包管理','新增配置变量'),('00f0bb89bf874bc79e990f7df5e24910',1,'2016-06-08 00:02:22','部署包管理','新增'),('01d12b2ad7b147108fd37306946d3830',1,'2016-06-12 23:07:21','部署包管理','修改配置变量'),('01d215e9755243fd8a998ac3afdcf77a',1,'2016-06-08 18:18:59','部署包管理','新增配置变量'),('0646acd033e14992b0d2a22a8bbc529e',1,'2016-06-07 23:58:10','部署包管理','删除'),('07ae47f3f70648c7baf541e42659590e',1,'2016-06-08 22:30:34','部署包管理','删除'),('083352dce22049e6951a39b6d630cc0d',1,'2016-06-08 17:59:41','部署包管理','新增配置变量'),('08602317d06a44f2818747748e7a4a52',1,'2016-06-08 19:49:06','部署包管理','新增配置变量'),('094f49f031ff40e58596778039fd94f3',1,'2016-06-12 23:05:55','部署包管理','新增配置变量'),('0a6c2483fc46405a88e804c52567a59d',1,'2016-06-12 23:43:09','部署包管理','新增配置变量'),('0af626b26881418eb18693fb17046a40',1,'2016-06-08 18:01:09','部署包管理','新增配置变量'),('0af814ae813f488e91b631470b151ec0',1,'2016-06-12 21:53:35','部署包管理','新增工件版本'),('0ba7634e8da745a69d518478241f369a',1,'2016-06-08 19:27:57','部署包管理','新增配置变量'),('0baf08162fcf4dba8bdb8f1fcb1519e1',1,'2016-06-12 23:28:40','部署包管理','新增配置变量'),('0ccd6c95337b4bb0b28c86d8b30cf44c',1,'2016-06-13 00:14:17','部署包管理','删除'),('0e0392e4356643879c780897c3205b12',1,'2016-06-08 18:48:08','部署包管理','新增配置变量'),('1254c1fc0c974867be472f2fd2aa5955',1,'2016-06-08 18:50:31','部署包管理','新增配置变量'),('1354acb6a8f540c88585ad1ff4a7c47d',1,'2016-08-11 22:45:18','部署包管理','修改配置变量'),('140583f03ba14a2ba5d0804fa98139c4',1,'2016-06-08 19:32:47','部署包管理','修改配置变量'),('14544305334840dca9a08e93192fe0c1',1,'2016-06-12 18:46:14','部署包管理','新增配置变量'),('14f5072a00c4407d963b0aec6eb0984f',2,'2016-05-31 21:30:49','部署模板','修改'),('15252d482c564462ab4e3986357b07c4',1,'2016-06-12 22:49:56','部署包管理','新增配置变量'),('15731146267f4fc6b088105ea010be8c',1,'2016-06-12 18:41:08','部署包管理','修改配置变量'),('15c2149826674c35b6ae81418264f5ae',1,'2016-06-08 21:54:25','部署包管理','新增配置变量'),('16397463a7294daab3668c4babbe5280',1,'2016-06-01 01:19:10','文件管理','删除'),('167a4db2f178415b8e6722ef7c9cfb9e',1,'2016-06-12 23:32:14','部署包管理','新增配置变量'),('1690dca58fff4259b9ccbd1abc1d7f80',1,'2016-06-12 23:42:51','部署包管理','新增配置变量'),('1693eaf432154f68ba4ce61a1839d33f',1,'2016-06-08 19:50:19','部署包管理','新增配置变量'),('16b70cfa7317428b90f00c0f283cb513',1,'2016-06-08 21:49:05','部署包管理','新增配置变量'),('174c2ca7a30945fb99a9ea96f36038e1',1,'2016-06-12 21:42:33','部署包管理','删除部署包版本'),('17e7b28a22bd47e8882fece37ee31d57',1,'2016-08-12 23:05:47','部署包管理','修改配置变量'),('1836c96925e045c797f9494d753adc4e',1,'2016-06-01 01:17:05','项目管理(或项目授权)','删除'),('19324254b9ab4e2ba18b4fbf2a5f7fcf',1,'2016-08-12 23:11:21','部署模板','修改'),('19a730678ca949539e65c9270c75f6f4',1,'2016-06-08 23:09:58','部署模板','删除'),('19f37ceebf544f6ca2ec9100eb83d941',1,'2016-08-11 22:14:37','部署包管理','修改配置变量'),('1a91cb19a08a4df88d28336c092bdce2',1,'2016-06-12 22:56:09','部署包管理','新增配置变量'),('1acdd87d221c4e98893887e20c5ef8d8',1,'2016-06-12 22:39:40','部署包管理','新增配置变量'),('1b00a81c3cf64a518c7d44b0b01ed326',1,'2016-06-01 01:18:45','群组管理','删除'),('1ba6c6e526db46bea23ad3f6090752b1',1,'2016-08-11 17:36:44','部署包管理','修改配置变量'),('1cc0401462974debb4eed7b6827c5151',1,'2016-06-08 19:31:12','部署包管理','新增配置变量'),('1d9f5804f81f47c49ccbef78e56bc34e',1,'2016-06-08 19:36:33','部署包管理','新增配置变量'),('1dc0d8e7873447d59fed1b898c12ad1f',1,'2016-06-07 23:57:56','部署包管理','删除'),('1dcac5297ca24c3d906c336784629c2a',1,'2016-06-08 00:01:08','部署包管理','新增'),('1e72d89899894fb4aebda0556e7e83c0',1,'2016-08-11 22:44:50','部署包管理','修改配置变量'),('1eac912b4cc04b9db26909ecb51b4fae',1,'2016-06-12 22:50:07','部署包管理','新增配置变量'),('1ebfade428fb4593a737a47afc48699a',1,'2016-06-08 01:06:12','部署包管理','新增'),('1ed3964dc0a747c196776cda7579f6a7',1,'2016-06-08 18:19:35','部署包管理','新增配置变量'),('2019e797ebf94c1aa038bd10ced0bc55',1,'2016-06-08 19:30:11','部署包管理','新增配置变量'),('21773b58d3dc4b09a276e41307607398',1,'2016-06-12 18:36:24','部署包管理','新增配置变量'),('21af96e3591543889022a3ada83f2dff',1,'2016-06-08 19:49:49','部署包管理','新增配置变量'),('222b3ce39085447c8f581ef64840461e',1,'2016-06-08 19:34:35','部署包管理','新增配置变量'),('225a129d41924c0bb62c2e852cc88e5d',1,'2016-06-08 18:19:23','部署包管理','新增配置变量'),('232e7c422a3c4f05b12523fb5ff3c687',1,'2016-06-08 00:02:10','部署包管理','新增'),('24316f70cc784c52a3908ad74c1acaa7',1,'2016-06-12 18:13:00','部署包管理','新增配置变量'),('2459765525a04556a2b8e1ded39eac81',1,'2016-06-07 23:57:51','部署包管理','删除'),('24b53439834d4fc894e9d1b3819b864a',1,'2016-06-08 23:20:34','部署模板','删除'),('25a1c5354d3d44ac92013c082dbcfc0b',1,'2016-06-08 19:15:19','部署包管理','新增配置变量'),('264c9ab913d34791a18af255392c4b9e',1,'2016-06-01 00:26:28','文件管理','新增'),('2661be9df7074ce98eeb04b1fe37604a',1,'2016-06-08 21:52:41','部署包管理','新增配置变量'),('268237995d2e4df6a94c8a5746536959',1,'2016-08-13 01:04:27','部署包管理','新增'),('26bd4236452c47d7acbc4cd8b7d25377',1,'2016-06-08 23:19:02','部署包管理','新增'),('26c9f20108094a23ac34f537f88f585c',1,'2016-06-08 22:31:32','群组管理','新增'),('274a946684654b95b8e825a5477333a6',1,'2016-06-01 01:19:04','文件管理','删除历史版本'),('27af3d43c4974a6fb1eee81da33eaffc',1,'2016-08-11 22:44:25','部署包管理','修改配置变量'),('284bdc4931e74a729249bb57db1f0b91',1,'2016-06-08 01:07:01','部署包管理','新增'),('289d71073bef47ca9d47455dcd0a97b1',1,'2016-06-12 22:58:12','部署包管理','新增配置变量'),('28ca2c7a3e674466a93b4f741ff026a3',1,'2016-06-08 18:36:45','部署包管理','新增配置变量'),('2a0b799a8f784a9087d48ae7e22032ca',1,'2016-06-08 18:49:07','部署包管理','新增配置变量'),('2b371108557b4d4383ff27ab8dd0bb81',1,'2016-06-07 23:57:40','部署包管理','删除'),('2b8b31a208df413cb3172859f32f516e',1,'2016-06-08 18:45:41','部署包管理','新增配置变量'),('2d01225be43d4daca963a131ddc65ea1',1,'2016-06-13 00:22:46','部署包管理','删除部署包版本'),('2df91a790cdb4a06b6a3d32cf7e7385b',1,'2016-06-08 19:28:33','部署包管理','新增配置变量'),('2e4f27af4962492d91bf1fc341bc7d8b',1,'2016-06-12 22:32:05','部署包管理','新增工件版本'),('2fc6db9c1a2a43d9a9dc8a52f23705c6',1,'2016-06-12 18:46:28','部署包管理','新增配置变量'),('2fcecb7a0ced4e1686a9f7e6abe371c5',1,'2016-06-08 19:23:41','部署包管理','新增配置变量'),('304f3fc28ca346c68218b31a34415b34',1,'2016-06-12 18:43:14','部署包管理','新增配置变量'),('30fa59f2cc4244bc9ce107eff62e0044',1,'2016-06-08 18:52:45','部署包管理','新增配置变量'),('3104bc9bd5414cc29ade667179771664',1,'2016-06-13 00:14:25','部署包管理','新增'),('317e109f33ce4a729e70b7d275126bcb',1,'2016-06-08 19:24:20','部署包管理','新增配置变量'),('31a2412137fa4dda879a8fa98a03f10a',1,'2016-06-12 23:04:32','部署包管理','新增配置变量'),('32535988e7ad4722accc4d73ab81c346',1,'2016-06-08 17:15:36','部署包管理','新增工件版本'),('327879deb01a4cd686a898377d8a38a4',1,'2016-06-08 19:19:24','部署包管理','修改配置变量'),('32ecf34a7eea44e2b6f779ab7008507a',1,'2016-06-07 23:57:46','部署包管理','删除'),('33616566f69f413b8235b687f0a9a59c',1,'2016-06-12 18:36:40','部署包管理','新增配置变量'),('33925844a0104fa0a72f9d0ce27dafe7',1,'2016-06-08 18:45:25','部署包管理','新增配置变量'),('33c43e74cbf7421792a71e47bf71bb81',1,'2016-06-12 18:24:26','部署包管理','新增配置变量'),('33d0b38ea3db45608130e175b3b0a1e5',1,'2016-06-08 19:27:16','部署包管理','新增配置变量'),('343ce38ae5d8437aa86df6c9d416fc35',1,'2016-06-08 18:47:39','部署包管理','新增配置变量'),('365b8de926a444f185630486adc45c38',1,'2016-06-12 18:34:06','部署包管理','新增配置变量'),('36cdadeeeef643fd848360121e59ce16',1,'2016-06-08 18:30:53','部署包管理','删除配置变量'),('36d829ec1d65433294fb1cad982a6116',1,'2016-08-13 01:05:24','部署包管理','新增工件版本'),('36e6dac1a8b5429d9b0b4bcee25f1bd1',1,'2016-08-11 22:43:41','部署模板','新增定制模板'),('38f22a159e80425b879f532ee3108209',1,'2016-06-12 23:05:17','部署包管理','修改配置变量'),('3943d15958664bc5a71c4e488f5e046a',1,'2016-06-12 21:57:13','部署包管理','删除部署包版本'),('3a8030e436a94e95bfeb8897ba4801f4',1,'2016-06-12 23:32:36','部署包管理','新增配置变量'),('3b9a8bac28cb439aa3ab5627696cfbd2',1,'2016-06-08 19:35:18','部署包管理','新增配置变量'),('3d84ede59dcc4204bbd4a4dec18ee480',1,'2016-06-08 01:04:55','部署包管理','删除'),('3db68d00db3a4589ba1650fdfb35ec25',1,'2016-06-12 23:09:35','部署包管理','修改配置变量'),('3de11cabf6d840fea64865f5103f507f',1,'2016-06-08 19:52:40','部署包管理','新增配置变量'),('3f2beb7da24f429cb207e5ebb9a89cb2',1,'2016-06-12 23:01:35','部署包管理','新增配置变量'),('3f58989e36054b2eb9adc50b1a9cc565',1,'2016-06-13 00:33:24','部署包管理','新增配置变量'),('4082cf506cf34d28917cbeb1139f0caa',1,'2016-06-07 23:58:07','部署包管理','删除'),('40846fa2bf0e411d8e4380de06dcdcb7',1,'2016-06-12 23:43:30','部署包管理','新增配置变量'),('4170525dbde34ebba078703ea4e0c099',1,'2016-06-07 23:55:53','部署包管理','删除部署包版本'),('42ab0d82393342088608c883df1e0491',1,'2016-06-12 18:32:44','部署包管理','新增配置变量'),('42fc8f64a95b4739882ffc6d09ddee51',1,'2016-05-31 22:15:19','项目管理(或项目授权)','新增项目成员'),('433cf32c9fdc435da615f47fdf6a7720',1,'2016-06-08 19:24:38','部署包管理','新增配置变量'),('43e2d74a09ae4328b815a49872dff7a5',1,'2016-06-08 21:49:20','部署包管理','新增配置变量'),('44870ce409db4de3bf17bd466338b2b4',1,'2016-06-12 23:07:54','部署包管理','修改配置变量'),('44fa4f563097432d9f272df1975cb26e',1,'2016-06-12 18:33:18','部署包管理','新增配置变量'),('45f155256ff94d6bbf31a28328da0976',1,'2016-06-13 00:08:06','部署包管理','新增'),('462fc129d85b4207834bacaea0faed6d',1,'2016-06-08 21:53:33','部署包管理','新增配置变量'),('471ec999ff764b8aa1badca8c736432b',1,'2016-06-08 18:52:17','部署包管理','新增配置变量'),('47cc337a99cd494bba82b39d233dc64b',1,'2016-06-08 01:06:41','部署包管理','新增'),('48ac9eba5a554d1eb00bf73b8d6d527a',1,'2016-06-08 19:49:21','部署包管理','新增配置变量'),('490050c65886490588bcd06d319901b4',1,'2016-06-12 23:08:11','部署包管理','修改配置变量'),('49ac6528c2bd4fce98e255804ea26dff',1,'2016-06-01 01:18:16','项目管理(或项目授权)','删除项目成员'),('4a02be1e13d1427892317ce42af0b031',1,'2016-06-08 19:20:25','部署包管理','修改配置变量'),('4a06a67af2db4b9b908c7a67155f8a71',1,'2016-06-08 17:15:13','部署包管理','新增工件版本'),('4b236f34802144eb8c0fe028aa10c173',1,'2016-06-08 18:55:00','部署包管理','新增配置变量'),('4bbfbab4638f4ec2805c0461704b1523',1,'2016-06-13 00:11:44','部署模板','新增定制模板'),('4c1abc90d3f1425885686de72fd651d3',1,'2016-06-08 17:53:50','部署包管理','新增工件版本'),('4cf7a49af32043b5bda5eaec6eead2d1',1,'2016-06-12 23:42:15','部署包管理','新增配置变量'),('4cfb171e111c4204a7dbf703168f35ae',1,'2016-06-01 01:18:19','项目管理(或项目授权)','删除'),('4d3b9a21a9b04fdb93866bff39d3df92',2,'2016-06-01 00:53:35','部署包管理','修改配置变量'),('4de0e9f4a3ce49e2a66675337e46bbfd',1,'2016-06-08 19:26:36','部署包管理','新增配置变量'),('4efd2ab16b2348e997892ec05af25a3e',1,'2016-06-13 00:33:16','部署包管理','新增配置变量'),('50215b71a7d7453285ae287c6d034132',1,'2016-06-08 19:28:50','部署包管理','新增配置变量'),('50449b2057d7448589efd6232de1be38',1,'2016-06-08 19:10:14','部署包管理','新增配置变量'),('50d0fcd79ecf4cc98f33e506ab41ff50',1,'2016-08-11 23:22:20','部署模板','删除'),('50e4c4e5985e47499b607b9a2e2f3b56',1,'2016-06-08 18:41:31','部署包管理','新增配置变量'),('520bae92fde34412a92c59c275c2d329',1,'2016-08-13 00:15:59','部署包管理','修改配置变量'),('5293451e9485470881c06b142af3c446',1,'2016-06-08 17:29:07','部署包管理','修改配置变量'),('52a9b42e35494adab8a0c932c64a9050',1,'2016-06-08 22:42:09','部署包管理','新增'),('52e1aee8e5b9456fbefaf8ac72584e3b',1,'2016-06-13 00:26:59','部署包管理','新增'),('5369c8545f214189a8d2696be8f5865b',1,'2016-06-12 23:27:15','部署包管理','新增配置变量'),('53d319338c154939ad8d45a081958a35',1,'2016-06-08 17:54:09','部署包管理','新增工件版本'),('5448531480184e619404f34775c3830d',1,'2016-06-08 19:35:57','部署包管理','新增配置变量'),('546982cf9f334184bc14f17c3f508f2d',1,'2016-06-12 23:07:02','部署包管理','删除配置变量'),('5481b5976ff8429cb02008fd310e578a',1,'2016-06-08 19:48:32','部署包管理','新增配置变量'),('55983f4bb0374dce924730b0791193ec',1,'2016-06-08 00:01:49','部署包管理','新增'),('560c38bfc92e42e895b151c7502215f3',1,'2016-06-01 01:17:48','部署模板','删除'),('56834dadea784a7e99fb716bbffd92db',1,'2016-08-11 22:46:16','部署包管理','修改配置变量'),('5766fe13ec264619976d8e815d1df4c1',1,'2016-06-01 01:17:22','项目管理(或项目授权)','删除项目成员'),('578ae909ae914448a363408298a2f5c9',1,'2016-06-08 18:49:33','部署包管理','新增配置变量'),('57f62906fd684e13a33342ed7d4a439f',1,'2016-06-12 23:30:51','部署包管理','新增配置变量'),('586abdd4de5743e0a6765e9a2654815c',1,'2016-06-12 23:54:57','部署包管理','新增配置变量'),('587bef5ede18482f99a4be1e4f456656',1,'2016-06-08 18:48:34','部署包管理','新增配置变量'),('5902ee586b0f4c2db21a5f9e99ec7668',1,'2016-05-31 22:15:19','项目管理(或项目授权)','删除项目成员'),('593bcca70b394fa388513e23cbd5b899',1,'2016-06-08 21:46:40','部署包管理','新增配置变量'),('5a731c964fbf404c8ebcd62e3849578e',1,'2016-06-08 19:32:38','部署包管理','新增配置变量'),('5b2e6c5405eb4d9792ee323a5977e3b1',2,'2016-05-31 19:22:56','部署模板','新增定制模板'),('5b668dfe881d43b285636207ecee8c75',1,'2016-06-12 18:36:58','部署包管理','新增配置变量'),('5c3d10c5dffc44e687c62ccad61f0d21',1,'2016-06-08 18:51:07','部署包管理','新增配置变量'),('5c42a746579c456abe9bc9c6dff55b75',1,'2016-06-12 23:06:56','部署包管理','新增配置变量'),('5c97dde83577461b88d28ecd6ce96840',1,'2016-06-12 23:06:38','部署包管理','修改配置变量'),('5cc9f6a3e16a40199d8163301e5ab96f',1,'2016-06-12 18:13:10','部署包管理','新增配置变量'),('5cf7443760fb4792b37fa3cdb3581e73',1,'2016-06-08 18:09:48','部署包管理','修改配置变量'),('5cfbdafdd09f44daa5879a824a9391f0',1,'2016-06-08 17:29:04','部署包管理','修改配置变量'),('5d98dbd4d9624cf5b54b8157740c4539',1,'2016-06-13 00:39:33','部署包管理','修改配置变量'),('5dbd0354ce334e209c89266b78b893d1',1,'2016-06-01 01:19:14','文件管理','删除历史版本'),('5ddd4a08da0a431cadc5eefb2d3ca070',1,'2016-06-13 00:32:34','部署包管理','新增配置变量'),('5df881fa4b084cc09848f5f76c5a58da',1,'2016-06-08 22:30:38','部署包管理','删除'),('5e1431b697eb4485a1ea57b35b220295',1,'2016-06-08 01:05:56','部署包管理','新增'),('5ef063e7bc8643f4acc8524e69e946e0',1,'2016-06-08 19:32:51','部署包管理','修改配置变量'),('5f1d4b10ddd746348d7799616a940a8b',1,'2016-06-08 21:53:16','部署包管理','新增配置变量'),('5f56cedc9f604b1f9ca185e065f412fd',1,'2016-06-01 01:18:37','群组管理','删除'),('604862bf26f64f0db9a8541d8764afcf',2,'2016-06-01 01:02:31','文件管理','删除'),('60644614ddfe4ba59efa684746cadae3',1,'2016-08-13 00:17:58','部署模板','新增定制模板'),('60bb882ec8dc4325899534277ec1f927',1,'2016-06-13 00:12:35','部署模板','删除'),('60e8f3fec5e349f2a9f5e6691d62027c',1,'2016-08-11 22:49:33','部署包管理','修改部署包版本'),('614e6434f58641428c221cd658a9000e',1,'2016-06-07 23:57:08','部署包管理','删除部署包版本'),('616588d0e8784d229763408bffb1a327',1,'2016-06-12 18:12:11','部署包管理','删除配置变量'),('636ed0e2fe634194b1351b3c5e3b937d',1,'2016-06-08 17:28:06','部署包管理','修改配置变量'),('642b389fff1a4b75948c65187d800d2d',1,'2016-06-08 01:04:58','部署包管理','删除'),('6434eec57e2b426fa80fc80bd3c4721d',1,'2016-06-12 18:50:43','部署包管理','新增配置变量'),('651b4433605348d8a6a8a37f2b747a9f',1,'2016-06-12 18:10:30','部署包管理','新增工件版本'),('656c755d06f1420d8543c5e3c120e823',1,'2016-06-08 18:19:45','部署包管理','新增配置变量'),('66bcc41ebbd5465b96916b9d55018b46',1,'2016-08-11 23:21:53','部署模板','修改'),('67ceb074fe3940e6ae0927b84cd79062',1,'2016-06-12 23:52:16','部署包管理','新增工件版本'),('689f627e1b504a0f9b07efe3dfe244e6',1,'2016-08-11 17:36:25','部署包管理','修改配置变量'),('68ebc6f316f34e309497e08ff570a03a',1,'2016-06-12 23:55:10','部署包管理','新增配置变量'),('69063e5f57d548a7afbe6761ea04da56',1,'2016-06-08 17:52:12','部署包管理','删除部署包版本'),('6961e66da463441680526e75baec7c22',1,'2016-06-13 00:26:33','部署包管理','新增工件版本'),('69cfe184a6fb4beda4132c741369e10b',1,'2016-06-08 19:26:50','部署包管理','新增配置变量'),('6b0358017f4d4e189bae1405dedf2d52',1,'2016-06-12 23:09:56','部署包管理','修改配置变量'),('6bc2227c73f744529b882d43d3d36deb',2,'2016-06-01 00:56:17','群组管理','新增'),('6c9957e780b245c5bce51ccaf30f87bc',1,'2016-06-08 19:31:28','部署包管理','新增配置变量'),('6d2c0c29c60c4045aadaae107b495d29',1,'2016-06-12 23:03:45','部署包管理','新增配置变量'),('6d7a034c75954088813d7374999310db',1,'2016-06-12 18:45:22','部署包管理','新增配置变量'),('6e1bb7497fe944939d68d6059547843c',1,'2016-06-13 00:32:51','部署包管理','新增配置变量'),('6f51aa9ee05f4f19a4940916bbf0d7d9',1,'2016-06-08 18:33:10','部署包管理','修改配置变量'),('6fb81406eca54f169904ee85fa465973',1,'2016-06-08 01:05:44','部署包管理','新增'),('7110544c41fc4a358c6beb3692e7fae0',1,'2016-06-08 18:48:45','部署包管理','新增配置变量'),('71232a4fa6844c81b94c9e2d3d36c80e',1,'2016-06-12 23:31:39','部署包管理','新增配置变量'),('71387801c2ac4048972cb50860a37d20',2,'2016-06-01 00:20:42','项目管理(或项目授权)','新增'),('72042c928a13481280a736530b7d79b4',1,'2016-06-08 22:54:11','部署模板','新增定制模板'),('7210a74a87f94ac1b1e818c5c0dfd443',1,'2016-06-12 23:31:20','部署包管理','新增配置变量'),('7352277308b64d9f8aae2769655257fc',1,'2016-06-01 01:19:32','部署包管理','删除'),('73cf5419f03346a8ad47edac86c576f2',1,'2016-06-08 18:43:22','部署包管理','新增配置变量'),('73dcc70778834fee838e91dc1f3abb5d',1,'2016-06-12 22:49:20','部署包管理','新增配置变量'),('748f118f1a9b49e987b227f6a5758bcd',1,'2016-06-08 19:29:21','部署包管理','修改配置变量'),('74bc33b0710c429db1891cea633765e9',1,'2016-06-08 17:52:08','部署包管理','删除部署包版本'),('75395e52d0a547bbb527c98dd6f24f96',1,'2016-06-08 18:21:55','部署包管理','新增配置变量'),('755bebe82a49486a8b8f64f78bf4b6e5',1,'2016-06-08 21:44:36','部署包管理','新增'),('76247b37e97e4fd392e52e18b0f5108e',1,'2016-06-08 21:52:54','部署包管理','新增配置变量'),('763e93f19a2449cb98c077591f0483ac',1,'2016-06-08 18:30:58','部署包管理','删除配置变量'),('7682eaa086ba4bba885b18c7145ce1e6',1,'2016-06-08 18:50:12','部署包管理','新增配置变量'),('78bf3bf230264e5380695e58da2ef8da',1,'2016-06-12 18:33:27','部署包管理','新增配置变量'),('78f367886d944789b0af35f16c3b35d5',1,'2016-06-08 18:32:03','部署包管理','新增配置变量'),('7aab328363b14f8493e736823d9be16e',1,'2016-06-08 19:28:12','部署包管理','新增配置变量'),('7b51c7317b094c8c9204bcb1adda0255',1,'2016-06-12 22:48:05','部署包管理','修改配置变量'),('7b6c2c287e534fa09649b8522369eab3',1,'2016-08-11 22:29:18','部署模板','删除'),('7ba2a60c6ae041e797a9dcd52512c225',1,'2016-06-08 23:07:32','部署包管理','删除部署包版本'),('7bf1da765ce246e8be926e79c51a2a2d',1,'2016-06-08 18:03:01','部署包管理','新增配置变量'),('7c1110a3531c401993d7d6c7852bf2ca',1,'2016-06-08 01:06:05','部署包管理','新增'),('7c81bf564deb42e292e27d6fb637d930',1,'2016-06-08 23:19:18','部署包管理','新增'),('7ca7715ca6ec419ba59c8b68ec46a10d',1,'2016-06-12 22:58:12','部署包管理','修改配置变量'),('7d00f7d20e97436d90537a94ac048c64',1,'2016-06-12 23:05:23','部署包管理','修改配置变量'),('7d9fa4ceb34041e1b3f53ac03f31da49',1,'2016-06-12 18:45:46','部署包管理','新增配置变量'),('7e4b64a37f9747f8a167dc06229b65e5',1,'2016-06-08 19:29:38','部署包管理','新增配置变量'),('7ebcc18eff9d470cb7be0fa0a0e12122',1,'2016-06-08 19:50:32','部署包管理','新增配置变量'),('7ed79d7d70b14f3a85f64c909b93deed',1,'2016-08-11 22:45:28','部署包管理','修改配置变量'),('7fad5d71f37749e48aa2231282936501',2,'2016-05-31 19:23:06','部署模板','修改'),('7fb3269846ea472b9cc484c129750dee',1,'2016-06-12 18:40:40','部署包管理','新增配置变量'),('80717014defc46b9b8ab1ba30a1f57b7',1,'2016-06-01 01:17:26','项目管理','删除项目子类'),('81e0f52fea3c456faca429ff9644be31',1,'2016-06-01 01:17:11','项目管理(或项目授权)','删除项目成员'),('82957832a7e747d5b8e2beeb29bf0cfa',1,'2016-06-08 19:21:30','部署包管理','新增配置变量'),('82b5b0fd19f041c9b31d63b644e121b4',1,'2016-06-12 19:04:14','部署包管理','新增工件版本'),('83beb41e254b4d77bc3a7cc40ed0c053',1,'2016-06-08 19:30:36','部署包管理','新增配置变量'),('83e5853938094805a7c6e2d14b62b8da',1,'2016-06-13 00:23:16','部署包管理','新增工件版本'),('840ebbca0b1149e680800e17692537df',1,'2016-06-12 23:33:17','部署包管理','新增配置变量'),('84514f60ac644f9db5fb0e93000263d5',1,'2016-06-13 00:33:07','部署包管理','新增配置变量'),('84fa70b38958458892d2b81f18e04725',1,'2016-06-12 18:36:12','部署包管理','新增配置变量'),('85370c017600481ab12ba011d7875d1e',1,'2016-06-12 23:05:01','部署包管理','修改配置变量'),('85c68abe69a24ba6b9ba7f088ff410c6',1,'2016-06-08 19:17:14','部署包管理','新增配置变量'),('85e6570d0bfe456097cb55f0e8e93282',1,'2016-06-01 00:37:05','群组管理','删除'),('862f454f431848a3baee5bfb380c2092',1,'2016-06-12 22:33:43','部署包管理','删除配置变量'),('881ec01e1a9540238f55fc13ba96aad5',1,'2016-06-12 23:32:25','部署包管理','新增配置变量'),('888d4ce107a24a028230c9f4006e7a20',1,'2016-06-12 22:48:22','部署包管理','新增配置变量'),('88de75e99c2244ba97d9ca46ea38b01a',1,'2016-06-08 17:14:54','部署包管理','新增工件版本'),('8b04fc25d8f64c2593d83fa8d9b8d60d',1,'2016-06-08 18:56:59','部署包管理','新增配置变量'),('8b2be1be98b54cc1bac068af0feff4a2',1,'2016-06-08 19:31:58','部署包管理','新增配置变量'),('8b46985786a340b498e005e21bf21ad9',1,'2016-06-12 23:47:10','部署包管理','新增工件版本'),('8c116360349743bd9551cdf2437a5b3e',1,'2016-06-08 23:18:48','部署包管理','新增'),('8ca7cd52707d434fa22168e81605d132',1,'2016-06-08 22:33:35','部署模板','新增定制模板'),('8cadb46accec4d8eb7e8c8e5c051ca3c',1,'2016-06-01 01:18:16','项目管理(或项目授权)','新增项目成员'),('8e005e60f3f34fa492ff15a56d958d8f',1,'2016-06-08 23:11:35','部署模板','新增定制模板'),('8fef5a6eb96e446dacded2d479c11e61',1,'2016-06-08 18:49:50','部署包管理','新增配置变量'),('9020c4401e5241beae2ec12db761952b',1,'2016-06-09 00:28:42','部署包管理','新增配置变量'),('90b323cbe26e43f7aa31b647e799c069',1,'2016-06-08 18:44:30','部署包管理','修改配置变量'),('913c79408f534968937b0f9ac7558853',2,'2016-06-01 00:55:48','文件管理','新增'),('91e94a8e96654a56acc9e46d548cdfb8',1,'2016-06-08 18:21:30','部署包管理','新增配置变量'),('92f98115ad0b48ba9c7dabd6c377b988',1,'2016-06-01 00:37:02','群组管理','新增'),('9343164c869b4682aefc01847c6672d9',1,'2016-06-01 01:18:42','群组管理','移除'),('939ab6cd556944d286e9df31f0b5d29d',1,'2016-06-01 01:19:47','部署包管理','删除部署包版本'),('95d3d7a273424c88a35c9386538faf44',1,'2016-06-08 17:28:37','部署包管理','修改配置变量'),('95d7162b253b49e6847c6cb7f2211193',1,'2016-08-12 23:06:18','部署包管理','新增配置变量'),('9685aeb4d8a846acbdaa9b61ca49c5d9',1,'2016-06-12 23:43:48','部署包管理','新增配置变量'),('970a9ed6e9214d7fa78350ff8798d94e',1,'2016-06-01 01:17:44','部署模板','删除'),('971ca277bac1417ca7ea151963aaafc2',1,'2016-06-12 18:37:10','部署包管理','新增配置变量'),('9880f00792904e939d4b0fa1b8581d39',1,'2016-06-08 18:48:55','部署包管理','新增配置变量'),('98878b95654f4020b72d4b0cdaaa04e2',1,'2016-06-12 23:52:44','部署包管理','修改配置变量'),('98c00885c3e04e7a9113cb7918a054d3',1,'2016-06-12 22:56:35','部署包管理','修改配置变量'),('9a90f516a41b40159a4bfe242171a53c',1,'2016-06-08 18:31:02','部署包管理','删除配置变量'),('9ab9ad1da08647b98e4336d45bf21642',1,'2016-06-08 21:54:13','部署包管理','新增配置变量'),('9ad87eee6a0e4116afe5e348bd4d37b7',1,'2016-06-12 23:32:53','部署包管理','新增配置变量'),('9b1d03bb152443fc981f7947e7f2782e',1,'2016-06-08 18:30:46','部署包管理','删除配置变量'),('9b3b7c7d45a44ac9b06a4c7b979b2724',1,'2016-06-12 18:50:18','部署包管理','新增配置变量'),('9b47161b639c419e858494b53c97376b',1,'2016-08-11 17:37:18','部署包管理','修改配置变量'),('9c279f68dfd94557bd70de8eed9476fc',1,'2016-06-12 18:14:03','部署包管理','新增配置变量'),('9c745e6580bb4c8ba571a55ea60ddb38',1,'2016-06-13 00:32:59','部署包管理','新增配置变量'),('9d1e8e3859b842aebf23dd6132b2ad2e',1,'2016-06-12 18:42:18','部署包管理','新增配置变量'),('9d6ad0bae209465a91c7bb2c81993925',1,'2016-06-07 23:57:03','部署包管理','删除部署包版本'),('a01037d3d7b445729379500fca220978',1,'2016-06-12 22:50:22','部署包管理','新增配置变量'),('a0e67e53413540c8b785c94068a63731',1,'2016-06-08 00:01:21','部署包管理','新增'),('a1b69d2c434a4694a1541880a6585c82',1,'2016-06-12 23:31:50','部署包管理','新增配置变量'),('a1f05fccd04a42149862492996695b45',1,'2016-06-12 23:32:01','部署包管理','新增配置变量'),('a2573b6d566742359925a82bef715a67',1,'2016-06-08 17:15:53','部署包管理','新增工件版本'),('a331d9d015ae4890b0a21d4717211281',1,'2016-06-08 01:05:26','部署包管理','删除'),('a3900063368c4fd0a0d09d4a43529255',1,'2016-06-08 17:14:30','部署包管理','新增工件版本'),('a430109f330b4f748e0dbade8e8c7f0e',1,'2016-06-12 18:33:14','部署包管理','新增配置变量'),('a4e6ff6a13c04fe5a9c10ad370bcb5ce',1,'2016-06-12 22:49:41','部署包管理','新增配置变量'),('a514daaa8cc84877aafd8d926092e78a',1,'2016-06-08 19:19:18','部署包管理','新增配置变量'),('a6dfb928d39f427aafad5c82b6005c0f',1,'2016-06-08 18:57:25','部署包管理','新增配置变量'),('a7c71bf1943d4e0d98670a0eb853f91b',1,'2016-06-08 21:46:24','部署包管理','新增配置变量'),('a89588ed0ea247f8a7781ffaf2bd719a',1,'2016-06-12 18:41:45','部署包管理','修改配置变量'),('a8e5c96a9f4f4d958e4fd1e67dd183c2',1,'2016-08-11 22:30:44','部署模板','新增定制模板'),('a9bb337d471f45ddb345fa87a42d1a81',2,'2016-06-01 01:02:37','文件管理','删除历史版本'),('a9ed963db0dd468281d25c6565b8acae',1,'2016-06-08 01:05:29','部署包管理','删除'),('aa73cf18b20b47d690b90ddeb9706767',1,'2016-06-01 01:18:04','项目管理','删除项目子类'),('ab32a906f903458898cb88621933e47a',1,'2016-06-12 22:33:41','部署包管理','删除配置变量'),('ab47266d5e234116a5216de64fe4b7e7',1,'2016-06-13 00:50:05','部署包管理','修改配置变量'),('ab5f973ca0d04c0b9b98d58c6d6b0c77',1,'2016-06-08 18:30:51','部署包管理','删除配置变量'),('acc5cd9bdd1a490fb0e397f9b1b7f0ba',1,'2016-06-13 00:32:44','部署包管理','新增配置变量'),('ad8d668fac77402eb2c2b35c90034fd8',1,'2016-06-08 23:19:37','部署包管理','新增'),('adefea2409a1484098d51c9b7ed90113',1,'2016-06-12 22:33:39','部署包管理','删除配置变量'),('ae3c96f40e7649ae9f124747c0eba8d6',1,'2016-06-08 19:11:57','部署包管理','新增配置变量'),('ae7962c47d264bf090def24fe55ca539',1,'2016-06-12 23:28:57','部署包管理','新增配置变量'),('ae884dddc73146368638fb79c20041bd',1,'2016-06-08 18:30:38','部署包管理','删除配置变量'),('aed81602d710436a8949cd549766652a',1,'2016-06-08 18:43:41','部署包管理','新增配置变量'),('afb6cbf8c13041aea0486c59af343a36',1,'2016-06-12 18:12:07','部署包管理','删除配置变量'),('b073a32835c6490797e08c63ef915f12',1,'2016-06-12 23:05:33','部署包管理','删除配置变量'),('b16d527231da4e63b86389977810bce3',1,'2016-06-01 01:19:19','文件管理','删除'),('b1b71c8c9a824112b7331ff3ddb39c93',1,'2016-06-12 23:41:51','部署包管理','新增配置变量'),('b285bfa029c54ce9ab807301bde36162',1,'2016-08-11 22:45:08','部署包管理','修改配置变量'),('b5212f0536a1448482854422008bec50',1,'2016-06-12 22:12:23','部署模板','新增定制模板'),('b5807690fae7482199c2c54b671dbe59',1,'2016-06-08 22:42:29','部署包管理','删除'),('b5f11a0378d2472d8a7a52016ce602d1',1,'2016-06-08 19:29:13','部署包管理','新增配置变量'),('b77876c5e8b74a9487d149b5cd929922',1,'2016-06-08 22:29:07','群组管理','新增'),('b7e8aee057ef48f2904c1a8c20af4399',1,'2016-06-08 18:31:05','部署包管理','删除配置变量'),('b8ca49a6ccdf495a8d0493f5a4323988',1,'2016-06-08 19:21:53','部署包管理','新增配置变量'),('b8ff61d3c0e14cc8b0b66c85dbf1e863',1,'2016-08-12 23:06:26','部署包管理','修改配置变量'),('b9a682b6646e43a28bcb951d144533fa',1,'2016-06-08 18:51:19','部署包管理','修改配置变量'),('ba08090a1c704b0aa6f697f64e76ec5c',1,'2016-06-08 19:35:02','部署包管理','新增配置变量'),('ba0fc7cdc62f446198031e06c3851a0c',1,'2016-08-11 17:37:22','部署包管理','修改配置变量'),('ba20b5546f774ea7ad81d2ae1cfd4658',1,'2016-06-01 01:19:51','部署包管理','删除'),('bb2ad7f4aa0f404dab4e35857c04561c',1,'2016-06-08 19:17:50','部署包管理','新增配置变量'),('bb60ab3f45dd45e59b252b6e9298abb2',1,'2016-06-07 23:57:43','部署包管理','删除'),('bbe6461e53814221ab541e62e8224c63',1,'2016-06-01 01:17:41','部署模板','删除'),('bca0e3480913466393d1e92f5b3a19bb',1,'2016-06-08 21:47:49','部署包管理','新增配置变量'),('bd95fe5c05a64ec4a6c20f34b301dd86',1,'2016-06-08 19:23:15','部署包管理','修改配置变量'),('bdd5dae18a754d878967383e7a9bff4e',1,'2016-06-08 18:01:33','部署包管理','新增配置变量'),('be06167d9bb247ccad51d749f744a56e',1,'2016-06-12 18:41:53','部署包管理','修改配置变量'),('be75a43b988a4400933d0fd719bd8185',1,'2016-06-08 18:44:13','部署包管理','新增配置变量'),('bef43999d629487b9b23be00c784ea12',1,'2016-06-01 00:37:13','群组管理','新增群组关联部署包'),('bf4251ca390b4ab0ae78492cbd0dae46',1,'2016-06-08 21:53:57','部署包管理','新增配置变量'),('bf6767de27684c0e8190e0054e20debb',1,'2016-06-01 00:37:51','群组管理','新增'),('bfad0447d12e4376a8365771588db5e1',1,'2016-06-08 18:52:24','部署包管理','修改配置变量'),('bfddc7cefdbd4f798c86d3fdcb615c84',1,'2016-06-12 18:34:20','部署包管理','新增配置变量'),('c029932bb3254347aa82a496c1219891',1,'2016-06-08 21:52:07','部署包管理','新增配置变量'),('c19d22cdb4b44028843c7faad5af1b7b',1,'2016-06-12 18:44:31','部署包管理','新增配置变量'),('c1b871c787e841fb8b7432c4142a3903',1,'2016-06-12 18:12:09','部署包管理','删除配置变量'),('c241841a96d6414ba1876a956997c91c',2,'2016-06-01 01:02:42','文件管理','删除'),('c257d40c1b114e29bf208145a3269ead',1,'2016-06-13 00:10:15','部署模板','新增定制模板'),('c2a9c921d6c14c85819c37d1f227a982',1,'2016-06-08 19:32:10','部署包管理','新增配置变量'),('c33aa139e7ed4379b04743ce4c341013',1,'2016-06-13 00:30:06','部署包管理','新增工件版本'),('c4187884617449f396f3edabc4a1facb',1,'2016-06-12 23:30:37','部署包管理','新增配置变量'),('c59db25af3eb4909987070a62934b156',1,'2016-06-01 01:18:30','群组管理','移除'),('c5a7c1a116e74f56bceaf991966c7eb4',1,'2016-06-12 18:36:44','部署包管理','删除配置变量'),('c5ce0c0fb16e47c3a467fc1cc7db2307',1,'2016-06-08 19:22:25','部署包管理','新增配置变量'),('c636699a89034282a5e628cd98476aaf',1,'2016-06-08 18:32:26','部署包管理','新增配置变量'),('c7ea53ba8b364998827ace9ff07b1c96',1,'2016-06-12 18:45:26','部署包管理','修改配置变量'),('c8955040a9c04b9bb6dcadcc4f74dbbd',1,'2016-06-13 00:48:08','部署包管理','修改部署包版本'),('c8cb8f144d40466d8aa8864c1854f2d1',1,'2016-06-12 23:53:55','部署包管理','新增配置变量'),('c9eeada6a4f0450cb8fcd65276e74740',1,'2016-06-08 22:54:51','部署模板','删除'),('ca14a9c48bae41b6aa293470379f3f00',1,'2016-06-13 00:26:46','部署包管理','删除部署包版本'),('cbc008243456479489b256b531787fef',1,'2016-06-08 18:57:37','部署包管理','新增配置变量'),('cc7c0eae828144cf81ef6d87d7ec8a67',1,'2016-06-08 21:48:15','部署包管理','新增配置变量'),('ccbf68e39e364e7c8f3a09711d013053',1,'2016-06-08 19:32:24','部署包管理','新增配置变量'),('ce2f700e2e4a4742aa9310aeffe348df',1,'2016-05-31 19:42:13','部署模板','修改'),('ce46a28f926540f59dce77fe328c365f',1,'2016-06-07 23:58:05','部署包管理','删除'),('ce5b55930ea3445e963f641e95587829',1,'2016-08-11 22:16:25','部署包管理','修改配置变量'),('ced7e5b93ad644d998a89f7125f1162c',1,'2016-06-08 01:04:53','部署包管理','删除'),('ceeb3d4305584f3988435e5c984bd772',1,'2016-06-08 21:49:36','部署包管理','新增配置变量'),('cf14133f557f46d68f0cba3ffef9133c',1,'2016-06-13 00:26:49','部署包管理','删除'),('cf361ff2512a434981dcf0368411ccb7',1,'2016-06-08 22:30:53','部署模板','删除'),('cfd542b288814782b1deee7a64d6ff78',2,'2016-06-01 01:02:25','文件管理','删除历史版本'),('d2253cc292c4477b95894355686742b6',1,'2016-08-11 22:37:58','部署模板','删除'),('d30553f98d5146a3ad96a69d415327ac',1,'2016-06-08 23:19:28','部署包管理','新增'),('d33bed1992b94f1481f3e1ea75e17b22',1,'2016-06-01 01:19:45','部署包管理','删除部署包版本'),('d3e69e97d2ca405b9c88cbd7c30e2f56',1,'2016-06-08 19:24:56','部署包管理','新增配置变量'),('d46f32c1c6c947548942f617c735475d',1,'2016-06-12 23:52:38','部署包管理','修改配置变量'),('d49a9cf42d2d4762910cbeb3a97cef77',1,'2016-06-12 18:23:24','部署包管理','新增配置变量'),('d67b4a9e37f9425284b089a126946b54',1,'2016-06-08 22:34:17','部署模板','修改'),('d6f3e0cab7334b2c8078d7fd6797317a',1,'2016-06-08 18:22:20','部署包管理','新增配置变量'),('d7bf50e00a9449e382d9078092562f76',1,'2016-06-12 18:34:29','部署包管理','新增配置变量'),('d8ca24f83d4e4d9795b99df091446ece',1,'2016-06-12 23:33:04','部署包管理','新增配置变量'),('d912d85d5e1a449ab3e8476db62426fa',1,'2016-06-08 19:50:04','部署包管理','新增配置变量'),('d9ab7732a0bb4f409d6961bf652d72bc',1,'2016-06-08 22:29:50','群组管理','删除'),('da8f9c57f31b412787d073172cd58b4b',1,'2016-06-08 19:37:11','部署包管理','新增配置变量'),('dab1eb70b2a24ed89a68b20b48dac1f5',1,'2016-06-08 18:34:50','部署包管理','新增配置变量'),('dc43e76e050047cda40ed457a8f7552c',1,'2016-06-08 19:20:16','部署包管理','新增配置变量'),('dd41dd92e0504020a5675bcd6cfe7ea8',1,'2016-06-08 18:42:00','部署包管理','修改配置变量'),('df6408513402499bbe6adfa1f547306c',1,'2016-06-08 22:30:26','部署包管理','删除'),('e15ad2228d1b455796d29ef6428bff8c',1,'2016-08-11 17:36:38','部署包管理','修改配置变量'),('e1d7aae97b3f4435a83e40c5e990e55f',1,'2016-06-08 22:30:28','部署包管理','删除'),('e1d880c8c27e4515be3491e3ff65f1d1',1,'2016-08-12 23:05:23','部署包管理','修改部署包版本'),('e20bd64f6059431db0e06792494fd41c',1,'2016-06-12 18:22:14','部署包管理','新增配置变量'),('e25c9cdd1f74432797998ab06d8b8851',1,'2016-06-08 22:30:32','部署包管理','删除'),('e2c0466ec8b4493688eade45491fc757',1,'2016-06-01 01:18:34','群组管理','删除'),('e30bcb0b1dbf44248e16390fcd548393',1,'2016-06-12 23:31:06','部署包管理','新增配置变量'),('e31c44ae5d8e4b298b69f2dd698c34fe',1,'2016-06-01 01:17:11','项目管理(或项目授权)','新增项目成员'),('e3b39d8ad8604c4fbbe311ed8516d11c',1,'2016-06-13 00:21:00','部署包管理','新增工件版本'),('e3da5b87ebd7490783e012da57c1ec2a',1,'2016-06-08 23:21:58','部署模板','修改'),('e4439d895ef64a079fb7c8a2f87cacc3',1,'2016-06-01 01:18:12','项目管理(或项目授权)','删除'),('e53ffb44355d43ddadf4d91c21461e35',1,'2016-06-01 01:17:22','项目管理(或项目授权)','新增项目成员'),('e5b20adfcb9c487aacba2ac8cc52f901',1,'2016-08-11 22:44:59','部署包管理','修改配置变量'),('e665f534e2184f25934044cda6065763',1,'2016-06-07 23:57:12','部署包管理','删除部署包版本'),('e702feebaa0f4cb8b95f27311f0104aa',1,'2016-06-12 23:07:04','部署包管理','删除配置变量'),('e7443da3e937464288e2a9931ecdb390',1,'2016-06-13 00:23:45','部署包管理','删除部署包版本'),('e821018c8630416c895fb30ff6f203e5',1,'2016-06-12 18:43:51','部署包管理','新增配置变量'),('ea3f566568f4430183dad55f9242c3c5',1,'2016-06-08 18:32:55','部署包管理','新增配置变量'),('ead4d93204544198872b88a5cb7b60f2',1,'2016-06-08 17:30:07','部署包管理','新增配置变量'),('ebb0cdedb7e54de687c00e7f684e7aeb',1,'2016-06-12 18:38:54','部署包管理','新增配置变量'),('ecfd190d45e140d385851a6947bf7fbc',1,'2016-06-08 18:51:46','部署包管理','新增配置变量'),('ed1a64b0dfea457c82c343bcc7f369ca',1,'2016-06-08 22:15:39','部署模板','新增定制模板'),('ef38574815e14e438c7e3938191ce4ba',1,'2016-06-12 23:30:21','部署包管理','新增配置变量'),('f07a6431e19f49aa97beb70c692c1edf',1,'2016-06-09 00:40:29','部署包管理','修改配置变量'),('f0ff854c7c884838abe5d59b5c308b8a',1,'2016-06-08 19:17:32','部署包管理','新增配置变量'),('f1833514e83040faa08ff882bde2a707',1,'2016-06-01 01:17:46','部署模板','删除'),('f1dead7e24ad4824ac1a3930dd5e8ba8',1,'2016-06-08 18:02:23','部署包管理','新增配置变量'),('f220186ca5ce409181fe7061d58f8aec',1,'2016-06-08 19:36:21','部署包管理','新增配置变量'),('f3a9a808b91646cca5382ee35d127866',1,'2016-08-11 22:14:18','部署包管理','修改配置变量'),('f44dbfb9d6994067a641cc0913caed82',1,'2016-06-08 21:51:55','部署包管理','新增配置变量'),('f547ee5174504f57b9c626699b8cd4c6',1,'2016-06-12 18:24:39','部署包管理','新增配置变量'),('f59ada350d7f44189c970f710e784942',1,'2016-06-08 23:07:36','部署包管理','删除部署包版本'),('f607ee52f824425faebf09480c7b12ef',1,'2016-06-08 19:25:11','部署包管理','新增配置变量'),('f6c9fa3a98404354bc2ac016a3a3dc8c',1,'2016-06-08 23:21:40','部署模板','新增定制模板'),('f725c6cf998a44279f49364bd6ee0de9',1,'2016-06-08 19:19:47','部署包管理','新增配置变量'),('f8bfb785c7a84f51ad9bdea5a3a82472',1,'2016-08-11 22:14:13','部署包管理','修改配置变量'),('fb3ea4361159441e80b8a50faf4fd9bd',1,'2016-06-01 00:36:48','群组管理','新增'),('fb64556062c64da890b48da996a5e357',1,'2016-06-08 21:47:30','部署包管理','新增配置变量'),('fcccdbed2b144b7fb2ca01498feccab5',1,'2016-06-08 19:20:53','部署包管理','新增配置变量'),('fd552b225ed7460997c493c4117713a2',1,'2016-06-08 19:36:55','部署包管理','新增配置变量'),('fd7348f1bcf24a6997a0b3fd7e344706',1,'2016-06-12 18:44:50','部署包管理','新增配置变量'),('fd81c7b18ca24c31b05ac3ab6428c692',1,'2016-06-12 22:48:33','部署包管理','新增配置变量'),('fd9a997e068440dbab9540b3117ed615',1,'2016-06-08 18:01:58','部署包管理','新增配置变量'),('fddf6bd77ac44630ba7291df63d42c36',1,'2016-06-13 01:00:08','部署包管理','修改配置变量'),('ff06d56747894db7965a9e6fde8f5399',1,'2016-06-08 18:39:21','部署包管理','修改配置变量'),('ffd8154f54ae4467b81a1764cd610dee',1,'2016-06-08 19:27:33','部署包管理','新增配置变量'),('fff137d27e1945779d404a90a063693a',1,'2016-06-08 21:48:39','部署包管理','新增配置变量');

/*Table structure for table `node` */

DROP TABLE IF EXISTS `node`;

CREATE TABLE `node` (
  `ID` bigint(20) NOT NULL AUTO_INCREMENT,
  `VERSION` bigint(20) DEFAULT NULL COMMENT '数据版本',
  `APP_ID` bigint(20) DEFAULT NULL COMMENT '所属应用ID',
  `NODE_TYPE_ID` bigint(20) DEFAULT NULL COMMENT '所属节点类型ID',
  `NAME` varchar(250) DEFAULT NULL COMMENT '名称',
  `DESC` varchar(1000) DEFAULT NULL COMMENT '描述',
  `IS_ELASTIC` char(1) DEFAULT NULL COMMENT '是否支持弹性调度',
  `MIN_ENGINE_NUM` bigint(20) DEFAULT NULL COMMENT '最小引擎数',
  `MAX_ENGINE_NUM` bigint(20) DEFAULT NULL COMMENT '最大引擎数',
  `CREATED_BY` bigint(20) DEFAULT NULL COMMENT '创建人',
  `CREATION_DATE` datetime DEFAULT NULL COMMENT '创建时间',
  `LAST_UPDATED_BY` bigint(20) DEFAULT NULL COMMENT '最后更新人',
  `LAST_UPDATED_DATE` datetime DEFAULT NULL COMMENT '最后更新时间',
  `ENABLED_FLAG` char(1) DEFAULT NULL COMMENT '有效性',
  PRIMARY KEY (`ID`)
) ENGINE=InnoDB AUTO_INCREMENT=1276 DEFAULT CHARSET=utf8;

/*Data for the table `node` */

insert  into `node`(`ID`,`VERSION`,`APP_ID`,`NODE_TYPE_ID`,`NAME`,`DESC`,`IS_ELASTIC`,`MIN_ENGINE_NUM`,`MAX_ENGINE_NUM`,`CREATED_BY`,`CREATION_DATE`,`LAST_UPDATED_BY`,`LAST_UPDATED_DATE`,`ENABLED_FLAG`) values (1167,NULL,1136,1,'接口机','','N',1,1,NULL,'2016-03-14 04:41:01',NULL,NULL,'N'),(1168,NULL,1136,1,'交易机','','N',1,1,NULL,'2016-03-14 04:41:01',NULL,NULL,'N'),(1169,NULL,1136,1,'监控机','','N',1,1,NULL,'2016-03-14 04:41:01',NULL,NULL,'N'),(1170,NULL,1136,1,'报盘机','','N',1,1,NULL,'2016-03-14 04:41:01',NULL,NULL,'N'),(1171,NULL,1137,1,'接口机','','N',1,1,NULL,'2016-03-14 05:28:02',NULL,NULL,'N'),(1172,NULL,1137,1,'交易机','','N',1,1,NULL,'2016-03-14 05:28:03',NULL,NULL,'N'),(1173,NULL,1137,1,'监控机','','N',1,1,NULL,'2016-03-14 05:28:03',NULL,NULL,'N'),(1174,NULL,1137,1,'报盘机','','N',1,1,NULL,'2016-03-14 05:28:03',NULL,NULL,'N'),(1175,NULL,1138,1,'接口机','','N',1,1,NULL,'2016-03-14 19:15:02',NULL,NULL,'N'),(1176,NULL,1138,1,'交易机','','N',1,1,NULL,'2016-03-14 19:15:03',NULL,NULL,'N'),(1177,NULL,1138,1,'监控机','','N',1,1,NULL,'2016-03-14 19:15:03',NULL,NULL,'N'),(1178,NULL,1138,1,'报盘机','','N',1,1,NULL,'2016-03-14 19:15:03',NULL,NULL,'N'),(1179,NULL,1139,1,'接口机','','N',1,1,NULL,'2016-03-14 23:07:00',NULL,NULL,'N'),(1180,NULL,1139,1,'交易机','','N',1,1,NULL,'2016-03-14 23:07:01',NULL,NULL,'N'),(1181,NULL,1139,1,'监控机','','N',1,1,NULL,'2016-03-14 23:07:01',NULL,NULL,'N'),(1182,NULL,1139,1,'报盘机','','N',1,1,NULL,'2016-03-14 23:07:01',NULL,NULL,'N'),(1183,NULL,1140,1,'监控机','','Y',1,1,NULL,'2016-05-07 18:45:27',NULL,NULL,'N'),(1184,NULL,1140,1,'交易机','','Y',1,1,NULL,'2016-05-07 18:45:28',NULL,NULL,'N'),(1185,NULL,1140,1,'接口机','','Y',1,1,NULL,'2016-05-07 18:45:28',NULL,NULL,'N'),(1186,NULL,1140,1,'报盘机','','Y',1,1,NULL,'2016-05-07 18:45:28',NULL,NULL,'N'),(1187,NULL,1141,1,'监控机','','Y',1,1,NULL,'2016-05-07 19:35:47',NULL,NULL,'N'),(1188,NULL,1141,1,'交易机','','Y',1,1,NULL,'2016-05-07 19:35:48',NULL,NULL,'N'),(1189,NULL,1141,1,'接口机','','Y',1,1,NULL,'2016-05-07 19:35:48',NULL,NULL,'N'),(1190,NULL,1141,1,'报盘机','','Y',1,1,NULL,'2016-05-07 19:35:48',NULL,NULL,'N'),(1191,NULL,1142,1,'监控机','','Y',1,1,NULL,'2016-05-07 19:45:44',NULL,NULL,'N'),(1192,NULL,1142,1,'交易机','','Y',1,1,NULL,'2016-05-07 19:45:44',NULL,NULL,'N'),(1193,NULL,1142,1,'接口机','','Y',1,1,NULL,'2016-05-07 19:45:44',NULL,NULL,'N'),(1194,NULL,1142,1,'报盘机','','Y',1,1,NULL,'2016-05-07 19:45:44',NULL,NULL,'N'),(1195,NULL,1143,1,'监控机','','Y',1,1,NULL,'2016-05-07 19:47:28',NULL,NULL,'N'),(1196,NULL,1143,1,'交易机','','Y',1,1,NULL,'2016-05-07 19:47:28',NULL,NULL,'N'),(1197,NULL,1143,1,'接口机','','Y',1,1,NULL,'2016-05-07 19:47:28',NULL,NULL,'N'),(1198,NULL,1143,1,'报盘机','','Y',1,1,NULL,'2016-05-07 19:47:28',NULL,NULL,'N'),(1199,NULL,1144,1,'监控机','','Y',1,1,NULL,'2016-05-07 20:11:37',NULL,NULL,'N'),(1200,NULL,1144,1,'交易机','','Y',1,1,NULL,'2016-05-07 20:11:37',NULL,NULL,'N'),(1201,NULL,1144,1,'接口机','','Y',1,1,NULL,'2016-05-07 20:11:38',NULL,NULL,'N'),(1202,NULL,1144,1,'报盘机','','Y',1,1,NULL,'2016-05-07 20:11:38',NULL,NULL,'N'),(1203,NULL,1145,1,'t1','','Y',1,1,NULL,'2016-05-07 22:43:13',NULL,NULL,'N'),(1204,NULL,1146,1,'linux','','N',1,1,NULL,'2016-05-07 22:48:29',NULL,NULL,'N'),(1205,NULL,1147,1,'linux','','N',2,2,NULL,'2016-05-07 22:51:07',NULL,NULL,'N'),(1206,NULL,1148,1,'报盘机','','Y',2,2,NULL,'2016-05-07 22:58:51',NULL,NULL,'N'),(1207,NULL,1149,1,'linux','','N',1,1,NULL,'2016-05-07 23:19:09',NULL,NULL,'N'),(1208,NULL,1150,1,'linux','','N',1,1,NULL,'2016-05-07 23:32:56',NULL,NULL,'N'),(1209,NULL,1151,1,'linux','','N',2,2,NULL,'2016-05-07 23:35:58',NULL,NULL,'N'),(1210,NULL,1152,1,'监控机','','Y',1,1,NULL,'2016-05-07 23:49:22',NULL,NULL,'N'),(1211,NULL,1152,1,'交易机','','Y',1,1,NULL,'2016-05-07 23:49:22',NULL,NULL,'N'),(1212,NULL,1152,1,'接口机','','Y',1,1,NULL,'2016-05-07 23:49:22',NULL,NULL,'N'),(1213,NULL,1152,1,'报盘机','','Y',1,1,NULL,'2016-05-07 23:49:22',NULL,NULL,'N'),(1214,NULL,1153,1,'linux','','N',1,1,NULL,'2016-05-08 00:32:34',NULL,NULL,'N'),(1215,NULL,1153,2,'data','','N',1,1,NULL,'2016-05-08 00:32:34',NULL,NULL,'N'),(1216,NULL,1154,1,'linux','','N',1,1,NULL,'2016-05-08 00:34:23',NULL,NULL,'N'),(1217,NULL,1154,2,'data','','N',1,1,NULL,'2016-05-08 00:34:23',NULL,NULL,'N'),(1218,NULL,1155,1,'监控机','','Y',1,1,NULL,'2016-05-08 01:37:24',NULL,NULL,'N'),(1219,NULL,1155,1,'交易机','','Y',1,1,NULL,'2016-05-08 01:37:24',NULL,NULL,'N'),(1220,NULL,1155,1,'接口机','','Y',1,1,NULL,'2016-05-08 01:37:24',NULL,NULL,'N'),(1221,NULL,1155,1,'报盘机','','Y',1,1,NULL,'2016-05-08 01:37:24',NULL,NULL,'N'),(1222,NULL,1156,1,'监控机','','Y',1,1,NULL,'2016-05-08 01:38:02',NULL,NULL,'N'),(1223,NULL,1156,1,'交易机','','Y',1,1,NULL,'2016-05-08 01:38:02',NULL,NULL,'N'),(1224,NULL,1156,1,'接口机','','Y',1,1,NULL,'2016-05-08 01:38:02',NULL,NULL,'N'),(1225,NULL,1156,1,'报盘机','','Y',1,1,NULL,'2016-05-08 01:38:02',NULL,NULL,'N'),(1226,NULL,1157,1,'监控机','','Y',1,1,NULL,'2016-05-09 22:04:39',NULL,NULL,'N'),(1227,NULL,1157,1,'交易机','','Y',1,1,NULL,'2016-05-09 22:04:39',NULL,NULL,'N'),(1228,NULL,1157,1,'接口机','','Y',1,1,NULL,'2016-05-09 22:04:39',NULL,NULL,'N'),(1229,NULL,1157,1,'报盘机','','Y',1,1,NULL,'2016-05-09 22:04:39',NULL,NULL,'N'),(1230,NULL,1158,1,'linux','','N',1,1,NULL,'2016-05-09 22:13:09',NULL,NULL,'N'),(1231,NULL,1158,2,'data','','N',1,1,NULL,'2016-05-09 22:13:09',NULL,NULL,'N'),(1232,NULL,1159,1,'交易','','Y',6,6,NULL,'2016-05-11 18:48:05',NULL,NULL,'N'),(1233,NULL,1160,1,'交易','','Y',1,1,NULL,'2016-05-11 19:54:53',NULL,NULL,'N'),(1234,NULL,1160,1,'报盘','','Y',1,1,NULL,'2016-05-11 19:54:53',NULL,NULL,'N'),(1235,NULL,1160,1,'通讯','','Y',1,1,NULL,'2016-05-11 19:54:53',NULL,NULL,'N'),(1236,NULL,1160,1,'监控','','Y',1,1,NULL,'2016-05-11 19:54:54',NULL,NULL,'N'),(1237,NULL,1161,1,'linux','','Y',1,1,NULL,'2016-05-31 17:34:30',NULL,NULL,'N'),(1238,NULL,1161,1,'报盘机','','Y',1,1,NULL,'2016-05-31 17:34:30',NULL,NULL,'N'),(1239,NULL,1162,1,'交易','','N',1,1,NULL,'2016-05-31 17:46:52',NULL,NULL,'N'),(1240,NULL,1162,1,'监控','','N',1,1,NULL,'2016-05-31 17:46:52',NULL,NULL,'N'),(1241,NULL,1162,1,'接口','','N',1,1,NULL,'2016-05-31 17:46:52',NULL,NULL,'N'),(1242,NULL,1162,1,'报盘机','','N',1,1,NULL,'2016-05-31 17:46:52',NULL,NULL,'N'),(1243,NULL,1163,1,'linux','','Y',1,1,NULL,'2016-05-31 17:58:41',NULL,NULL,'N'),(1244,NULL,1163,1,'报盘机','','Y',1,1,NULL,'2016-05-31 17:58:41',NULL,NULL,'N'),(1245,NULL,1164,1,'linux','2435','N',1,1,NULL,'2016-05-31 19:23:28',NULL,NULL,'N'),(1246,NULL,1164,1,'报盘机','','N',1,1,NULL,'2016-05-31 19:23:28',NULL,NULL,'N'),(1247,NULL,1165,1,'linux','','Y',1,1,NULL,'2016-05-31 20:00:54',NULL,NULL,'N'),(1248,NULL,1165,1,'报盘机','','Y',1,1,NULL,'2016-05-31 20:00:54',NULL,NULL,'N'),(1249,NULL,1166,1,'linux','2435','N',1,1,NULL,'2016-05-31 21:31:15',NULL,NULL,'N'),(1250,NULL,1166,1,'报盘机','','N',1,1,NULL,'2016-05-31 21:31:15',NULL,NULL,'N'),(1251,NULL,1167,1,'linux','','Y',1,1,NULL,'2016-05-31 21:52:57',NULL,NULL,'N'),(1252,NULL,1167,1,'报盘机','','Y',1,1,NULL,'2016-05-31 21:52:57',NULL,NULL,'N'),(1253,NULL,1168,1,'交易','','N',2,2,NULL,'2016-05-31 21:53:24',NULL,NULL,'N'),(1254,NULL,1168,1,'监控','','N',1,1,NULL,'2016-05-31 21:53:24',NULL,NULL,'N'),(1255,NULL,1168,1,'接口','','N',1,1,NULL,'2016-05-31 21:53:24',NULL,NULL,'N'),(1256,NULL,1168,1,'报盘机','','N',1,1,NULL,'2016-05-31 21:53:24',NULL,NULL,'N'),(1257,NULL,1169,1,'linux','2435','N',1,1,NULL,'2016-05-31 22:18:19',NULL,NULL,'N'),(1258,NULL,1169,1,'报盘机','','N',1,1,NULL,'2016-05-31 22:18:19',NULL,NULL,'N'),(1259,NULL,1170,1,'linux','2435','N',2,2,NULL,'2016-05-31 23:14:07',NULL,NULL,'N'),(1260,NULL,1170,1,'报盘机','','N',1,1,NULL,'2016-05-31 23:14:08',NULL,NULL,'N'),(1261,NULL,1171,1,'报盘机1','','Y',1,1,NULL,'2016-06-08 22:35:52',NULL,NULL,'N'),(1262,NULL,1171,1,'报盘机2','','Y',1,1,NULL,'2016-06-08 22:35:53',NULL,NULL,'N'),(1263,NULL,1172,1,'报盘机','','Y',2,2,NULL,'2016-06-08 23:12:55',NULL,NULL,'N'),(1264,NULL,1173,1,'报盘机A1','','Y',1,1,NULL,'2016-06-08 23:22:55',NULL,NULL,'Y'),(1265,NULL,1174,1,'交易服务器','','Y',1,1,NULL,'2016-06-12 22:12:54',NULL,NULL,'N'),(1266,NULL,1175,1,'数据库','','Y',1,1,NULL,'2016-06-13 00:10:43',NULL,NULL,'N'),(1267,NULL,1176,1,'数据库','','Y',1,1,NULL,'2016-08-11 22:31:08',NULL,NULL,'N'),(1268,NULL,1177,1,'交易服务器','','Y',1,1,NULL,'2016-08-11 23:23:58',NULL,NULL,'N'),(1269,NULL,1177,2,'数据库','','N',1,1,NULL,'2016-08-11 23:23:58',NULL,NULL,'N'),(1270,NULL,1178,1,'交易服务器','','Y',1,1,NULL,'2016-08-12 23:12:02',NULL,NULL,'Y'),(1271,NULL,1178,2,'数据库','','N',1,1,NULL,'2016-08-12 23:12:02',NULL,NULL,'Y'),(1272,NULL,1179,1,'linux','','N',1,1,NULL,'2016-08-13 00:28:03',NULL,NULL,'Y'),(1273,NULL,1179,2,'data','','N',1,1,NULL,'2016-08-13 00:28:03',NULL,NULL,'Y'),(1274,NULL,1180,1,'linux','','N',1,1,NULL,'2016-08-13 00:30:21',NULL,NULL,'Y'),(1275,NULL,1180,2,'data','','N',1,1,NULL,'2016-08-13 00:30:21',NULL,NULL,'Y');

/*Table structure for table `node_artifact` */

DROP TABLE IF EXISTS `node_artifact`;

CREATE TABLE `node_artifact` (
  `ID` bigint(20) NOT NULL AUTO_INCREMENT,
  `VERSION` bigint(20) DEFAULT NULL COMMENT '数据版本',
  `ARTIFACT_VERSION_ID` bigint(20) DEFAULT NULL COMMENT '所属工件版本ID',
  `NODE_ID` bigint(20) DEFAULT NULL COMMENT '所属节点ID',
  `ORDER` int(11) DEFAULT NULL COMMENT '序号',
  `CREATED_BY` bigint(20) DEFAULT NULL COMMENT '创建人',
  `CREATION_DATE` datetime DEFAULT NULL COMMENT '创建时间',
  `LAST_UPDATED_BY` bigint(20) DEFAULT NULL COMMENT '最后更新人',
  `LAST_UPDATED_DATE` datetime DEFAULT NULL COMMENT '最后更新时间',
  `ENABLED_FLAG` char(1) DEFAULT NULL COMMENT '有效性',
  PRIMARY KEY (`ID`)
) ENGINE=InnoDB AUTO_INCREMENT=1300 DEFAULT CHARSET=utf8;

/*Data for the table `node_artifact` */

insert  into `node_artifact`(`ID`,`VERSION`,`ARTIFACT_VERSION_ID`,`NODE_ID`,`ORDER`,`CREATED_BY`,`CREATION_DATE`,`LAST_UPDATED_BY`,`LAST_UPDATED_DATE`,`ENABLED_FLAG`) values (1167,NULL,1117,1167,NULL,0,'2016-03-14 04:41:01',0,'2016-03-14 04:41:01','Y'),(1168,NULL,1116,1168,NULL,0,'2016-03-14 04:41:01',0,'2016-03-14 04:41:01','Y'),(1169,NULL,1115,1169,NULL,0,'2016-03-14 04:41:01',0,'2016-03-14 04:41:01','Y'),(1170,NULL,1118,1170,NULL,0,'2016-03-14 04:41:01',0,'2016-03-14 04:41:01','Y'),(1171,NULL,1117,1171,NULL,0,'2016-03-14 05:28:02',0,'2016-03-14 05:28:02','Y'),(1172,NULL,1116,1172,NULL,0,'2016-03-14 05:28:03',0,'2016-03-14 05:28:03','Y'),(1173,NULL,1115,1173,NULL,0,'2016-03-14 05:28:03',0,'2016-03-14 05:28:03','Y'),(1174,NULL,1118,1174,NULL,0,'2016-03-14 05:28:03',0,'2016-03-14 05:28:03','Y'),(1175,NULL,1117,1175,NULL,0,'2016-03-14 19:15:02',0,'2016-03-14 19:15:02','Y'),(1176,NULL,1116,1176,NULL,0,'2016-03-14 19:15:03',0,'2016-03-14 19:15:03','Y'),(1177,NULL,1115,1177,NULL,0,'2016-03-14 19:15:03',0,'2016-03-14 19:15:03','Y'),(1178,NULL,1118,1178,NULL,0,'2016-03-14 19:15:03',0,'2016-03-14 19:15:03','Y'),(1179,NULL,1117,1179,NULL,0,'2016-03-14 23:07:00',0,'2016-03-14 23:07:00','Y'),(1180,NULL,1116,1180,NULL,0,'2016-03-14 23:07:01',0,'2016-03-14 23:07:01','Y'),(1181,NULL,1115,1181,NULL,0,'2016-03-14 23:07:01',0,'2016-03-14 23:07:01','Y'),(1182,NULL,1118,1182,NULL,0,'2016-03-14 23:07:01',0,'2016-03-14 23:07:01','Y'),(1183,NULL,1115,1183,NULL,0,'2016-05-07 18:45:27',0,'2016-05-07 18:45:27','Y'),(1184,NULL,1116,1184,NULL,0,'2016-05-07 18:45:28',0,'2016-05-07 18:45:28','Y'),(1185,NULL,0,1185,NULL,0,'2016-05-07 18:45:28',0,'2016-05-07 18:45:28','Y'),(1186,NULL,1117,1185,NULL,0,'2016-05-07 18:45:28',0,'2016-05-07 18:45:28','Y'),(1187,NULL,0,1186,NULL,0,'2016-05-07 18:45:28',0,'2016-05-07 18:45:28','Y'),(1188,NULL,1118,1186,NULL,0,'2016-05-07 18:45:28',0,'2016-05-07 18:45:28','Y'),(1189,NULL,1115,1187,NULL,0,'2016-05-07 19:35:47',0,'2016-05-07 19:35:47','Y'),(1190,NULL,1116,1188,NULL,0,'2016-05-07 19:35:48',0,'2016-05-07 19:35:48','Y'),(1191,NULL,0,1189,NULL,0,'2016-05-07 19:35:48',0,'2016-05-07 19:35:48','Y'),(1192,NULL,1117,1189,NULL,0,'2016-05-07 19:35:48',0,'2016-05-07 19:35:48','Y'),(1193,NULL,0,1190,NULL,0,'2016-05-07 19:35:48',0,'2016-05-07 19:35:48','Y'),(1194,NULL,1118,1190,NULL,0,'2016-05-07 19:35:48',0,'2016-05-07 19:35:48','Y'),(1195,NULL,1115,1191,NULL,0,'2016-05-07 19:45:44',0,'2016-05-07 19:45:44','Y'),(1196,NULL,1116,1192,NULL,0,'2016-05-07 19:45:44',0,'2016-05-07 19:45:44','Y'),(1197,NULL,0,1193,NULL,0,'2016-05-07 19:45:44',0,'2016-05-07 19:45:44','Y'),(1198,NULL,1117,1193,NULL,0,'2016-05-07 19:45:44',0,'2016-05-07 19:45:44','Y'),(1199,NULL,0,1194,NULL,0,'2016-05-07 19:45:44',0,'2016-05-07 19:45:44','Y'),(1200,NULL,1118,1194,NULL,0,'2016-05-07 19:45:44',0,'2016-05-07 19:45:44','Y'),(1201,NULL,1115,1195,NULL,0,'2016-05-07 19:47:28',0,'2016-05-07 19:47:28','Y'),(1202,NULL,1116,1196,NULL,0,'2016-05-07 19:47:28',0,'2016-05-07 19:47:28','Y'),(1203,NULL,0,1197,NULL,0,'2016-05-07 19:47:28',0,'2016-05-07 19:47:28','Y'),(1204,NULL,1117,1197,NULL,0,'2016-05-07 19:47:28',0,'2016-05-07 19:47:28','Y'),(1205,NULL,0,1198,NULL,0,'2016-05-07 19:47:28',0,'2016-05-07 19:47:28','Y'),(1206,NULL,1118,1198,NULL,0,'2016-05-07 19:47:28',0,'2016-05-07 19:47:28','Y'),(1207,NULL,1115,1199,NULL,0,'2016-05-07 20:11:37',0,'2016-05-07 20:11:37','Y'),(1208,NULL,1116,1200,NULL,0,'2016-05-07 20:11:37',0,'2016-05-07 20:11:37','Y'),(1209,NULL,0,1201,NULL,0,'2016-05-07 20:11:38',0,'2016-05-07 20:11:38','Y'),(1210,NULL,1117,1201,NULL,0,'2016-05-07 20:11:38',0,'2016-05-07 20:11:38','Y'),(1211,NULL,0,1202,NULL,0,'2016-05-07 20:11:38',0,'2016-05-07 20:11:38','Y'),(1212,NULL,1118,1202,NULL,0,'2016-05-07 20:11:38',0,'2016-05-07 20:11:38','Y'),(1213,NULL,1124,1203,NULL,0,'2016-05-07 22:43:13',0,'2016-05-07 22:43:13','Y'),(1214,NULL,1117,1204,NULL,0,'2016-05-07 22:48:29',0,'2016-05-07 22:48:29','Y'),(1215,NULL,1117,1205,NULL,0,'2016-05-07 22:51:07',0,'2016-05-07 22:51:07','Y'),(1216,NULL,1118,1206,NULL,0,'2016-05-07 22:58:51',0,'2016-05-07 22:58:51','Y'),(1217,NULL,1117,1207,NULL,0,'2016-05-07 23:19:09',0,'2016-05-07 23:19:09','Y'),(1218,NULL,1117,1208,NULL,0,'2016-05-07 23:32:56',0,'2016-05-07 23:32:56','Y'),(1219,NULL,1117,1209,NULL,0,'2016-05-07 23:35:58',0,'2016-05-07 23:35:58','Y'),(1220,NULL,1115,1210,NULL,0,'2016-05-07 23:49:22',0,'2016-05-07 23:49:22','Y'),(1221,NULL,1116,1211,NULL,0,'2016-05-07 23:49:22',0,'2016-05-07 23:49:22','Y'),(1222,NULL,0,1212,NULL,0,'2016-05-07 23:49:22',0,'2016-05-07 23:49:22','Y'),(1223,NULL,1117,1212,NULL,0,'2016-05-07 23:49:22',0,'2016-05-07 23:49:22','Y'),(1224,NULL,0,1213,NULL,0,'2016-05-07 23:49:22',0,'2016-05-07 23:49:22','Y'),(1225,NULL,1118,1213,NULL,0,'2016-05-07 23:49:22',0,'2016-05-07 23:49:22','Y'),(1226,NULL,1117,1214,NULL,0,'2016-05-08 00:32:34',0,'2016-05-08 00:32:34','Y'),(1227,NULL,1125,1215,NULL,0,'2016-05-08 00:32:34',0,'2016-05-08 00:32:34','Y'),(1228,NULL,1117,1216,NULL,0,'2016-05-08 00:34:23',0,'2016-05-08 00:34:23','Y'),(1229,NULL,1125,1217,NULL,0,'2016-05-08 00:34:23',0,'2016-05-08 00:34:23','Y'),(1230,NULL,1115,1218,NULL,0,'2016-05-08 01:37:24',0,'2016-05-08 01:37:24','Y'),(1231,NULL,1116,1219,NULL,0,'2016-05-08 01:37:24',0,'2016-05-08 01:37:24','Y'),(1232,NULL,0,1220,NULL,0,'2016-05-08 01:37:24',0,'2016-05-08 01:37:24','Y'),(1233,NULL,1117,1220,NULL,0,'2016-05-08 01:37:24',0,'2016-05-08 01:37:24','Y'),(1234,NULL,0,1221,NULL,0,'2016-05-08 01:37:24',0,'2016-05-08 01:37:24','Y'),(1235,NULL,1118,1221,NULL,0,'2016-05-08 01:37:24',0,'2016-05-08 01:37:24','Y'),(1236,NULL,1115,1222,NULL,0,'2016-05-08 01:38:02',0,'2016-05-08 01:38:02','Y'),(1237,NULL,1116,1223,NULL,0,'2016-05-08 01:38:02',0,'2016-05-08 01:38:02','Y'),(1238,NULL,0,1224,NULL,0,'2016-05-08 01:38:02',0,'2016-05-08 01:38:02','Y'),(1239,NULL,1117,1224,NULL,0,'2016-05-08 01:38:02',0,'2016-05-08 01:38:02','Y'),(1240,NULL,0,1225,NULL,0,'2016-05-08 01:38:02',0,'2016-05-08 01:38:02','Y'),(1241,NULL,1118,1225,NULL,0,'2016-05-08 01:38:02',0,'2016-05-08 01:38:02','Y'),(1242,NULL,1115,1226,NULL,0,'2016-05-09 22:04:39',0,'2016-05-09 22:04:39','Y'),(1243,NULL,1116,1227,NULL,0,'2016-05-09 22:04:39',0,'2016-05-09 22:04:39','Y'),(1244,NULL,0,1228,NULL,0,'2016-05-09 22:04:39',0,'2016-05-09 22:04:39','Y'),(1245,NULL,1117,1228,NULL,0,'2016-05-09 22:04:39',0,'2016-05-09 22:04:39','Y'),(1246,NULL,0,1229,NULL,0,'2016-05-09 22:04:39',0,'2016-05-09 22:04:39','Y'),(1247,NULL,1118,1229,NULL,0,'2016-05-09 22:04:39',0,'2016-05-09 22:04:39','Y'),(1248,NULL,1117,1230,NULL,0,'2016-05-09 22:13:09',0,'2016-05-09 22:13:09','Y'),(1249,NULL,1125,1231,NULL,0,'2016-05-09 22:13:09',0,'2016-05-09 22:13:09','Y'),(1250,NULL,1116,1232,NULL,0,'2016-05-11 18:48:05',0,'2016-05-11 18:48:05','Y'),(1251,NULL,1116,1233,NULL,0,'2016-05-11 19:54:53',0,'2016-05-11 19:54:53','Y'),(1252,NULL,1118,1234,NULL,0,'2016-05-11 19:54:53',0,'2016-05-11 19:54:53','Y'),(1253,NULL,0,1235,NULL,0,'2016-05-11 19:54:53',0,'2016-05-11 19:54:53','Y'),(1254,NULL,1117,1235,NULL,0,'2016-05-11 19:54:53',0,'2016-05-11 19:54:53','Y'),(1255,NULL,1115,1236,NULL,0,'2016-05-11 19:54:54',0,'2016-05-11 19:54:54','Y'),(1256,NULL,1115,1237,NULL,0,'2016-05-31 17:34:30',0,'2016-05-31 17:34:30','Y'),(1257,NULL,1116,1237,NULL,0,'2016-05-31 17:34:30',0,'2016-05-31 17:34:30','Y'),(1258,NULL,1117,1237,NULL,0,'2016-05-31 17:34:30',0,'2016-05-31 17:34:30','Y'),(1259,NULL,1118,1238,NULL,0,'2016-05-31 17:34:30',0,'2016-05-31 17:34:30','Y'),(1260,NULL,1116,1239,NULL,0,'2016-05-31 17:46:52',0,'2016-05-31 17:46:52','Y'),(1261,NULL,1115,1240,NULL,0,'2016-05-31 17:46:52',0,'2016-05-31 17:46:52','Y'),(1262,NULL,1117,1241,NULL,0,'2016-05-31 17:46:52',0,'2016-05-31 17:46:52','Y'),(1263,NULL,1118,1242,NULL,0,'2016-05-31 17:46:52',0,'2016-05-31 17:46:52','Y'),(1264,NULL,1115,1243,NULL,0,'2016-05-31 17:58:41',0,'2016-05-31 17:58:41','Y'),(1265,NULL,1116,1243,NULL,0,'2016-05-31 17:58:41',0,'2016-05-31 17:58:41','Y'),(1266,NULL,1117,1243,NULL,0,'2016-05-31 17:58:41',0,'2016-05-31 17:58:41','Y'),(1267,NULL,1118,1244,NULL,0,'2016-05-31 17:58:41',0,'2016-05-31 17:58:41','Y'),(1268,NULL,1115,1245,NULL,0,'2016-05-31 19:23:28',0,'2016-05-31 19:23:28','Y'),(1269,NULL,1116,1245,NULL,0,'2016-05-31 19:23:28',0,'2016-05-31 19:23:28','Y'),(1270,NULL,1117,1245,NULL,0,'2016-05-31 19:23:28',0,'2016-05-31 19:23:28','Y'),(1271,NULL,1118,1246,NULL,0,'2016-05-31 19:23:28',0,'2016-05-31 19:23:28','Y'),(1272,NULL,1115,1247,NULL,0,'2016-05-31 20:00:54',0,'2016-05-31 20:00:54','Y'),(1273,NULL,1116,1247,NULL,0,'2016-05-31 20:00:54',0,'2016-05-31 20:00:54','Y'),(1274,NULL,1117,1247,NULL,0,'2016-05-31 20:00:54',0,'2016-05-31 20:00:54','Y'),(1275,NULL,1118,1248,NULL,0,'2016-05-31 20:00:54',0,'2016-05-31 20:00:54','Y'),(1276,NULL,1115,1249,NULL,0,'2016-05-31 21:31:15',0,'2016-05-31 21:31:15','Y'),(1277,NULL,1116,1249,NULL,0,'2016-05-31 21:31:15',0,'2016-05-31 21:31:15','Y'),(1278,NULL,1117,1249,NULL,0,'2016-05-31 21:31:15',0,'2016-05-31 21:31:15','Y'),(1279,NULL,1118,1250,NULL,0,'2016-05-31 21:31:15',0,'2016-05-31 21:31:15','Y'),(1280,NULL,1115,1251,NULL,0,'2016-05-31 21:52:57',0,'2016-05-31 21:52:57','Y'),(1281,NULL,1116,1251,NULL,0,'2016-05-31 21:52:57',0,'2016-05-31 21:52:57','Y'),(1282,NULL,1117,1251,NULL,0,'2016-05-31 21:52:57',0,'2016-05-31 21:52:57','Y'),(1283,NULL,1118,1252,NULL,0,'2016-05-31 21:52:57',0,'2016-05-31 21:52:57','Y'),(1284,NULL,1116,1253,NULL,0,'2016-05-31 21:53:24',0,'2016-05-31 21:53:24','Y'),(1285,NULL,1115,1254,NULL,0,'2016-05-31 21:53:24',0,'2016-05-31 21:53:24','Y'),(1286,NULL,1117,1255,NULL,0,'2016-05-31 21:53:24',0,'2016-05-31 21:53:24','Y'),(1287,NULL,1118,1256,NULL,0,'2016-05-31 21:53:24',0,'2016-05-31 21:53:24','Y'),(1288,NULL,1115,1257,NULL,0,'2016-05-31 22:18:19',0,'2016-05-31 22:18:19','Y'),(1289,NULL,1116,1257,NULL,0,'2016-05-31 22:18:19',0,'2016-05-31 22:18:19','Y'),(1290,NULL,1117,1257,NULL,0,'2016-05-31 22:18:19',0,'2016-05-31 22:18:19','Y'),(1291,NULL,1118,1258,NULL,0,'2016-05-31 22:18:19',0,'2016-05-31 22:18:19','Y'),(1292,NULL,1115,1259,NULL,0,'2016-05-31 23:14:07',0,'2016-05-31 23:14:07','Y'),(1293,NULL,1116,1259,NULL,0,'2016-05-31 23:14:07',0,'2016-05-31 23:14:07','Y'),(1294,NULL,1117,1259,NULL,0,'2016-05-31 23:14:07',0,'2016-05-31 23:14:07','Y'),(1295,NULL,1118,1260,NULL,0,'2016-05-31 23:14:08',0,'2016-05-31 23:14:08','Y'),(1296,NULL,1148,1272,NULL,0,'2016-08-13 00:28:03',0,'2016-08-13 00:28:03','Y'),(1297,NULL,1153,1273,NULL,0,'2016-08-13 00:28:03',0,'2016-08-13 00:28:03','Y'),(1298,NULL,1148,1274,NULL,0,'2016-08-13 00:30:21',0,'2016-08-13 00:30:21','Y'),(1299,NULL,1153,1275,NULL,0,'2016-08-13 00:30:21',0,'2016-08-13 00:30:21','Y');

/*Table structure for table `node_artifact_history` */

DROP TABLE IF EXISTS `node_artifact_history`;

CREATE TABLE `node_artifact_history` (
  `ID` bigint(20) NOT NULL AUTO_INCREMENT,
  `VERSION` bigint(20) DEFAULT NULL COMMENT '数据版本',
  `ARTIFACT_VERSION_ID` bigint(20) DEFAULT NULL COMMENT '所属工件版本ID',
  `NODE_HISTORY_ID` bigint(20) DEFAULT NULL COMMENT '所属节点ID',
  `ORDER` int(11) DEFAULT NULL COMMENT '序号',
  `CREATED_BY` bigint(20) DEFAULT NULL COMMENT '创建人',
  `CREATION_DATE` datetime DEFAULT NULL COMMENT '创建时间',
  `LAST_UPDATED_BY` bigint(20) DEFAULT NULL COMMENT '最后更新人',
  `LAST_UPDATED_DATE` datetime DEFAULT NULL COMMENT '最后更新时间',
  `ENABLED_FLAG` char(1) DEFAULT NULL COMMENT '有效性',
  PRIMARY KEY (`ID`)
) ENGINE=InnoDB DEFAULT CHARSET=utf8;

/*Data for the table `node_artifact_history` */

/*Table structure for table `node_artifact_instance` */

DROP TABLE IF EXISTS `node_artifact_instance`;

CREATE TABLE `node_artifact_instance` (
  `ID` bigint(20) NOT NULL AUTO_INCREMENT,
  `VERSION` bigint(20) DEFAULT NULL COMMENT '数据版本',
  `ARTIFACT_VERSION_ID` bigint(20) DEFAULT NULL COMMENT '所属工件版本ID',
  `NODE_INSTANCE_ID` bigint(20) DEFAULT NULL COMMENT '所属节点实例ID',
  `INSTANCE_ID` varchar(250) DEFAULT NULL COMMENT '工件实例ID',
  `ORDER` int(11) DEFAULT NULL COMMENT '序号',
  `STATUS` varchar(250) DEFAULT NULL COMMENT '状态',
  `CR_STATUS` varchar(250) DEFAULT NULL COMMENT '部署升级状态：升级时使用，升级后恢复为NULL',
  `CREATED_BY` bigint(20) DEFAULT NULL COMMENT '创建人',
  `CREATION_DATE` datetime DEFAULT NULL COMMENT '创建时间',
  `LAST_UPDATED_BY` bigint(20) DEFAULT NULL COMMENT '最后更新人',
  `LAST_UPDATED_DATE` datetime DEFAULT NULL COMMENT '最后更新时间',
  `ENABLED_FLAG` char(1) DEFAULT NULL COMMENT '有效性',
  PRIMARY KEY (`ID`)
) ENGINE=InnoDB AUTO_INCREMENT=1382 DEFAULT CHARSET=utf8;

/*Data for the table `node_artifact_instance` */

insert  into `node_artifact_instance`(`ID`,`VERSION`,`ARTIFACT_VERSION_ID`,`NODE_INSTANCE_ID`,`INSTANCE_ID`,`ORDER`,`STATUS`,`CR_STATUS`,`CREATED_BY`,`CREATION_DATE`,`LAST_UPDATED_BY`,`LAST_UPDATED_DATE`,`ENABLED_FLAG`) values (1091,NULL,1117,1143,NULL,0,NULL,NULL,0,'2016-03-14 04:41:01',0,'2016-03-14 04:41:01','N'),(1092,NULL,1116,1144,NULL,0,NULL,NULL,0,'2016-03-14 04:41:01',0,'2016-03-14 04:41:01','N'),(1093,NULL,1115,1145,NULL,0,NULL,NULL,0,'2016-03-14 04:41:01',0,'2016-03-14 04:41:01','N'),(1094,NULL,1118,1146,NULL,0,NULL,NULL,0,'2016-03-14 04:41:01',0,'2016-03-14 04:41:01','N'),(1095,NULL,1117,1143,'7e1e3cd5-5e4d-4a46-a438-654e8879f781',0,'fail',NULL,0,'2016-03-14 04:54:28',0,'2016-03-14 04:54:28','N'),(1096,NULL,1116,1144,'4b2d3187-afb7-402e-ae98-b6c0355f9930',0,'fail',NULL,0,'2016-03-14 04:54:28',0,'2016-03-14 04:54:28','N'),(1097,NULL,1115,1145,'7d60d31f-2df9-4993-8450-dbc3c3709b4b',0,'fail',NULL,0,'2016-03-14 04:54:28',0,'2016-03-14 04:54:28','N'),(1098,NULL,1118,1146,'c3a8092f-a498-4e8b-bed6-e451938d8129',0,'done',NULL,0,'2016-03-14 04:54:28',0,'2016-03-14 04:54:28','N'),(1099,NULL,1117,1147,NULL,0,NULL,NULL,0,'2016-03-14 05:28:02',0,'2016-03-14 05:28:02','N'),(1100,NULL,1116,1148,NULL,0,NULL,NULL,0,'2016-03-14 05:28:03',0,'2016-03-14 05:28:03','N'),(1101,NULL,1115,1149,NULL,0,NULL,NULL,0,'2016-03-14 05:28:03',0,'2016-03-14 05:28:03','N'),(1102,NULL,1118,1150,NULL,0,NULL,NULL,0,'2016-03-14 05:28:03',0,'2016-03-14 05:28:03','N'),(1103,NULL,1117,1147,'35d22b7c-0a1b-45d2-b7b0-e9d096c04e18',0,'done',NULL,0,'2016-03-14 05:35:02',0,'2016-03-14 05:35:02','N'),(1104,NULL,1116,1148,'64eb4788-6dd8-4edc-b21a-934c6adc34bd',0,'done',NULL,0,'2016-03-14 05:35:02',0,'2016-03-14 05:35:02','N'),(1105,NULL,1115,1149,'88374803-a0d7-4bac-b220-bf5e5b2d5328',0,'done',NULL,0,'2016-03-14 05:35:02',0,'2016-03-14 05:35:02','N'),(1106,NULL,1118,1150,'880ffb25-df25-4242-bcaf-62679ad2790c',0,'done',NULL,0,'2016-03-14 05:35:02',0,'2016-03-14 05:35:02','N'),(1107,NULL,1117,1151,NULL,0,NULL,NULL,0,'2016-03-14 19:15:02',0,'2016-03-14 19:15:02','N'),(1108,NULL,1116,1152,NULL,0,NULL,NULL,0,'2016-03-14 19:15:03',0,'2016-03-14 19:15:03','N'),(1109,NULL,1115,1153,NULL,0,NULL,NULL,0,'2016-03-14 19:15:03',0,'2016-03-14 19:15:03','N'),(1110,NULL,1118,1154,NULL,0,NULL,NULL,0,'2016-03-14 19:15:03',0,'2016-03-14 19:15:03','N'),(1111,NULL,1117,1155,NULL,0,NULL,NULL,0,'2016-03-14 23:07:00',0,'2016-03-14 23:07:00','N'),(1112,NULL,1116,1156,NULL,0,NULL,NULL,0,'2016-03-14 23:07:01',0,'2016-03-14 23:07:01','N'),(1113,NULL,1115,1157,NULL,0,NULL,NULL,0,'2016-03-14 23:07:01',0,'2016-03-14 23:07:01','N'),(1114,NULL,1118,1158,NULL,0,NULL,NULL,0,'2016-03-14 23:07:01',0,'2016-03-14 23:07:01','N'),(1115,NULL,1115,1159,NULL,0,'install',NULL,0,'2016-05-07 18:45:27',0,'2016-05-07 18:45:27','N'),(1116,NULL,1116,1160,NULL,0,'install',NULL,0,'2016-05-07 18:45:28',0,'2016-05-07 18:45:28','N'),(1117,NULL,0,1161,NULL,0,'install',NULL,0,'2016-05-07 18:45:28',0,'2016-05-07 18:45:28','N'),(1118,NULL,1117,1161,NULL,0,'install',NULL,0,'2016-05-07 18:45:28',0,'2016-05-07 18:45:28','N'),(1119,NULL,0,1162,NULL,0,'install',NULL,0,'2016-05-07 18:45:28',0,'2016-05-07 18:45:28','N'),(1120,NULL,1118,1162,NULL,0,'install',NULL,0,'2016-05-07 18:45:28',0,'2016-05-07 18:45:28','N'),(1121,NULL,1115,1163,NULL,0,'install',NULL,0,'2016-05-07 19:35:47',0,'2016-05-07 19:35:47','N'),(1122,NULL,1116,1164,NULL,0,'install',NULL,0,'2016-05-07 19:35:48',0,'2016-05-07 19:35:48','N'),(1123,NULL,0,1165,NULL,0,'install',NULL,0,'2016-05-07 19:35:48',0,'2016-05-07 19:35:48','N'),(1124,NULL,1117,1165,NULL,0,'install',NULL,0,'2016-05-07 19:35:48',0,'2016-05-07 19:35:48','N'),(1125,NULL,0,1166,NULL,0,'install',NULL,0,'2016-05-07 19:35:48',0,'2016-05-07 19:35:48','N'),(1126,NULL,1118,1166,NULL,0,'install',NULL,0,'2016-05-07 19:35:48',0,'2016-05-07 19:35:48','N'),(1127,NULL,1115,1167,NULL,0,'install',NULL,0,'2016-05-07 19:45:44',0,'2016-05-07 19:45:44','N'),(1128,NULL,1116,1168,NULL,0,'install',NULL,0,'2016-05-07 19:45:44',0,'2016-05-07 19:45:44','N'),(1129,NULL,0,1169,NULL,0,'install',NULL,0,'2016-05-07 19:45:44',0,'2016-05-07 19:45:44','N'),(1130,NULL,1117,1169,NULL,0,'install',NULL,0,'2016-05-07 19:45:44',0,'2016-05-07 19:45:44','N'),(1131,NULL,0,1170,NULL,0,'install',NULL,0,'2016-05-07 19:45:45',0,'2016-05-07 19:45:45','N'),(1132,NULL,1118,1170,NULL,0,'install',NULL,0,'2016-05-07 19:45:45',0,'2016-05-07 19:45:45','N'),(1133,NULL,1115,1171,NULL,0,'install',NULL,0,'2016-05-07 19:47:28',0,'2016-05-07 19:47:28','N'),(1134,NULL,1116,1172,NULL,0,'install',NULL,0,'2016-05-07 19:47:28',0,'2016-05-07 19:47:28','N'),(1135,NULL,0,1173,NULL,0,'install',NULL,0,'2016-05-07 19:47:28',0,'2016-05-07 19:47:28','N'),(1136,NULL,1117,1173,NULL,0,'install',NULL,0,'2016-05-07 19:47:28',0,'2016-05-07 19:47:28','N'),(1137,NULL,0,1174,NULL,0,'install',NULL,0,'2016-05-07 19:47:28',0,'2016-05-07 19:47:28','N'),(1138,NULL,1118,1174,NULL,0,'install',NULL,0,'2016-05-07 19:47:28',0,'2016-05-07 19:47:28','N'),(1139,NULL,1115,1175,NULL,0,'install',NULL,0,'2016-05-07 20:11:37',0,'2016-05-07 20:11:37','N'),(1140,NULL,1116,1176,NULL,0,'install',NULL,0,'2016-05-07 20:11:38',0,'2016-05-07 20:11:38','N'),(1141,NULL,0,1177,NULL,0,'install',NULL,0,'2016-05-07 20:11:38',0,'2016-05-07 20:11:38','N'),(1142,NULL,1117,1177,NULL,0,'install',NULL,0,'2016-05-07 20:11:38',0,'2016-05-07 20:11:38','N'),(1143,NULL,0,1178,NULL,0,'install',NULL,0,'2016-05-07 20:11:38',0,'2016-05-07 20:11:38','N'),(1144,NULL,1118,1178,NULL,0,'install',NULL,0,'2016-05-07 20:11:38',0,'2016-05-07 20:11:38','N'),(1145,NULL,1115,1175,'c2e7495a-f6dc-45e7-b80c-32fdcbe4c197',0,'fail',NULL,0,'2016-05-07 20:14:11',0,'2016-05-07 20:14:11','N'),(1146,NULL,1116,1176,'f42682a8-3105-4982-b2eb-2d3ac63fbe2c',0,'fail',NULL,0,'2016-05-07 20:14:11',0,'2016-05-07 20:14:11','N'),(1147,NULL,1117,1177,'6bc1cfd3-514d-494d-a38f-6ee3f6313746',0,'done',NULL,0,'2016-05-07 20:14:11',0,'2016-05-07 20:14:11','N'),(1148,NULL,1118,1178,'a5619979-6b76-48a5-99ea-67fea588e212',0,'done',NULL,0,'2016-05-07 20:14:11',0,'2016-05-07 20:14:11','N'),(1149,NULL,1124,1179,NULL,0,'install',NULL,0,'2016-05-07 22:43:13',0,'2016-05-07 22:43:13','N'),(1150,NULL,1124,1179,'d4cd665c-4b3b-426f-aac3-25d2833787c9',0,'fail',NULL,0,'2016-05-07 22:45:26',0,'2016-05-07 22:45:26','N'),(1151,NULL,1117,1180,NULL,0,'install',NULL,0,'2016-05-07 22:48:29',0,'2016-05-07 22:48:29','N'),(1152,NULL,1117,1181,NULL,0,'install',NULL,0,'2016-05-07 22:51:07',0,'2016-05-07 22:51:07','N'),(1153,NULL,1117,1181,'11ec996f-5900-4db6-af83-152694e680d9',0,'done',NULL,0,'2016-05-07 22:51:25',0,'2016-05-07 22:51:25','N'),(1154,NULL,1118,1182,NULL,0,'destoryed',NULL,0,'2016-05-07 22:58:51',0,'2016-05-07 23:30:40','N'),(1155,NULL,1118,1182,'1d3613d4-6c38-410b-807e-331d324852d3',0,'destoryed',NULL,0,'2016-05-07 22:59:47',0,'2016-05-07 23:30:40','N'),(1156,NULL,1118,1183,NULL,0,'install',NULL,0,'2016-05-07 23:03:30',0,'2016-05-07 23:03:30','N'),(1157,NULL,1118,1184,NULL,0,'install',NULL,0,'2016-05-07 23:03:30',0,'2016-05-07 23:03:30','N'),(1158,NULL,1118,1183,'da29f700-e377-46f0-8433-9d97f70cbc5e',0,'done',NULL,0,'2016-05-07 23:05:31',0,'2016-05-07 23:05:31','N'),(1159,NULL,1118,1184,'08d6d4d8-6c29-420c-8c05-56ff8eee4c87',0,'done',NULL,0,'2016-05-07 23:05:31',0,'2016-05-07 23:05:31','N'),(1160,NULL,1118,1182,'29013844-1d26-4102-9059-c61358c5a3a0',0,'destoryed',NULL,0,'2016-05-07 23:10:33',0,'2016-05-07 23:30:40','N'),(1161,NULL,1118,1183,'6eaa013d-ae1c-4a1f-ae52-ba9a6579e033',0,'done',NULL,0,'2016-05-07 23:10:33',0,'2016-05-07 23:10:33','N'),(1162,NULL,1118,1184,'52beee08-a2a1-4251-a3c6-a795b6614b2f',0,'done',NULL,0,'2016-05-07 23:10:33',0,'2016-05-07 23:10:33','N'),(1163,NULL,1117,1185,NULL,0,'install',NULL,0,'2016-05-07 23:13:07',0,'2016-05-07 23:13:07','N'),(1164,NULL,1118,1182,'786af776-13f0-4fcb-9a4a-12d631e54528',0,'destoryed',NULL,0,'2016-05-07 23:13:50',0,'2016-05-07 23:30:40','N'),(1165,NULL,1118,1183,'9ca82d98-b3c9-45eb-95da-b3482a070515',0,'done',NULL,0,'2016-05-07 23:13:50',0,'2016-05-07 23:13:50','N'),(1166,NULL,1118,1184,'911ae1a6-94fc-413c-81d4-7e3956f820f9',0,'done',NULL,0,'2016-05-07 23:13:50',0,'2016-05-07 23:13:50','N'),(1167,NULL,1117,1186,NULL,0,'install',NULL,0,'2016-05-07 23:19:09',0,'2016-05-07 23:19:09','N'),(1168,NULL,1117,1186,'e0df9309-bae9-4159-946d-49369e3b07f4',0,'done',NULL,0,'2016-05-07 23:21:31',0,'2016-05-07 23:21:31','N'),(1169,NULL,1117,1186,'ab24f890-3eaf-453a-b9e1-60e0c93b91c9',0,'done',NULL,0,'2016-05-07 23:28:56',0,'2016-05-07 23:28:56','N'),(1170,NULL,1117,1187,NULL,0,'install',NULL,0,'2016-05-07 23:32:56',0,'2016-05-07 23:32:56','N'),(1171,NULL,1117,1187,'6f9fc449-a302-4409-b2c8-541c7aa2774c',0,'fail',NULL,0,'2016-05-07 23:34:09',0,'2016-05-07 23:34:09','N'),(1172,NULL,1117,1188,NULL,0,'install',NULL,0,'2016-05-07 23:35:58',0,'2016-05-07 23:35:58','N'),(1173,NULL,1117,1189,NULL,0,'destoryed',NULL,0,'2016-05-07 23:35:58',0,'2016-05-07 23:49:45','N'),(1174,NULL,1117,1188,'5070cc32-6b86-4b91-83b7-7a74cfaa9277',0,'done',NULL,0,'2016-05-07 23:37:16',0,'2016-05-07 23:37:16','N'),(1175,NULL,1117,1189,'d02ab1cf-bd2b-4647-b86b-53db0b413d7b',0,'destoryed',NULL,0,'2016-05-07 23:37:16',0,'2016-05-07 23:49:45','N'),(1176,NULL,1115,1190,NULL,0,'install',NULL,0,'2016-05-07 23:49:22',0,'2016-05-07 23:49:22','N'),(1177,NULL,1116,1191,NULL,0,'install',NULL,0,'2016-05-07 23:49:22',0,'2016-05-07 23:49:22','N'),(1178,NULL,0,1192,NULL,0,'install',NULL,0,'2016-05-07 23:49:22',0,'2016-05-07 23:49:22','N'),(1179,NULL,1117,1192,NULL,0,'install',NULL,0,'2016-05-07 23:49:22',0,'2016-05-07 23:49:22','N'),(1180,NULL,0,1193,NULL,0,'install',NULL,0,'2016-05-07 23:49:22',0,'2016-05-07 23:49:22','N'),(1181,NULL,1118,1193,NULL,0,'install',NULL,0,'2016-05-07 23:49:22',0,'2016-05-07 23:49:22','N'),(1182,NULL,1115,1190,'2d1e10ac-1077-4ab5-b0a6-c2daf6e12753',0,'done',NULL,0,'2016-05-07 23:51:24',0,'2016-05-07 23:51:24','N'),(1183,NULL,1116,1191,'9fb333d8-18ad-4567-a3fe-a50c6526439e',0,'done',NULL,0,'2016-05-07 23:51:24',0,'2016-05-07 23:51:24','N'),(1184,NULL,1117,1192,'1719edaf-bd16-4e2c-bdd4-6d36558ae61e',0,'done',NULL,0,'2016-05-07 23:51:24',0,'2016-05-07 23:51:24','N'),(1185,NULL,1118,1193,'81828180-babe-4029-bcfc-46e9d0c380c8',0,'done',NULL,0,'2016-05-07 23:51:24',0,'2016-05-07 23:51:24','N'),(1186,NULL,1117,1194,NULL,0,'install',NULL,0,'2016-05-07 23:53:10',0,'2016-05-07 23:53:10','N'),(1187,NULL,1117,1194,'1970899b-b37f-49b0-b532-c16dbfda6111',0,'done',NULL,0,'2016-05-07 23:54:07',0,'2016-05-07 23:54:07','N'),(1188,NULL,1117,1195,NULL,0,'install',NULL,0,'2016-05-08 00:32:34',0,'2016-05-08 00:32:34','N'),(1189,NULL,1125,1196,NULL,0,'install',NULL,0,'2016-05-08 00:32:34',0,'2016-05-08 00:32:34','N'),(1190,NULL,1117,1197,NULL,0,'install',NULL,0,'2016-05-08 00:34:23',0,'2016-05-08 00:34:23','N'),(1191,NULL,1125,1198,NULL,0,'install',NULL,0,'2016-05-08 00:34:23',0,'2016-05-08 00:34:23','N'),(1192,NULL,1117,1195,'1ea60e85-330f-4d92-83df-f1519926599f',0,'install',NULL,0,'2016-05-08 00:35:07',0,'2016-05-08 00:35:07','N'),(1193,NULL,1125,1196,'eadf004e-f3a7-4d9e-8abe-93d26b58e793',0,'fail',NULL,0,'2016-05-08 00:35:07',0,'2016-05-08 00:35:07','N'),(1194,NULL,1117,1197,'7643b6a2-14c7-4808-8305-adfaa09c2991',0,'done',NULL,0,'2016-05-08 00:36:08',0,'2016-05-08 00:36:08','N'),(1195,NULL,1125,1198,'a048d0d7-3211-4ff7-92e8-c7b1d61cf792',0,'done',NULL,0,'2016-05-08 00:36:08',0,'2016-05-08 00:36:08','N'),(1196,NULL,1115,1199,NULL,0,'install',NULL,0,'2016-05-08 01:37:24',0,'2016-05-08 01:37:24','N'),(1197,NULL,1116,1200,NULL,0,'install',NULL,0,'2016-05-08 01:37:24',0,'2016-05-08 01:37:24','N'),(1198,NULL,0,1201,NULL,0,'install',NULL,0,'2016-05-08 01:37:24',0,'2016-05-08 01:37:24','N'),(1199,NULL,1117,1201,NULL,0,'install',NULL,0,'2016-05-08 01:37:24',0,'2016-05-08 01:37:24','N'),(1200,NULL,0,1202,NULL,0,'install',NULL,0,'2016-05-08 01:37:24',0,'2016-05-08 01:37:24','N'),(1201,NULL,1118,1202,NULL,0,'install',NULL,0,'2016-05-08 01:37:24',0,'2016-05-08 01:37:24','N'),(1202,NULL,1115,1203,NULL,0,'install',NULL,0,'2016-05-08 01:38:02',0,'2016-05-08 01:38:02','N'),(1203,NULL,1116,1204,NULL,0,'install',NULL,0,'2016-05-08 01:38:02',0,'2016-05-08 01:38:02','N'),(1204,NULL,0,1205,NULL,0,'install',NULL,0,'2016-05-08 01:38:02',0,'2016-05-08 01:38:02','N'),(1205,NULL,1117,1205,NULL,0,'install',NULL,0,'2016-05-08 01:38:02',0,'2016-05-08 01:38:02','N'),(1206,NULL,0,1206,NULL,0,'install',NULL,0,'2016-05-08 01:38:02',0,'2016-05-08 01:38:02','N'),(1207,NULL,1118,1206,NULL,0,'install',NULL,0,'2016-05-08 01:38:02',0,'2016-05-08 01:38:02','N'),(1208,NULL,1115,1199,'aa9ab624-4885-4a9b-826d-c7107dee8f85',0,'done',NULL,0,'2016-05-08 01:38:53',0,'2016-05-08 01:38:53','N'),(1209,NULL,1116,1200,'610dd6e5-db15-4182-acac-74cb050a6539',0,'done',NULL,0,'2016-05-08 01:38:53',0,'2016-05-08 01:38:53','N'),(1210,NULL,1117,1201,'bd3fa6df-0ac2-4349-b331-653434816e47',0,'done',NULL,0,'2016-05-08 01:38:53',0,'2016-05-08 01:38:53','N'),(1211,NULL,1118,1202,'6802439e-c548-4e3d-8dab-d69917ab0d20',0,'done',NULL,0,'2016-05-08 01:38:53',0,'2016-05-08 01:38:53','N'),(1212,NULL,1115,1203,'709a3411-07ee-47a1-95a5-49eb1c55ff4e',0,'done',NULL,0,'2016-05-08 01:40:18',0,'2016-05-08 01:40:18','N'),(1213,NULL,1116,1204,'bc8085bc-1f71-4e23-907e-229168fe5d4a',0,'done',NULL,0,'2016-05-08 01:40:18',0,'2016-05-08 01:40:18','N'),(1214,NULL,1117,1205,'085a004c-25e1-4591-9121-885862b48cec',0,'done',NULL,0,'2016-05-08 01:40:18',0,'2016-05-08 01:40:18','N'),(1215,NULL,1118,1206,'5611f547-508b-43ac-bb33-f7c30cf33677',0,'done',NULL,0,'2016-05-08 01:40:18',0,'2016-05-08 01:40:18','N'),(1216,NULL,1115,1199,'316fd3e1-d915-4249-b9f3-8634e85edb13',0,'done',NULL,0,'2016-05-08 01:44:52',0,'2016-05-08 01:44:52','N'),(1217,NULL,1116,1200,'c906f304-5853-44e5-a17c-8772dfe44775',0,'done',NULL,0,'2016-05-08 01:44:52',0,'2016-05-08 01:44:52','N'),(1218,NULL,1117,1201,'26e8d865-f1c6-47f8-8d6a-1e7d68252f4f',0,'done',NULL,0,'2016-05-08 01:44:52',0,'2016-05-08 01:44:52','N'),(1219,NULL,1118,1202,'3e3065b3-ef8e-489a-be21-bcefcac1b8ee',0,'done',NULL,0,'2016-05-08 01:44:52',0,'2016-05-08 01:44:52','N'),(1220,NULL,1115,1203,'5bc205eb-80b7-4f71-b0ed-d1fb720b1c0e',0,'done',NULL,0,'2016-05-08 01:46:51',0,'2016-05-08 01:46:51','N'),(1221,NULL,1116,1204,'e7a09e7f-0ab9-410d-a01b-8a54391d83f0',0,'done',NULL,0,'2016-05-08 01:46:51',0,'2016-05-08 01:46:51','N'),(1222,NULL,1117,1205,'93ac5baf-4edf-4adf-8fe2-fa198fd054e3',0,'done',NULL,0,'2016-05-08 01:46:51',0,'2016-05-08 01:46:51','N'),(1223,NULL,1118,1206,'8ab656d6-ba12-483f-a141-5e8a05714053',0,'done',NULL,0,'2016-05-08 01:46:51',0,'2016-05-08 01:46:51','N'),(1224,NULL,1115,1199,'6edf9fe0-d709-4e4a-b7e1-d495e3ac0b37',0,'done',NULL,0,'2016-05-08 01:50:46',0,'2016-05-08 01:50:46','N'),(1225,NULL,1116,1200,'aa4447b9-4884-4e99-8757-af1bdbed8a1e',0,'done',NULL,0,'2016-05-08 01:50:46',0,'2016-05-08 01:50:46','N'),(1226,NULL,1117,1201,'bda33a52-c2ab-4ba4-85f0-be7b85a0e5b0',0,'done',NULL,0,'2016-05-08 01:50:46',0,'2016-05-08 01:50:46','N'),(1227,NULL,1118,1202,'ab7fdb63-6757-42ac-8363-7dc559d4c946',0,'done',NULL,0,'2016-05-08 01:50:46',0,'2016-05-08 01:50:46','N'),(1228,NULL,1115,1203,'132f6966-c2b8-4967-9570-7d2301d95bb0',0,'done',NULL,0,'2016-05-08 01:55:36',0,'2016-05-08 01:55:36','N'),(1229,NULL,1116,1204,'a9010107-3ee2-428d-83cc-81dc3ba56c03',0,'done',NULL,0,'2016-05-08 01:55:36',0,'2016-05-08 01:55:36','N'),(1230,NULL,1117,1205,'56eeb1d2-30bb-492b-bf08-dd5f5dc7b0b1',0,'done',NULL,0,'2016-05-08 01:55:36',0,'2016-05-08 01:55:36','N'),(1231,NULL,1118,1206,'88b36d3e-1f3c-4d68-b33d-3e17d8fe2bcc',0,'done',NULL,0,'2016-05-08 01:55:36',0,'2016-05-08 01:55:36','N'),(1232,NULL,1115,1199,'cbeb6807-6371-449f-851a-102c4c5819b6',0,'done',NULL,0,'2016-05-08 01:55:56',0,'2016-05-08 01:55:56','N'),(1233,NULL,1116,1200,'94ff509a-ef3f-4dee-971c-46132a2702cd',0,'done',NULL,0,'2016-05-08 01:55:56',0,'2016-05-08 01:55:56','N'),(1234,NULL,1117,1201,'4778e9d2-3914-4df1-9379-9618d4f7812c',0,'done',NULL,0,'2016-05-08 01:55:56',0,'2016-05-08 01:55:56','N'),(1235,NULL,1118,1202,'2ad5973b-f6ff-4f6b-a292-2a47293b67c2',0,'done',NULL,0,'2016-05-08 01:55:56',0,'2016-05-08 01:55:56','N'),(1236,NULL,1115,1207,NULL,0,'install',NULL,0,'2016-05-09 22:04:39',0,'2016-05-09 22:04:39','N'),(1237,NULL,1116,1208,NULL,0,'install',NULL,0,'2016-05-09 22:04:39',0,'2016-05-09 22:04:39','N'),(1238,NULL,0,1209,NULL,0,'install',NULL,0,'2016-05-09 22:04:39',0,'2016-05-09 22:04:39','N'),(1239,NULL,1117,1209,NULL,0,'install',NULL,0,'2016-05-09 22:04:39',0,'2016-05-09 22:04:39','N'),(1240,NULL,0,1210,NULL,0,'install',NULL,0,'2016-05-09 22:04:39',0,'2016-05-09 22:04:39','N'),(1241,NULL,1118,1210,NULL,0,'install',NULL,0,'2016-05-09 22:04:39',0,'2016-05-09 22:04:39','N'),(1242,NULL,1115,1207,'dd7304a4-5ef7-42bd-a7e2-c59d5548add3',0,'done',NULL,0,'2016-05-09 22:07:28',0,'2016-05-09 22:07:28','N'),(1243,NULL,1116,1208,'97e68c0c-ec27-41c8-bfc1-6b2de9edff61',0,'done',NULL,0,'2016-05-09 22:07:28',0,'2016-05-09 22:07:28','N'),(1244,NULL,1117,1209,'68b6d684-64f6-4db7-af8b-d2beeb3b746a',0,'done',NULL,0,'2016-05-09 22:07:28',0,'2016-05-09 22:07:28','N'),(1245,NULL,1118,1210,'507f5063-c22a-425a-9218-0146d040afd3',0,'done',NULL,0,'2016-05-09 22:07:28',0,'2016-05-09 22:07:28','N'),(1246,NULL,1117,1211,NULL,0,'install',NULL,0,'2016-05-09 22:13:09',0,'2016-05-09 22:13:09','N'),(1247,NULL,1125,1212,NULL,0,'install',NULL,0,'2016-05-09 22:13:09',0,'2016-05-09 22:13:09','N'),(1248,NULL,1117,1211,'b15478d4-8b11-456e-922e-abdc9ec7141e',0,'install',NULL,0,'2016-05-09 22:14:53',0,'2016-05-09 22:14:53','N'),(1249,NULL,1125,1212,'006f8bf9-f8d9-49d3-9c88-46bdbfdedd73',0,'install',NULL,0,'2016-05-09 22:14:53',0,'2016-05-09 22:14:53','N'),(1250,NULL,1117,1211,'ee68a94b-eb4f-4608-b09a-f23783bb4189',0,'done',NULL,0,'2016-05-09 22:15:41',0,'2016-05-09 22:15:41','N'),(1251,NULL,1125,1212,'488dc323-2d18-4807-9ab6-3df2ac5a0b9c',0,'install',NULL,0,'2016-05-09 22:15:41',0,'2016-05-09 22:15:41','N'),(1252,NULL,1115,1207,'e5c1336b-a87c-4cb0-8919-87679d860e14',0,'done',NULL,0,'2016-05-09 22:18:39',0,'2016-05-09 22:18:39','N'),(1253,NULL,1116,1208,'5478b528-9de1-47fd-949d-c10e8b3eb2dc',0,'done',NULL,0,'2016-05-09 22:18:39',0,'2016-05-09 22:18:39','N'),(1254,NULL,1117,1209,'1ec7777d-69e5-47df-971b-78c924536b4c',0,'done',NULL,0,'2016-05-09 22:18:39',0,'2016-05-09 22:18:39','N'),(1255,NULL,1118,1210,'26857b81-9338-40eb-9ee7-06a8fb40e50c',0,'done',NULL,0,'2016-05-09 22:18:39',0,'2016-05-09 22:18:39','N'),(1256,NULL,1115,1213,NULL,0,'destoryed',NULL,0,'2016-05-09 22:24:17',0,'2016-05-09 22:30:33','N'),(1257,NULL,1115,1213,'82417a41-e7a6-4045-8178-fd77c061218f',0,'destoryed',NULL,0,'2016-05-09 22:24:56',0,'2016-05-09 22:30:33','N'),(1258,NULL,1116,1214,NULL,0,'install',NULL,0,'2016-05-11 18:48:05',0,'2016-05-11 18:48:05','N'),(1259,NULL,1116,1215,NULL,0,'install',NULL,0,'2016-05-11 18:48:05',0,'2016-05-11 18:48:05','N'),(1260,NULL,1116,1216,NULL,0,'install',NULL,0,'2016-05-11 18:48:06',0,'2016-05-11 18:48:06','N'),(1261,NULL,1116,1217,NULL,0,'install',NULL,0,'2016-05-11 18:48:06',0,'2016-05-11 18:48:06','N'),(1262,NULL,1116,1218,NULL,0,'install',NULL,0,'2016-05-11 18:48:06',0,'2016-05-11 18:48:06','N'),(1263,NULL,1116,1219,NULL,0,'install',NULL,0,'2016-05-11 18:48:06',0,'2016-05-11 18:48:06','N'),(1264,NULL,1116,1214,'3fbfe042-d185-47b0-86ce-6798ab7dc573',0,'done',NULL,0,'2016-05-11 18:49:35',0,'2016-05-11 18:49:35','N'),(1265,NULL,1116,1215,'335b978f-a623-490e-96ba-09271fea7ab7',0,'done',NULL,0,'2016-05-11 18:49:35',0,'2016-05-11 18:49:35','N'),(1266,NULL,1116,1216,'1b6793a9-78ab-4a81-9e28-beecd4e2db77',0,'done',NULL,0,'2016-05-11 18:49:35',0,'2016-05-11 18:49:35','N'),(1267,NULL,1116,1217,'af406772-cc08-432a-8e6a-a26c574f5b22',0,'done',NULL,0,'2016-05-11 18:49:35',0,'2016-05-11 18:49:35','N'),(1268,NULL,1116,1218,'095783cd-ea82-44f1-a868-8871d7a8f7a1',0,'done',NULL,0,'2016-05-11 18:49:35',0,'2016-05-11 18:49:35','N'),(1269,NULL,1116,1219,'35c09918-2814-4f82-bb72-690632101790',0,'done',NULL,0,'2016-05-11 18:49:35',0,'2016-05-11 18:49:35','N'),(1270,NULL,1116,1220,NULL,0,'install',NULL,0,'2016-05-11 19:54:53',0,'2016-05-11 19:54:53','N'),(1271,NULL,1118,1221,NULL,0,'install',NULL,0,'2016-05-11 19:54:53',0,'2016-05-11 19:54:53','N'),(1272,NULL,0,1222,NULL,0,'install',NULL,0,'2016-05-11 19:54:53',0,'2016-05-11 19:54:53','N'),(1273,NULL,1117,1222,NULL,0,'install',NULL,0,'2016-05-11 19:54:53',0,'2016-05-11 19:54:53','N'),(1274,NULL,1115,1223,NULL,0,'install',NULL,0,'2016-05-11 19:54:54',0,'2016-05-11 19:54:54','N'),(1275,NULL,1116,1220,'b1f17e59-90f5-411a-8f83-5452db47eb0c',0,'done',NULL,0,'2016-05-11 21:50:38',0,'2016-05-11 21:50:38','N'),(1276,NULL,1118,1221,'8279ebd6-4bd9-426d-b01b-26e1f682e757',0,'fail',NULL,0,'2016-05-11 21:50:38',0,'2016-05-11 21:50:38','N'),(1277,NULL,1117,1222,'e4b3d930-79f2-4237-8534-b8768f9d1f26',0,'fail',NULL,0,'2016-05-11 21:50:38',0,'2016-05-11 21:50:38','N'),(1278,NULL,1115,1223,'ff684ea8-42b4-491e-a8ed-d6d0cb3d601f',0,'done',NULL,0,'2016-05-11 21:50:38',0,'2016-05-11 21:50:38','N'),(1279,NULL,1115,1224,NULL,0,'install',NULL,0,'2016-05-31 17:34:30',0,'2016-05-31 17:34:30','N'),(1280,NULL,1116,1224,NULL,0,'install',NULL,0,'2016-05-31 17:34:30',0,'2016-05-31 17:34:30','N'),(1281,NULL,1117,1224,NULL,0,'install',NULL,0,'2016-05-31 17:34:30',0,'2016-05-31 17:34:30','N'),(1282,NULL,1118,1225,NULL,0,'install',NULL,0,'2016-05-31 17:34:30',0,'2016-05-31 17:34:30','N'),(1283,NULL,1116,1226,NULL,0,'install',NULL,0,'2016-05-31 17:46:52',0,'2016-05-31 17:46:52','N'),(1284,NULL,1115,1227,NULL,0,'install',NULL,0,'2016-05-31 17:46:52',0,'2016-05-31 17:46:52','N'),(1285,NULL,1117,1228,NULL,0,'install',NULL,0,'2016-05-31 17:46:52',0,'2016-05-31 17:46:52','N'),(1286,NULL,1118,1229,NULL,0,'install',NULL,0,'2016-05-31 17:46:52',0,'2016-05-31 17:46:52','N'),(1287,NULL,1115,1230,NULL,0,'install',NULL,0,'2016-05-31 17:58:41',0,'2016-05-31 17:58:41','N'),(1288,NULL,1116,1230,NULL,0,'install',NULL,0,'2016-05-31 17:58:41',0,'2016-05-31 17:58:41','N'),(1289,NULL,1117,1230,NULL,0,'install',NULL,0,'2016-05-31 17:58:41',0,'2016-05-31 17:58:41','N'),(1290,NULL,1118,1231,NULL,0,'install',NULL,0,'2016-05-31 17:58:41',0,'2016-05-31 17:58:41','N'),(1291,NULL,1116,1226,'8ed339b1-fc69-4756-a2b7-430a83ea9036',0,'fail','ADD_DEPLOY',0,'2016-05-31 18:01:32',0,'2016-05-31 18:01:32','N'),(1292,NULL,1115,1227,'cb2af31c-e07e-4f8d-8bed-87303c813483',0,'fail','ADD_DEPLOY',0,'2016-05-31 18:01:32',0,'2016-05-31 18:01:32','N'),(1293,NULL,1117,1228,'ad10ee12-737b-409a-941a-cf14b7497078',0,'fail','ADD_DEPLOY',0,'2016-05-31 18:01:32',0,'2016-05-31 18:01:32','N'),(1294,NULL,1118,1229,'c7443d28-5b75-4e42-a9b0-6b6f4bc1a77e',0,'fail','ADD_DEPLOY',0,'2016-05-31 18:01:32',0,'2016-05-31 18:01:32','N'),(1295,NULL,1115,1230,'d9123421-c807-495b-a624-8d0178c4dcc4',0,'fail','ADD_DEPLOY',0,'2016-05-31 18:07:22',0,'2016-05-31 18:07:22','N'),(1296,NULL,1116,1230,'7b1d9893-2184-4a48-92c6-6a457c78ab23',0,'fail','ADD_DEPLOY',0,'2016-05-31 18:07:22',0,'2016-05-31 18:07:22','N'),(1297,NULL,1117,1230,'de6de73e-a3f1-479b-ad20-32dd876d97af',0,'fail','ADD_DEPLOY',0,'2016-05-31 18:07:22',0,'2016-05-31 18:07:22','N'),(1298,NULL,1118,1231,'ce17e48d-28e8-424e-a050-adf4e50ca365',0,'fail','ADD_DEPLOY',0,'2016-05-31 18:07:22',0,'2016-05-31 18:07:22','N'),(1299,NULL,1115,1232,NULL,0,'install',NULL,0,'2016-05-31 19:23:28',0,'2016-05-31 19:23:28','N'),(1300,NULL,1116,1232,NULL,0,'install',NULL,0,'2016-05-31 19:23:28',0,'2016-05-31 19:23:28','N'),(1301,NULL,1117,1232,NULL,0,'install',NULL,0,'2016-05-31 19:23:28',0,'2016-05-31 19:23:28','N'),(1302,NULL,1118,1233,NULL,0,'install',NULL,0,'2016-05-31 19:23:28',0,'2016-05-31 19:23:28','N'),(1303,NULL,1115,1232,'adc4c7d2-08d7-429f-a0f0-c517afb6221e',0,'fail','ADD_DEPLOY',0,'2016-05-31 19:32:15',0,'2016-05-31 19:32:15','N'),(1304,NULL,1116,1232,'bc0e9677-91c4-4345-b1f8-be1f24961988',0,'fail','ADD_DEPLOY',0,'2016-05-31 19:32:15',0,'2016-05-31 19:32:15','N'),(1305,NULL,1117,1232,'014f0a73-42f8-4ff8-a5eb-b03d25c26cde',0,'fail','ADD_DEPLOY',0,'2016-05-31 19:32:15',0,'2016-05-31 19:32:15','N'),(1306,NULL,1118,1233,'1965581b-a8ae-4782-8b96-274b06f136c8',0,'fail','ADD_DEPLOY',0,'2016-05-31 19:32:15',0,'2016-05-31 19:32:15','N'),(1307,NULL,1115,1234,NULL,0,'install',NULL,0,'2016-05-31 20:00:54',0,'2016-05-31 20:00:54','N'),(1308,NULL,1116,1234,NULL,0,'install',NULL,0,'2016-05-31 20:00:54',0,'2016-05-31 20:00:54','N'),(1309,NULL,1117,1234,NULL,0,'install',NULL,0,'2016-05-31 20:00:54',0,'2016-05-31 20:00:54','N'),(1310,NULL,1118,1235,NULL,0,'install',NULL,0,'2016-05-31 20:00:54',0,'2016-05-31 20:00:54','N'),(1311,NULL,1115,1234,'e583fcef-63af-4a60-8852-bfedab6c6e73',0,'done',NULL,0,'2016-05-31 20:08:01',0,'2016-05-31 20:08:01','N'),(1312,NULL,1116,1234,'83469309-fd80-4383-be9b-6b5bee25d9d0',0,'done',NULL,0,'2016-05-31 20:08:01',0,'2016-05-31 20:08:01','N'),(1313,NULL,1117,1234,'80b7fc41-fc73-459f-a2b5-699826266791',0,'done',NULL,0,'2016-05-31 20:08:02',0,'2016-05-31 20:08:02','N'),(1314,NULL,1118,1235,'3b81e588-661a-4263-84ee-02a23246ad35',0,'done',NULL,0,'2016-05-31 20:08:02',0,'2016-05-31 20:08:02','N'),(1315,NULL,1115,1236,NULL,0,'install',NULL,0,'2016-05-31 21:31:15',0,'2016-05-31 21:31:15','N'),(1316,NULL,1116,1236,NULL,0,'install',NULL,0,'2016-05-31 21:31:15',0,'2016-05-31 21:31:15','N'),(1317,NULL,1117,1236,NULL,0,'install',NULL,0,'2016-05-31 21:31:15',0,'2016-05-31 21:31:15','N'),(1318,NULL,1118,1237,NULL,0,'install',NULL,0,'2016-05-31 21:31:15',0,'2016-05-31 21:31:15','N'),(1319,NULL,1115,1236,'ff1cda64-faab-47bf-a240-a9b36f734908',0,'done',NULL,0,'2016-05-31 21:42:23',0,'2016-05-31 21:42:23','N'),(1320,NULL,1116,1236,'84bd4379-9683-4ef9-aa43-af9ec6d88fe3',0,'done',NULL,0,'2016-05-31 21:42:23',0,'2016-05-31 21:42:23','N'),(1321,NULL,1117,1236,'f58c6d74-8fd3-4353-8427-e8eaa6e83e86',0,'done',NULL,0,'2016-05-31 21:42:23',0,'2016-05-31 21:42:23','N'),(1322,NULL,1118,1237,'6e07600d-b7fa-4f02-875f-d4b1fc2efcec',0,'done',NULL,0,'2016-05-31 21:42:23',0,'2016-05-31 21:42:23','N'),(1323,NULL,1115,1238,NULL,0,'install',NULL,0,'2016-05-31 21:52:57',0,'2016-05-31 21:52:57','N'),(1324,NULL,1116,1238,NULL,0,'install',NULL,0,'2016-05-31 21:52:57',0,'2016-05-31 21:52:57','N'),(1325,NULL,1117,1238,NULL,0,'install',NULL,0,'2016-05-31 21:52:57',0,'2016-05-31 21:52:57','N'),(1326,NULL,1118,1239,NULL,0,'install',NULL,0,'2016-05-31 21:52:57',0,'2016-05-31 21:52:57','N'),(1327,NULL,1116,1240,NULL,0,'install',NULL,0,'2016-05-31 21:53:24',0,'2016-05-31 21:53:24','N'),(1328,NULL,1115,1241,NULL,0,'install',NULL,0,'2016-05-31 21:53:24',0,'2016-05-31 21:53:24','N'),(1329,NULL,1117,1242,NULL,0,'install',NULL,0,'2016-05-31 21:53:24',0,'2016-05-31 21:53:24','N'),(1330,NULL,1118,1243,NULL,0,'install',NULL,0,'2016-05-31 21:53:24',0,'2016-05-31 21:53:24','N'),(1331,NULL,1115,1238,'8da2a45e-07a2-4fdf-a130-da0f3415b4ad',0,'done',NULL,0,'2016-05-31 22:00:37',0,'2016-05-31 22:00:37','N'),(1332,NULL,1116,1238,'aecc3931-afd2-4a98-98e2-147ba502ad25',0,'done',NULL,0,'2016-05-31 22:00:37',0,'2016-05-31 22:00:37','N'),(1333,NULL,1117,1238,'721de2bd-a1e8-4128-801d-a35f9609ea08',0,'done',NULL,0,'2016-05-31 22:00:37',0,'2016-05-31 22:00:37','N'),(1334,NULL,1118,1239,'123aa2e5-7034-429d-8dd8-7a064ac10d8a',0,'done',NULL,0,'2016-05-31 22:00:37',0,'2016-05-31 22:00:37','N'),(1335,NULL,1116,1240,'4fbf1d90-7026-4d32-acdb-4fa63193627d',0,'done',NULL,0,'2016-05-31 22:06:30',0,'2016-05-31 22:06:30','N'),(1336,NULL,1115,1241,'18c1467e-a17d-4118-b121-2e7cce9242d8',0,'done',NULL,0,'2016-05-31 22:06:30',0,'2016-05-31 22:06:30','N'),(1337,NULL,1117,1242,'77cc4b71-533f-425a-863a-f2cfb8bf4f6e',0,'done',NULL,0,'2016-05-31 22:06:30',0,'2016-05-31 22:06:30','N'),(1338,NULL,1118,1243,'2581c78c-d0c2-4560-8402-9736ed878c27',0,'done',NULL,0,'2016-05-31 22:06:30',0,'2016-05-31 22:06:30','N'),(1339,NULL,1115,1238,'599d8390-f5f6-4b8b-867f-10cbad0a334b',0,'done',NULL,0,'2016-05-31 22:11:44',0,'2016-05-31 22:11:44','N'),(1340,NULL,1115,1244,NULL,0,'install',NULL,0,'2016-05-31 22:18:19',0,'2016-05-31 22:18:19','N'),(1341,NULL,1116,1244,NULL,0,'install',NULL,0,'2016-05-31 22:18:19',0,'2016-05-31 22:18:19','N'),(1342,NULL,1117,1244,NULL,0,'install',NULL,0,'2016-05-31 22:18:19',0,'2016-05-31 22:18:19','N'),(1343,NULL,1118,1245,NULL,0,'install',NULL,0,'2016-05-31 22:18:19',0,'2016-05-31 22:18:19','N'),(1344,NULL,1115,1244,'0ca9b3c4-411b-49b5-afda-255867cb75a8',0,'done',NULL,0,'2016-05-31 22:24:49',0,'2016-05-31 22:24:49','N'),(1345,NULL,1116,1244,'0da6db1f-43be-4c24-8cea-231e2730f1bb',0,'done',NULL,0,'2016-05-31 22:24:49',0,'2016-05-31 22:24:49','N'),(1346,NULL,1117,1244,'47d4c25a-f958-4d2b-93ab-82fa1919481d',0,'done',NULL,0,'2016-05-31 22:24:49',0,'2016-05-31 22:24:49','N'),(1347,NULL,1118,1245,'c1a079c3-3234-456c-92cb-fea58a51a344',0,'fail','ADD_DEPLOY',0,'2016-05-31 22:24:49',0,'2016-05-31 22:24:49','N'),(1348,NULL,1116,1240,'bc6d6ca1-9cd4-4435-926f-548b68d26886',0,'done',NULL,0,'2016-05-31 22:34:32',0,'2016-05-31 22:34:32','N'),(1349,NULL,1118,1243,'86ffc961-c2ff-4a16-abb2-8f96ecd4d87d',0,'done',NULL,0,'2016-05-31 22:34:32',0,'2016-05-31 22:34:32','N'),(1350,NULL,1116,1246,NULL,0,'install',NULL,0,'2016-05-31 22:44:05',0,'2016-05-31 22:44:05','N'),(1351,NULL,1115,1247,NULL,0,'destoryed',NULL,0,'2016-05-31 22:44:05',0,'2016-06-01 00:06:11','N'),(1352,NULL,1116,1246,'f5e1a597-3919-4de9-9db0-541abb721aac',0,'done',NULL,0,'2016-05-31 22:56:58',0,'2016-05-31 22:56:58','N'),(1353,NULL,1115,1247,'4b392124-fedd-4b05-8ceb-9512d8f762b2',0,'destoryed',NULL,0,'2016-05-31 22:56:58',0,'2016-06-01 00:06:11','N'),(1354,NULL,1115,1248,NULL,0,'install',NULL,0,'2016-05-31 23:14:07',0,'2016-05-31 23:14:07','N'),(1355,NULL,1116,1248,NULL,0,'install',NULL,0,'2016-05-31 23:14:07',0,'2016-05-31 23:14:07','N'),(1356,NULL,1117,1248,NULL,0,'install',NULL,0,'2016-05-31 23:14:07',0,'2016-05-31 23:14:07','N'),(1357,NULL,1115,1249,NULL,0,'install',NULL,0,'2016-05-31 23:14:07',0,'2016-05-31 23:14:07','N'),(1358,NULL,1116,1249,NULL,0,'install',NULL,0,'2016-05-31 23:14:07',0,'2016-05-31 23:14:07','N'),(1359,NULL,1117,1249,NULL,0,'install',NULL,0,'2016-05-31 23:14:07',0,'2016-05-31 23:14:07','N'),(1360,NULL,1118,1250,NULL,0,'install',NULL,0,'2016-05-31 23:14:08',0,'2016-05-31 23:14:08','N'),(1361,NULL,1115,1248,'3bee3a17-ebcc-4349-b51a-bcbe1fd93ccc',0,'done',NULL,0,'2016-05-31 23:28:10',0,'2016-05-31 23:28:10','N'),(1362,NULL,1116,1248,'9d6d7b87-e4a0-40d8-9f63-b23212adf5b5',0,'done',NULL,0,'2016-05-31 23:28:10',0,'2016-05-31 23:28:10','N'),(1363,NULL,1117,1248,'37a1d16c-18f0-49d1-bb3a-91096014a720',0,'done',NULL,0,'2016-05-31 23:28:10',0,'2016-05-31 23:28:10','N'),(1364,NULL,1115,1249,'73b2fd46-1983-4f1e-b02b-7314a0644a2b',0,'done',NULL,0,'2016-05-31 23:28:10',0,'2016-05-31 23:28:10','N'),(1365,NULL,1116,1249,'a9bf3f6d-9ad7-4b11-bb57-8f62e56e5513',0,'done',NULL,0,'2016-05-31 23:28:10',0,'2016-05-31 23:28:10','N'),(1366,NULL,1117,1249,'4f5fcb7f-1fab-4160-b6d5-aafc0a905beb',0,'done',NULL,0,'2016-05-31 23:28:10',0,'2016-05-31 23:28:10','N'),(1367,NULL,1118,1250,'3a4ecda5-47b4-475f-9cd5-1e38a42c5e60',0,'fail','ADD_DEPLOY',0,'2016-05-31 23:28:10',0,'2016-05-31 23:28:10','N'),(1368,NULL,1142,1255,'8681676b-4763-4161-8b55-dbb56d01ba3f',0,'fail','ADD_DEPLOY',0,'2016-06-09 00:39:51',0,'2016-06-09 00:39:51','Y'),(1369,NULL,1149,1256,'42b655a6-f1c9-4b10-b540-3d4359b8ee9c',0,'fail','ADD_DEPLOY',0,'2016-08-11 19:07:26',0,'2016-08-11 19:07:26','N'),(1370,NULL,1149,1259,'97d80ee2-7904-4d1f-b3db-bb98fef7b025',0,'fail','ADD_DEPLOY',0,'2016-08-11 23:26:23',0,'2016-08-11 23:26:23','N'),(1371,NULL,1153,1260,'b14bcab3-127d-4e67-94c7-67dfe078de56',0,'install','ADD_DEPLOY',0,'2016-08-11 23:26:23',0,'2016-08-11 23:26:23','N'),(1372,NULL,1149,1261,'4ad69bbc-6b1c-49f1-a561-4d0b270b00b0',0,'fail','ADD_DEPLOY',0,'2016-08-12 23:40:01',0,'2016-08-12 23:40:01','Y'),(1373,NULL,1153,1262,'d8f5f83a-57c9-4890-b6ad-4bc07f94a454',0,'install','ADD_DEPLOY',0,'2016-08-12 23:40:01',0,'2016-08-12 23:40:01','Y'),(1374,NULL,1148,1263,NULL,0,'install',NULL,0,'2016-08-13 00:28:03',0,'2016-08-13 00:28:03','N'),(1375,NULL,1153,1264,NULL,0,'done',NULL,0,'2016-08-13 00:28:03',0,'2016-08-13 00:28:03','Y'),(1376,NULL,1148,1265,NULL,0,'install',NULL,0,'2016-08-13 00:30:21',0,'2016-08-13 00:30:21','N'),(1377,NULL,1153,1266,NULL,0,'done',NULL,0,'2016-08-13 00:30:21',0,'2016-08-13 00:30:21','Y'),(1378,NULL,1148,1265,'f88dadb1-7e18-4dde-8e3b-c6f4315182a7',0,'fail','ADD_DEPLOY',0,'2016-08-13 00:31:35',0,'2016-08-13 00:31:35','Y'),(1379,NULL,1153,1266,'a085bc00-ede1-4271-9a50-78cefb054be8',0,'done',NULL,0,'2016-08-13 00:31:35',0,'2016-08-13 00:31:35','Y'),(1380,NULL,1148,1263,'a83a3ab2-248c-479f-abed-a8cc07897949',0,'fail','ADD_DEPLOY',0,'2016-08-13 00:35:02',0,'2016-08-13 00:35:02','Y'),(1381,NULL,1153,1264,'f54b6a6d-1635-4319-979f-060252bb1118',0,'done',NULL,0,'2016-08-13 00:35:02',0,'2016-08-13 00:35:02','Y');

/*Table structure for table `node_file` */

DROP TABLE IF EXISTS `node_file`;

CREATE TABLE `node_file` (
  `ID` bigint(20) NOT NULL AUTO_INCREMENT,
  `VERSION` bigint(20) DEFAULT NULL COMMENT '数据版本',
  `NODE_ID` bigint(20) DEFAULT NULL COMMENT '所属节点ID',
  `FILE_VERSION_ID` bigint(20) DEFAULT NULL COMMENT '关联文件版本ID',
  `RELATIVE_PATH` varchar(500) DEFAULT NULL COMMENT '相对路径',
  `CREATED_BY` bigint(20) DEFAULT NULL COMMENT '创建人',
  `CREATION_DATE` datetime DEFAULT NULL COMMENT '创建时间',
  `LAST_UPDATED_BY` bigint(20) DEFAULT NULL COMMENT '最后更新人',
  `LAST_UPDATED_DATE` datetime DEFAULT NULL COMMENT '最后更新时间',
  `ENABLED_FLAG` char(1) DEFAULT NULL COMMENT '有效性',
  PRIMARY KEY (`ID`)
) ENGINE=InnoDB DEFAULT CHARSET=utf8;

/*Data for the table `node_file` */

/*Table structure for table `node_file_history` */

DROP TABLE IF EXISTS `node_file_history`;

CREATE TABLE `node_file_history` (
  `ID` bigint(20) NOT NULL AUTO_INCREMENT,
  `VERSION` bigint(20) DEFAULT NULL COMMENT '数据版本',
  `NODE_HISTORY_ID` bigint(20) DEFAULT NULL COMMENT '所属节点历史ID',
  `FILE_ID` bigint(20) DEFAULT NULL COMMENT '所属文件ID',
  `RELATIVE_PATH` varchar(500) DEFAULT NULL COMMENT '相对路径',
  `CREATED_BY` bigint(20) DEFAULT NULL COMMENT '创建人',
  `CREATION_DATE` datetime DEFAULT NULL COMMENT '创建时间',
  `LAST_UPDATED_BY` bigint(20) DEFAULT NULL COMMENT '最后更新人',
  `LAST_UPDATED_DATE` datetime DEFAULT NULL COMMENT '最后更新时间',
  `ENABLED_FLAG` char(1) DEFAULT NULL COMMENT '有效性',
  PRIMARY KEY (`ID`)
) ENGINE=InnoDB DEFAULT CHARSET=utf8;

/*Data for the table `node_file_history` */

/*Table structure for table `node_file_instance` */

DROP TABLE IF EXISTS `node_file_instance`;

CREATE TABLE `node_file_instance` (
  `ID` bigint(20) NOT NULL AUTO_INCREMENT,
  `VERSION` bigint(20) DEFAULT NULL COMMENT '数据版本',
  `NODE_INSTANCE_ID` bigint(20) DEFAULT NULL COMMENT '所属节点实例ID',
  `FILE_VERSION_ID` bigint(20) DEFAULT NULL COMMENT '关联文件版本ID',
  `RELATIVE_PATH` varchar(500) DEFAULT NULL COMMENT '相对路径',
  `INSTANCE_ID` varchar(250) DEFAULT NULL COMMENT '文件实例ID',
  `CREATED_BY` bigint(20) DEFAULT NULL COMMENT '创建人',
  `CREATION_DATE` datetime DEFAULT NULL COMMENT '创建时间',
  `LAST_UPDATED_BY` bigint(20) DEFAULT NULL COMMENT '最后更新人',
  `LAST_UPDATED_DATE` datetime DEFAULT NULL COMMENT '最后更新时间',
  `ENABLED_FLAG` char(1) DEFAULT NULL COMMENT '有效性',
  `STATUS` varchar(250) DEFAULT NULL COMMENT '状态',
  `CR_STATUS` varchar(250) DEFAULT NULL COMMENT '扩展状态，部署时使用',
  PRIMARY KEY (`ID`)
) ENGINE=InnoDB AUTO_INCREMENT=2 DEFAULT CHARSET=utf8;

/*Data for the table `node_file_instance` */

insert  into `node_file_instance`(`ID`,`VERSION`,`NODE_INSTANCE_ID`,`FILE_VERSION_ID`,`RELATIVE_PATH`,`INSTANCE_ID`,`CREATED_BY`,`CREATION_DATE`,`LAST_UPDATED_BY`,`LAST_UPDATED_DATE`,`ENABLED_FLAG`,`STATUS`,`CR_STATUS`) values (1,NULL,1186,1128,'/opt/ylink','6f430a04-4b84-44af-b532-c2b4fc5cee95',0,'2016-05-07 23:28:56',0,'2016-05-07 23:28:56','N','done',NULL);

/*Table structure for table `node_history` */

DROP TABLE IF EXISTS `node_history`;

CREATE TABLE `node_history` (
  `ID` bigint(20) NOT NULL AUTO_INCREMENT,
  `VERSION` bigint(20) DEFAULT NULL COMMENT '数据版本',
  `APP_HISTORY_ID` bigint(20) DEFAULT NULL COMMENT '所属应用历史版本ID',
  `NODE_TYPE_ID` bigint(20) DEFAULT NULL COMMENT '所属节点类型ID',
  `NAME` varchar(250) DEFAULT NULL COMMENT '名称',
  `DESC` varchar(1000) DEFAULT NULL COMMENT '描述',
  `IS_ELASTIC` char(1) DEFAULT NULL COMMENT '是否支持弹性调度',
  `MIN_ENGINE_NUM` bigint(20) DEFAULT NULL COMMENT '最小引擎数',
  `MAX_ENGINE_NUM` bigint(20) DEFAULT NULL COMMENT '最大引擎数',
  `CREATED_BY` bigint(20) DEFAULT NULL COMMENT '创建人',
  `CREATION_DATE` datetime DEFAULT NULL COMMENT '创建时间',
  `LAST_UPDATED_BY` bigint(20) DEFAULT NULL COMMENT '最后更新人',
  `LAST_UPDATED_DATE` datetime DEFAULT NULL COMMENT '最后更新时间',
  `ENABLED_FLAG` char(1) DEFAULT NULL COMMENT '有效性',
  PRIMARY KEY (`ID`)
) ENGINE=InnoDB DEFAULT CHARSET=utf8;

/*Data for the table `node_history` */

/*Table structure for table `node_instance` */

DROP TABLE IF EXISTS `node_instance`;

CREATE TABLE `node_instance` (
  `ID` bigint(20) NOT NULL AUTO_INCREMENT,
  `VERSION` bigint(20) DEFAULT NULL COMMENT '数据版本',
  `NODE_ID` bigint(20) DEFAULT NULL,
  `NAME` varchar(250) DEFAULT NULL,
  `INSTANCE_ID` varchar(250) DEFAULT NULL,
  `STATUS` varchar(250) DEFAULT NULL,
  `CR_STATUS` varchar(250) DEFAULT NULL COMMENT '变更状态：扩展',
  `CREATED_BY` bigint(20) DEFAULT NULL COMMENT '创建人',
  `CREATION_DATE` datetime DEFAULT NULL COMMENT '创建时间',
  `LAST_UPDATED_BY` bigint(20) DEFAULT NULL COMMENT '最后更新人',
  `LAST_UPDATED_DATE` datetime DEFAULT NULL COMMENT '最后更新时间',
  `ENABLED_FLAG` char(1) DEFAULT NULL COMMENT '有效性',
  PRIMARY KEY (`ID`)
) ENGINE=InnoDB AUTO_INCREMENT=1267 DEFAULT CHARSET=utf8;

/*Data for the table `node_instance` */

insert  into `node_instance`(`ID`,`VERSION`,`NODE_ID`,`NAME`,`INSTANCE_ID`,`STATUS`,`CR_STATUS`,`CREATED_BY`,`CREATION_DATE`,`LAST_UPDATED_BY`,`LAST_UPDATED_DATE`,`ENABLED_FLAG`) values (1143,NULL,1167,'YLINK-20160314-029','e76ef3f9-3228-4025-9bf2-0dc37776fab1','running',NULL,NULL,'2016-03-14 04:41:01',NULL,NULL,'N'),(1144,NULL,1168,'YLINK-20160314-030','265e5f64-9695-4e6d-90f9-1b3cf91be7b0','running',NULL,NULL,'2016-03-14 04:41:01',NULL,NULL,'N'),(1145,NULL,1169,'YLINK-20160314-031','c2fd2a0e-e083-4038-8e18-e114f812b502','running',NULL,NULL,'2016-03-14 04:41:01',NULL,NULL,'N'),(1146,NULL,1170,'YLINK-20160314-032','35c2741f-f30a-434b-ad86-3760e3832df3','running',NULL,NULL,'2016-03-14 04:41:01',NULL,NULL,'N'),(1147,NULL,1171,'YLINK-20160314-033','77572b17-ad0c-4bdb-a074-5fd98a7d70a4','running',NULL,NULL,'2016-03-14 05:28:02',NULL,NULL,'N'),(1148,NULL,1172,'YLINK-20160314-034','8a159ec6-2454-4ca7-88d1-17549a4df8b7','running',NULL,NULL,'2016-03-14 05:28:03',NULL,NULL,'N'),(1149,NULL,1173,'YLINK-20160314-035','79898380-1bf6-4de2-b9dc-c97fd9b081b9','running',NULL,NULL,'2016-03-14 05:28:03',NULL,NULL,'N'),(1150,NULL,1174,'YLINK-20160314-036','4c81046d-ac8e-4412-b8e1-1f783f99a083','running',NULL,NULL,'2016-03-14 05:28:03',NULL,NULL,'N'),(1151,NULL,1175,'YLINK-20160314-037','771ecbfa-c43b-4496-975a-4d1e12c8e8d5','running',NULL,NULL,'2016-03-14 19:15:02',NULL,NULL,'N'),(1152,NULL,1176,'YLINK-20160314-038','436f23b7-175c-46b5-a832-7d51255a8c90','running',NULL,NULL,'2016-03-14 19:15:03',NULL,NULL,'N'),(1153,NULL,1177,'YLINK-20160314-039','b0056790-1f2a-4a40-a9d8-14a591a6cf34','running',NULL,NULL,'2016-03-14 19:15:03',NULL,NULL,'N'),(1154,NULL,1178,'YLINK-20160314-040','ce8f6321-ded4-4099-828c-ae94502e8d67','running',NULL,NULL,'2016-03-14 19:15:03',NULL,NULL,'N'),(1155,NULL,1179,'YLINK-20160314-041','4c83eba1-62bc-46dc-84fc-86828717bfe2','running',NULL,NULL,'2016-03-14 23:07:00',NULL,NULL,'N'),(1156,NULL,1180,'YLINK-20160314-042','4a3fed45-8f45-4197-a4f2-95ac17294c18','running',NULL,NULL,'2016-03-14 23:07:01',NULL,NULL,'N'),(1157,NULL,1181,'YLINK-20160314-043','8a6ca1e5-5e45-452f-9040-15350ecc5a69','running',NULL,NULL,'2016-03-14 23:07:01',NULL,NULL,'N'),(1158,NULL,1182,'YLINK-20160314-044','471b52de-35b2-497d-8f9e-a85f27eb8644','running',NULL,NULL,'2016-03-14 23:07:01',NULL,NULL,'N'),(1159,NULL,1183,'YLINK-20160507-001','c8991adb-8bc4-453a-b6fb-7ca3abe34337','install',NULL,NULL,'2016-05-07 18:45:27',NULL,NULL,'N'),(1160,NULL,1184,'YLINK-20160507-002','249b7456-d220-4705-bc6b-390faa62c9c9','install',NULL,NULL,'2016-05-07 18:45:28',NULL,NULL,'N'),(1161,NULL,1185,'YLINK-20160507-003','dac7dfe3-01b0-4867-bf3e-7275190d3c4e','install',NULL,NULL,'2016-05-07 18:45:28',NULL,NULL,'N'),(1162,NULL,1186,'YLINK-20160507-004','f3495e68-c453-47a3-9279-144a4f9d572b','install',NULL,NULL,'2016-05-07 18:45:28',NULL,NULL,'N'),(1163,NULL,1187,'YLINK-20160507-005','b11df83d-424b-4f60-8300-87629473c4e6','install',NULL,NULL,'2016-05-07 19:35:47',NULL,NULL,'N'),(1164,NULL,1188,'YLINK-20160507-006','9e5bcea5-9a02-4d0b-a703-9c884a3e73d4','install',NULL,NULL,'2016-05-07 19:35:48',NULL,NULL,'N'),(1165,NULL,1189,'YLINK-20160507-007','825551ae-4871-4fde-b4cf-7f0cf8879892','failed',NULL,NULL,'2016-05-07 19:35:48',NULL,NULL,'N'),(1166,NULL,1190,'YLINK-20160507-008','3119bbbd-ce2f-47c1-972f-6aa632468a69','install',NULL,NULL,'2016-05-07 19:35:48',NULL,NULL,'N'),(1167,NULL,1191,'YLINK-20160507-009','9a28911c-e60f-43b9-918e-7763f49551c2','running',NULL,NULL,'2016-05-07 19:45:44',NULL,NULL,'N'),(1168,NULL,1192,'YLINK-20160507-010','5d4a5178-d836-4e69-8a4e-b79a22713fdc','running',NULL,NULL,'2016-05-07 19:45:44',NULL,NULL,'N'),(1169,NULL,1193,'YLINK-20160507-011','a2de8762-d3cc-4528-95f1-3dbd7bb7c9bd','running',NULL,NULL,'2016-05-07 19:45:44',NULL,NULL,'N'),(1170,NULL,1194,'YLINK-20160507-012','b9ee399e-8696-4250-8011-088fdfe7de27','running',NULL,NULL,'2016-05-07 19:45:45',NULL,NULL,'N'),(1171,NULL,1195,'YLINK-20160507-013','93ab9820-e03e-4bca-a08c-850a6e195e43','running',NULL,NULL,'2016-05-07 19:47:28',NULL,NULL,'N'),(1172,NULL,1196,'YLINK-20160507-014','8e949cff-787e-49bb-a177-17d65f4dbb8c','running',NULL,NULL,'2016-05-07 19:47:28',NULL,NULL,'N'),(1173,NULL,1197,'YLINK-20160507-015','80ea910c-1885-43a7-ada7-317fbacef2df','failed',NULL,NULL,'2016-05-07 19:47:28',NULL,NULL,'N'),(1174,NULL,1198,'YLINK-20160507-016','4914174d-584a-4138-9806-73379f00418f','running',NULL,NULL,'2016-05-07 19:47:28',NULL,NULL,'N'),(1175,NULL,1199,'YLINK-20160507-017','dc627409-ad86-4202-8213-ee0acec5f174','running',NULL,NULL,'2016-05-07 20:11:37',NULL,NULL,'N'),(1176,NULL,1200,'YLINK-20160507-018','ec819aeb-7db3-463e-9cee-fbe48cd41244','running',NULL,NULL,'2016-05-07 20:11:37',NULL,NULL,'N'),(1177,NULL,1201,'YLINK-20160507-019','f6387cfa-f40e-46f3-9e5b-f2e6be808c00','running',NULL,NULL,'2016-05-07 20:11:38',NULL,NULL,'N'),(1178,NULL,1202,'YLINK-20160507-020','1504561f-a0e6-4762-8784-92f00be37f29','running',NULL,NULL,'2016-05-07 20:11:38',NULL,NULL,'N'),(1179,NULL,1203,'YLINK-20160507-021','c6f83c9f-5da2-4fca-b1ba-63ae174f0567','running',NULL,NULL,'2016-05-07 22:43:13',NULL,NULL,'N'),(1180,NULL,1204,'YLINK-20160507-022','360f6e75-03d7-478a-8a84-e6bb6c07b440','failed',NULL,NULL,'2016-05-07 22:48:29',NULL,NULL,'N'),(1181,NULL,1205,'YLINK-20160507-023','e97a5f61-177a-47aa-87a9-5b1eea853525','running',NULL,NULL,'2016-05-07 22:51:07',NULL,NULL,'N'),(1182,NULL,1206,'YLINK-20160507-024','25ddf02c-d34f-444f-a250-e88b9edb909b','destoryed',NULL,NULL,'2016-05-07 22:58:51',NULL,'2016-05-07 23:30:40','N'),(1183,NULL,1206,'YLINK-20160507-025','eed46e50-608f-4389-8803-c33764d1e7d5','running','none',NULL,'2016-05-07 23:03:30',NULL,NULL,'N'),(1184,NULL,1206,'YLINK-20160507-026','da667886-6e01-44d9-b80a-71d9e0eb02af','running','none',NULL,'2016-05-07 23:03:30',NULL,NULL,'N'),(1185,NULL,1205,'YLINK-20160507-027','2e6a2d9a-1bed-4285-bfaf-91c7fdedf6d3','failed','scaleout',NULL,'2016-05-07 23:13:07',NULL,NULL,'N'),(1186,NULL,1207,'YLINK-20160507-028','ddad5671-25c2-41f0-a8f5-6de17c5f81ea','running',NULL,NULL,'2016-05-07 23:19:09',NULL,NULL,'N'),(1187,NULL,1208,'YLINK-20160507-029','802fb8b2-9dde-48da-b0d5-f2d8aa621b87','running',NULL,NULL,'2016-05-07 23:32:56',NULL,NULL,'N'),(1188,NULL,1209,'YLINK-20160507-030','d0d0b4a7-d7a8-4d55-bd76-d282446bde9a','running',NULL,NULL,'2016-05-07 23:35:58',NULL,NULL,'N'),(1189,NULL,1209,'YLINK-20160507-031','ec46ae6f-a63e-4df2-b139-edff5ec2df66','destoryed',NULL,NULL,'2016-05-07 23:35:58',NULL,'2016-05-07 23:49:45','N'),(1190,NULL,1210,'YLINK-20160507-032','9052b834-5ec2-426f-be6d-eb221adfe9f6','running',NULL,NULL,'2016-05-07 23:49:22',NULL,NULL,'N'),(1191,NULL,1211,'YLINK-20160507-033','0c41719b-1b5b-455d-95fd-cf03139d6047','running',NULL,NULL,'2016-05-07 23:49:22',NULL,NULL,'N'),(1192,NULL,1212,'YLINK-20160507-034','6d58c3fd-bec5-40b4-be39-8a3d8ea664f2','running',NULL,NULL,'2016-05-07 23:49:22',NULL,NULL,'N'),(1193,NULL,1213,'YLINK-20160507-035','cb878e41-8e03-4de0-93ed-bded37ba36ae','running',NULL,NULL,'2016-05-07 23:49:22',NULL,NULL,'N'),(1194,NULL,1209,'YLINK-20160507-036','a2ac8254-17c8-4774-85f9-0f527bc054b4','running','none',NULL,'2016-05-07 23:53:10',NULL,NULL,'N'),(1195,NULL,1214,'YLINK-20160508-001','42bbd96b-7510-473c-bdc2-109591c7ffdf','running',NULL,NULL,'2016-05-08 00:32:34',NULL,NULL,'N'),(1196,NULL,1215,'data实例1','18ccafc2-de90-4f68-a8ce-2dbd597e833f','install',NULL,NULL,'2016-05-08 00:32:34',NULL,NULL,'N'),(1197,NULL,1216,'YLINK-20160508-002','39fea2b0-630f-4ebe-8d1e-e829701cc680','running',NULL,NULL,'2016-05-08 00:34:23',NULL,NULL,'N'),(1198,NULL,1217,'data实例1','1ffa6012-15ba-4f70-a36e-c5f1a6d62222','install',NULL,NULL,'2016-05-08 00:34:23',NULL,NULL,'N'),(1199,NULL,1218,'YLINK-20160508-003','96b34631-928e-450f-b04c-7f1f980f39a8','running',NULL,NULL,'2016-05-08 01:37:24',NULL,NULL,'N'),(1200,NULL,1219,'YLINK-20160508-004','551543fb-eeb0-43a3-a7f1-8cf31d6c1122','running',NULL,NULL,'2016-05-08 01:37:24',NULL,NULL,'N'),(1201,NULL,1220,'YLINK-20160508-005','4033cb7f-5ec3-4f22-bd61-36648d31d6cf','running',NULL,NULL,'2016-05-08 01:37:24',NULL,NULL,'N'),(1202,NULL,1221,'YLINK-20160508-006','84b1b359-117f-4219-af60-6e27df4e7cd8','running',NULL,NULL,'2016-05-08 01:37:24',NULL,NULL,'N'),(1203,NULL,1222,'YLINK-20160508-007','14cad956-cbd2-4010-b603-e02f98acfb88','running',NULL,NULL,'2016-05-08 01:38:02',NULL,NULL,'N'),(1204,NULL,1223,'YLINK-20160508-008','552fe572-5004-499c-88c9-46c7a8ace539','running',NULL,NULL,'2016-05-08 01:38:02',NULL,NULL,'N'),(1205,NULL,1224,'YLINK-20160508-009','f1d6cc88-716e-4f59-8640-57613f2abaff','running',NULL,NULL,'2016-05-08 01:38:02',NULL,NULL,'N'),(1206,NULL,1225,'YLINK-20160508-010','a5d486e4-bc6c-426a-9b04-b6b19b75aa21','running',NULL,NULL,'2016-05-08 01:38:02',NULL,NULL,'N'),(1207,NULL,1226,'YLINK-20160509-001','194740fe-381d-4ccc-8ad4-110da79ac67a','running',NULL,NULL,'2016-05-09 22:04:39',NULL,NULL,'N'),(1208,NULL,1227,'YLINK-20160509-002','323a5a3b-9418-4c5a-a88a-b2464e40ce4c','running',NULL,NULL,'2016-05-09 22:04:39',NULL,NULL,'N'),(1209,NULL,1228,'YLINK-20160509-003','f1cf6abc-7315-4a19-8bba-b234c3dc85d3','running',NULL,NULL,'2016-05-09 22:04:39',NULL,NULL,'N'),(1210,NULL,1229,'YLINK-20160509-004','704cf8a7-9c2a-4192-bc45-99b1477be825','running',NULL,NULL,'2016-05-09 22:04:39',NULL,NULL,'N'),(1211,NULL,1230,'YLINK-20160509-005','9c3cd893-d2a5-4447-af61-a4a8901c1265','running',NULL,NULL,'2016-05-09 22:13:09',NULL,NULL,'N'),(1212,NULL,1231,'data实例1','cf4ecf81-a21e-4f17-8e57-05fdf96b1453','install',NULL,NULL,'2016-05-09 22:13:09',NULL,NULL,'N'),(1213,NULL,1226,'YLINK-20160509-006','aa472c52-a5f6-4458-8152-f62b954f1a18','destoryed','none',NULL,'2016-05-09 22:24:17',NULL,'2016-05-09 22:30:33','N'),(1214,NULL,1232,'YLINK-20160511-001','7159ebdd-b51a-4d68-a442-b7b160172b0e','running',NULL,NULL,'2016-05-11 18:48:05',NULL,NULL,'N'),(1215,NULL,1232,'YLINK-20160511-002','fbf198d9-336a-41f5-95a9-126ef76c7c12','running',NULL,NULL,'2016-05-11 18:48:05',NULL,NULL,'N'),(1216,NULL,1232,'YLINK-20160511-003','ebad259d-9796-4c16-a8ee-ca6803b04643','running',NULL,NULL,'2016-05-11 18:48:06',NULL,NULL,'N'),(1217,NULL,1232,'YLINK-20160511-004','5f998ee3-b18b-483a-9b2b-9e350f1ea13a','running',NULL,NULL,'2016-05-11 18:48:06',NULL,NULL,'N'),(1218,NULL,1232,'YLINK-20160511-005','4028ea41-25a3-4aae-913c-2940b45bb6ee','running',NULL,NULL,'2016-05-11 18:48:06',NULL,NULL,'N'),(1219,NULL,1232,'YLINK-20160511-006','a93ea48e-4bc7-49c0-914a-08ef86fe4a01','running',NULL,NULL,'2016-05-11 18:48:06',NULL,NULL,'N'),(1220,NULL,1233,'YLINK-20160511-007','346bf63d-9b85-4152-a56f-e2b504a25aad','running',NULL,NULL,'2016-05-11 19:54:53',NULL,NULL,'N'),(1221,NULL,1234,'YLINK-20160511-008','1a5ea9fe-ef45-4c7d-abe0-0f021c0f6bda','running',NULL,NULL,'2016-05-11 19:54:53',NULL,NULL,'N'),(1222,NULL,1235,'YLINK-20160511-009','eb763adb-02c0-4ce7-9e00-a4d0a281d8fc','running',NULL,NULL,'2016-05-11 19:54:53',NULL,NULL,'N'),(1223,NULL,1236,'YLINK-20160511-010','09513e4b-fe00-453d-98d8-45dcbf32bb5a','running',NULL,NULL,'2016-05-11 19:54:54',NULL,NULL,'N'),(1224,NULL,1237,'YLINK-20160531-001','d10360b5-ccee-4f37-aec9-4b89a2e5c830','running',NULL,NULL,'2016-05-31 17:34:30',NULL,NULL,'N'),(1225,NULL,1238,'YLINK-20160531-002','edcf9631-7138-4745-ab25-ca066662c121','running',NULL,NULL,'2016-05-31 17:34:30',NULL,NULL,'N'),(1226,NULL,1239,'YLINK-20160531-003','8bad0816-c29f-45f6-ac2a-225a758dad23','running',NULL,NULL,'2016-05-31 17:46:52',NULL,NULL,'N'),(1227,NULL,1240,'YLINK-20160531-004','43acbfb2-6ce7-4237-aebf-55abe2b6461e','running',NULL,NULL,'2016-05-31 17:46:52',NULL,NULL,'N'),(1228,NULL,1241,'YLINK-20160531-005','1784159d-a31f-4091-abf3-149a737aa386','running',NULL,NULL,'2016-05-31 17:46:52',NULL,NULL,'N'),(1229,NULL,1242,'YLINK-20160531-006','82a00a62-f31e-404a-a384-97bae56a41e0','running',NULL,NULL,'2016-05-31 17:46:52',NULL,NULL,'N'),(1230,NULL,1243,'YLINK-20160531-007','07857c19-d6d9-471c-8172-2d6db2b4a882','running',NULL,NULL,'2016-05-31 17:58:41',NULL,NULL,'N'),(1231,NULL,1244,'YLINK-20160531-008','a9c14586-36b5-41ef-8d35-86e3a3ee15a4','running',NULL,NULL,'2016-05-31 17:58:41',NULL,NULL,'N'),(1232,NULL,1245,'YLINK-20160531-009','6243e8aa-3992-4bee-b015-f985777d6b6d','running',NULL,NULL,'2016-05-31 19:23:28',NULL,NULL,'N'),(1233,NULL,1246,'YLINK-20160531-010','456aed8d-3ac2-4fba-baef-3514eea37f9d','running',NULL,NULL,'2016-05-31 19:23:28',NULL,NULL,'N'),(1234,NULL,1247,'YLINK-20160531-011','f9a8fc21-d7a4-4744-9d2f-44c64a6beae5','running',NULL,NULL,'2016-05-31 20:00:54',NULL,NULL,'N'),(1235,NULL,1248,'YLINK-20160531-012','2e44d9e4-598d-41b2-b9c1-daaa654a142a','running',NULL,NULL,'2016-05-31 20:00:54',NULL,NULL,'N'),(1236,NULL,1249,'YLINK-20160531-013','b26ca3ee-093b-4c90-a197-2e6bbdf37fe5','running',NULL,NULL,'2016-05-31 21:31:15',NULL,NULL,'N'),(1237,NULL,1250,'YLINK-20160531-014','979403b7-05aa-4b63-8fd6-5215ed38ad23','running',NULL,NULL,'2016-05-31 21:31:15',NULL,NULL,'N'),(1238,NULL,1251,'YLINK-20160531-015','1a1ef32b-b012-4993-a180-bcc3195cd22c','running',NULL,NULL,'2016-05-31 21:52:57',NULL,NULL,'N'),(1239,NULL,1252,'YLINK-20160531-016','87fb53d2-1eb5-424d-be9f-eeecb0f36fbb','running',NULL,NULL,'2016-05-31 21:52:57',NULL,NULL,'N'),(1240,NULL,1253,'YLINK-20160531-017','2163bcab-852b-474a-9e0b-5c373f47d0f9','running',NULL,NULL,'2016-05-31 21:53:24',NULL,NULL,'N'),(1241,NULL,1254,'YLINK-20160531-018','ff996123-8471-462b-a838-2cd634081817','running',NULL,NULL,'2016-05-31 21:53:24',NULL,NULL,'N'),(1242,NULL,1255,'YLINK-20160531-019','89e7a50f-2718-4783-9948-53373a01c5d8','running',NULL,NULL,'2016-05-31 21:53:24',NULL,NULL,'N'),(1243,NULL,1256,'YLINK-20160531-020','a8eb8131-de04-4f74-abf0-d21e29c269a3','running',NULL,NULL,'2016-05-31 21:53:24',NULL,NULL,'N'),(1244,NULL,1257,'YLINK-20160531-021','fc6675a9-86d7-43c2-9e9c-3d7601fe1f33','running',NULL,NULL,'2016-05-31 22:18:19',NULL,NULL,'N'),(1245,NULL,1258,'YLINK-20160531-022','d212fea2-c85a-4821-85ab-099ecd52bd31','running',NULL,NULL,'2016-05-31 22:18:19',NULL,NULL,'N'),(1246,NULL,1253,'YLINK-20160531-023','e8b768c1-229a-4f32-b2eb-e2733d77df19','running','none',NULL,'2016-05-31 22:44:05',NULL,NULL,'N'),(1247,NULL,1254,'YLINK-20160531-024','338dfe8c-1e65-452c-ad6d-a8a06de97a10','destoryed','none',NULL,'2016-05-31 22:44:05',NULL,'2016-06-01 00:06:11','N'),(1248,NULL,1259,'YLINK-20160531-025','1e16aaa5-1bd6-4881-90f2-3a8bc2cde89b','running',NULL,NULL,'2016-05-31 23:14:07',NULL,NULL,'N'),(1249,NULL,1259,'YLINK-20160531-026','6584d60a-6011-422a-985c-7a03b9b772b4','running',NULL,NULL,'2016-05-31 23:14:07',NULL,NULL,'N'),(1250,NULL,1260,'YLINK-20160531-027','c8699452-4c78-4e0b-9b2e-39feea50df19','running',NULL,NULL,'2016-05-31 23:14:08',NULL,NULL,'N'),(1251,NULL,1261,'YLINK-20160608-001','485534c3-e62d-4f84-a444-94be39481667','running',NULL,NULL,'2016-06-08 22:35:52',NULL,NULL,'N'),(1252,NULL,1262,'YLINK-20160608-002','18f8815e-7794-49ba-b5ee-398d80a4b61e','running',NULL,NULL,'2016-06-08 22:35:53',NULL,NULL,'N'),(1253,NULL,1263,'YLINK-20160608-003','b8f109d4-8840-47e8-a5d5-8de3a9846a6e','running',NULL,NULL,'2016-06-08 23:12:55',NULL,NULL,'N'),(1254,NULL,1263,'YLINK-20160608-004','5c4988c3-3253-4a4b-9e01-3d34b13fcccc','running',NULL,NULL,'2016-06-08 23:12:55',NULL,NULL,'N'),(1255,NULL,1264,'YLINK-20160608-005','3672ec62-bee1-422c-9296-e37de068c48c','running',NULL,NULL,'2016-06-08 23:22:55',NULL,NULL,'Y'),(1256,NULL,1265,'YLINK-20160612-001','cf8725fd-d1f1-4d0a-b98d-6150961af361','running',NULL,NULL,'2016-06-12 22:12:54',NULL,NULL,'N'),(1257,NULL,1266,'YLINK-20160613-001','62673e43-8b9a-46c0-8e55-20ca8dba9aa0','running',NULL,NULL,'2016-06-13 00:10:43',NULL,NULL,'N'),(1258,NULL,1267,'YLINK-20160811-001','4a90c6a4-7d6d-491d-b51a-db4f4b10e98f','running',NULL,NULL,'2016-08-11 22:31:08',NULL,NULL,'N'),(1259,NULL,1268,'YLINK-20160811-002','a7925629-c275-4d76-a303-b6af5377c759','running',NULL,NULL,'2016-08-11 23:23:58',NULL,NULL,'N'),(1260,NULL,1269,'数据库实例1','7e560059-44e9-4bbb-b8c2-a112c3d0ea4c','install',NULL,NULL,'2016-08-11 23:23:58',NULL,NULL,'N'),(1261,NULL,1270,'YLINK-20160812-001','536b10fd-e6c9-460f-bba0-c22e19f073ea','running',NULL,NULL,'2016-08-12 23:12:02',NULL,NULL,'Y'),(1262,NULL,1271,'数据库实例1','245c5d88-2871-48e6-ba41-17665c84a69b','install',NULL,NULL,'2016-08-12 23:12:02',NULL,NULL,'Y'),(1263,NULL,1272,'YLINK-20160813-001','3ea6433c-da03-4060-a6c2-e8e99d49b885','running',NULL,NULL,'2016-08-13 00:28:03',NULL,NULL,'Y'),(1264,NULL,1273,'data实例1','6a99aa4d-8eb7-4e55-80ed-24ce31e918ea','install',NULL,NULL,'2016-08-13 00:28:03',NULL,NULL,'Y'),(1265,NULL,1274,'YLINK-20160813-002','2e8cbc37-65ec-459f-8c2b-5441785f12a8','running',NULL,NULL,'2016-08-13 00:30:21',NULL,NULL,'Y'),(1266,NULL,1275,'data实例1','28404e7b-d9dc-434c-a82c-bf035fdd35c8','install',NULL,NULL,'2016-08-13 00:30:21',NULL,NULL,'Y');

/*Table structure for table `node_instance_tag` */

DROP TABLE IF EXISTS `node_instance_tag`;

CREATE TABLE `node_instance_tag` (
  `ID` bigint(20) NOT NULL AUTO_INCREMENT,
  `NODE_INSTANCE_ID` bigint(20) DEFAULT NULL COMMENT '所属节点实例ID',
  `NAME` varchar(250) DEFAULT NULL COMMENT '标签名称',
  PRIMARY KEY (`ID`),
  KEY `FK_node_instance` (`NODE_INSTANCE_ID`)
) ENGINE=InnoDB AUTO_INCREMENT=1255 DEFAULT CHARSET=utf8;

/*Data for the table `node_instance_tag` */

insert  into `node_instance_tag`(`ID`,`NODE_INSTANCE_ID`,`NAME`) values (1247,1255,'10.191.1.15'),(1252,1261,'10.191.1.16'),(1253,1265,'10.191.1.19'),(1254,1263,'10.192.1.10');

/*Table structure for table `node_property` */

DROP TABLE IF EXISTS `node_property`;

CREATE TABLE `node_property` (
  `ID` bigint(20) NOT NULL AUTO_INCREMENT,
  `VERSION` bigint(20) DEFAULT NULL COMMENT '数据版本',
  `NODE_TYPE_ID` bigint(20) DEFAULT NULL,
  `NAME` varchar(250) DEFAULT NULL,
  `LABEL` varchar(250) DEFAULT NULL,
  `STYLE` varchar(250) DEFAULT NULL,
  `DATA_MODEL` varchar(1000) DEFAULT NULL,
  `DEFAULT` varchar(250) DEFAULT NULL,
  `IS_NULL` char(1) DEFAULT NULL,
  `IS_EDITABLE` char(1) DEFAULT NULL,
  `CREATED_BY` bigint(20) DEFAULT NULL COMMENT '创建人',
  `CREATION_DATE` datetime DEFAULT NULL COMMENT '创建时间',
  `LAST_UPDATED_BY` bigint(20) DEFAULT NULL COMMENT '最后更新人',
  `LAST_UPDATED_DATE` datetime DEFAULT NULL COMMENT '最后更新时间',
  `ENABLED_FLAG` char(1) DEFAULT NULL COMMENT '有效性',
  PRIMARY KEY (`ID`)
) ENGINE=InnoDB AUTO_INCREMENT=1112 DEFAULT CHARSET=utf8;

/*Data for the table `node_property` */

insert  into `node_property`(`ID`,`VERSION`,`NODE_TYPE_ID`,`NAME`,`LABEL`,`STYLE`,`DATA_MODEL`,`DEFAULT`,`IS_NULL`,`IS_EDITABLE`,`CREATED_BY`,`CREATION_DATE`,`LAST_UPDATED_BY`,`LAST_UPDATED_DATE`,`ENABLED_FLAG`) values (1,NULL,1,'operatingSystem','模板','select','4ccefd67-c96e-492e-982e-d331856b33b8:Windows应用模板(2008 R2 64位),6e3779f8-cc42-49b9-bff7-270bfde82cd3:Linux应用模板(RHEL6.5 64位)','6e3779f8-cc42-49b9-bff7-270bfde82cd3','N','N',NULL,'2016-03-04 02:00:00',NULL,NULL,'Y'),(2,NULL,1,'cpu','CPU核数','select','1,2,4,6,10','2','N','Y',NULL,'2016-03-04 04:00:00',NULL,NULL,'Y'),(3,NULL,1,'memory','内存(GB)  ','select','1,2,4,8,16,20,24','12','N','Y',NULL,'2016-03-04 05:00:00',NULL,NULL,'Y'),(4,NULL,1,'disk','磁盘(GB)','text','','','Y','Y',NULL,'2016-03-04 06:00:00',NULL,NULL,'Y'),(5,NULL,1,'ip','IP','text','','','Y','N',NULL,'2016-03-04 07:00:00',NULL,NULL,'Y'),(6,NULL,1,'port','端口','text',NULL,'','Y','Y',NULL,'2016-03-04 08:00:00',NULL,NULL,'N'),(7,NULL,1,'applicationUser','应用用户','text','','appuser','Y','Y',NULL,'2016-03-04 09:00:00',NULL,NULL,'N'),(8,NULL,2,'operatingSystem','模板','select','4ccefd67-c96e-492e-982e-d331856b33b8:Windows应用模板(2008 R2 64位),6f38a32e-6088-4bf9-9088-422e367f58a9:Linux应用模板(RHEL6.5 64位)','6f38a32e-6088-4bf9-9088-422e367f58a9','N','N',NULL,'2016-03-04 02:00:00',NULL,NULL,'Y'),(9,NULL,2,'cpu','CPU核数','select','1,2,4,6,10','2','N','Y',NULL,'2016-03-04 04:00:00',NULL,NULL,'Y'),(10,NULL,2,'memory','内存(GB)  ','select','1,2,4,8,16,20,24','12','N','Y',NULL,'2016-03-04 05:00:00',NULL,NULL,'Y'),(11,NULL,2,'disk','磁盘(GB)','text','','','Y','Y',NULL,'2016-03-04 06:00:00',NULL,NULL,'Y'),(12,NULL,2,'ip','IP','text','','','Y','N',NULL,'2016-03-04 07:00:00',NULL,NULL,'Y'),(13,NULL,2,'port','端口','text',NULL,'','Y','Y',NULL,'2016-03-04 08:00:00',NULL,NULL,'N'),(14,NULL,2,'applicationUser','应用用户','text','','appuser','Y','Y',NULL,'2016-03-04 09:00:00',NULL,NULL,'N'),(15,NULL,1,'networkId','网络ID','select','56e07b6e-7801-4776-9c3a-cdb54f483057:前置机网络(301),77e558cf-6ec4-4f17-bf6b-09c3b297b7e2:用户网络(101)','前置机网络(301)','N','N',NULL,'2016-03-04 10:00:00',NULL,NULL,'Y'),(16,NULL,1,'serviceOfferingId','计算方案','select','2811e05c-9854-4171-9aa8-fb35265e0446:用户虚机方案,1cf9ef59-9621-4694-b3cd-36b52ec960ed:前置机虚机方案(fp01),5c91f8fa-77cc-4969-96b5-53bfe5fd2239:前置机虚机方案(fp02)','用户虚机方案','N','N',NULL,'2016-03-04 11:00:00',NULL,NULL,'Y'),(17,NULL,2,'networkId','网络ID','select','56e07b6e-7801-4776-9c3a-cdb54f483057:前置机网络(301),77e558cf-6ec4-4f17-bf6b-09c3b297b7e2:用户网络(101)','前置机网络(301)','N','N',NULL,'2016-03-04 10:00:00',NULL,NULL,'Y'),(18,NULL,2,'serviceOfferingId','计算方案','select','2811e05c-9854-4171-9aa8-fb35265e0446:用户虚机方案,1cf9ef59-9621-4694-b3cd-36b52ec960ed:前置机虚机方案(fp01),5c91f8fa-77cc-4969-96b5-53bfe5fd2239:前置机虚机方案(fp02)','用户虚机方案','N','N',NULL,'2016-03-04 11:00:00',NULL,NULL,'Y'),(19,NULL,1,'password','密码','text','','','Y','N',NULL,'2016-03-04 12:00:00',NULL,NULL,'Y'),(20,NULL,2,'password','密码','text','','','Y','N',NULL,'2016-03-04 12:00:00',NULL,NULL,'Y'),(21,NULL,1,'vmName','实例名称','text','','','Y','N',NULL,'2016-03-04 01:00:00',NULL,NULL,'Y'),(22,NULL,2,'vmName','实例名称','text','','','Y','N',NULL,'2016-03-04 01:00:00',NULL,NULL,'Y'),(23,NULL,1,'osType','操作系统类型','text','','','Y','N',NULL,'2016-03-04 03:00:00',NULL,NULL,'Y'),(24,NULL,2,'osType','操作系统类型','text','','','Y','N',NULL,'2016-03-04 03:00:00',NULL,NULL,'Y'),(1111,NULL,NULL,NULL,NULL,NULL,NULL,NULL,NULL,NULL,NULL,NULL,NULL,NULL,NULL);

/*Table structure for table `node_template` */

DROP TABLE IF EXISTS `node_template`;

CREATE TABLE `node_template` (
  `ID` bigint(20) NOT NULL AUTO_INCREMENT,
  `VERSION` bigint(20) DEFAULT NULL COMMENT '数据版本',
  `APP_TEMPLATE_ID` bigint(20) DEFAULT NULL COMMENT '所属应用模板ID',
  `NODE_TYPE_ID` bigint(20) DEFAULT NULL COMMENT '所属节点类型ID',
  `NAME` varchar(250) DEFAULT NULL COMMENT '名称',
  `DESC` varchar(1000) DEFAULT NULL COMMENT '描述',
  `IS_ELASTIC` char(1) DEFAULT NULL COMMENT '是否支持弹性调度',
  `MIN_ENGINE_NUM` bigint(20) DEFAULT NULL COMMENT '最小引擎数',
  `MAX_ENGINE_NUM` bigint(20) DEFAULT NULL COMMENT '最大引擎数',
  `CREATED_BY` bigint(20) DEFAULT NULL COMMENT '创建人',
  `CREATION_DATE` datetime DEFAULT NULL COMMENT '创建时间',
  `LAST_UPDATED_BY` bigint(20) DEFAULT NULL COMMENT '最后更新人',
  `LAST_UPDATED_DATE` datetime DEFAULT NULL COMMENT '最后更新时间',
  `ENABLED_FLAG` char(1) DEFAULT NULL COMMENT '有效性',
  PRIMARY KEY (`ID`)
) ENGINE=InnoDB AUTO_INCREMENT=1166 DEFAULT CHARSET=utf8;

/*Data for the table `node_template` */

insert  into `node_template`(`ID`,`VERSION`,`APP_TEMPLATE_ID`,`NODE_TYPE_ID`,`NAME`,`DESC`,`IS_ELASTIC`,`MIN_ENGINE_NUM`,`MAX_ENGINE_NUM`,`CREATED_BY`,`CREATION_DATE`,`LAST_UPDATED_BY`,`LAST_UPDATED_DATE`,`ENABLED_FLAG`) values (1120,NULL,2435685,1,'接口机','','N',1,1,NULL,'2016-03-14 01:00:42',NULL,NULL,'N'),(1121,NULL,2435685,1,'交易机','','N',1,1,NULL,'2016-03-14 01:00:42',NULL,NULL,'N'),(1122,NULL,2435685,1,'监控机','','N',1,1,NULL,'2016-03-14 01:00:42',NULL,NULL,'N'),(1123,NULL,2435685,1,'报盘机','','N',1,1,NULL,'2016-03-14 01:00:42',NULL,NULL,'N'),(1124,NULL,2435686,1,'tst-1','','Y',1,1,NULL,'2016-03-14 22:46:04',NULL,NULL,'N'),(1125,NULL,2435686,1,'tst-2','','Y',1,1,NULL,'2016-03-14 22:46:04',NULL,NULL,'N'),(1126,NULL,2435687,1,'监控机','','Y',1,1,NULL,'2016-05-07 18:30:17',NULL,NULL,'N'),(1127,NULL,2435687,1,'交易机','','Y',1,1,NULL,'2016-05-07 18:30:17',NULL,NULL,'N'),(1128,NULL,2435687,1,'接口机','','Y',1,1,NULL,'2016-05-07 18:30:18',NULL,NULL,'N'),(1129,NULL,2435687,1,'报盘机','','Y',1,1,NULL,'2016-05-07 18:30:18',NULL,NULL,'N'),(1130,NULL,2435688,1,'t1','','Y',1,1,NULL,'2016-05-07 22:42:50',NULL,NULL,'N'),(1131,NULL,2435689,1,'linux','','N',1,1,NULL,'2016-05-07 22:43:10',NULL,NULL,'N'),(1132,NULL,2435690,1,'报盘机','','Y',1,1,NULL,'2016-05-07 22:57:55',NULL,NULL,'N'),(1133,NULL,2435689,2,'data','','N',1,1,NULL,'2016-05-08 00:27:32',NULL,NULL,'N'),(1134,NULL,2435691,1,'交易','','Y',3,3,NULL,'2016-05-11 18:39:25',NULL,NULL,'N'),(1135,NULL,2435691,1,'报盘机','','Y',3,3,NULL,'2016-05-11 18:39:25',NULL,NULL,'N'),(1136,NULL,2435691,1,'通讯接口','','Y',3,3,NULL,'2016-05-11 18:39:25',NULL,NULL,'N'),(1137,NULL,2435692,1,'交易','','Y',6,6,NULL,'2016-05-11 18:46:31',NULL,NULL,'N'),(1138,NULL,2435693,1,'交易','','Y',1,1,NULL,'2016-05-11 19:53:52',NULL,NULL,'N'),(1139,NULL,2435693,1,'报盘','','Y',1,1,NULL,'2016-05-11 19:53:52',NULL,NULL,'N'),(1140,NULL,2435693,1,'通讯','','Y',1,1,NULL,'2016-05-11 19:53:52',NULL,NULL,'N'),(1141,NULL,2435693,1,'监控','','Y',1,1,NULL,'2016-05-11 19:53:52',NULL,NULL,'N'),(1142,NULL,2435694,1,'test','w4r545','N',1,1,NULL,'2016-05-31 17:20:38',NULL,NULL,'N'),(1143,NULL,2435695,1,'linux','','Y',1,1,NULL,'2016-05-31 17:27:05',NULL,NULL,'N'),(1144,NULL,2435695,1,'报盘机','','Y',1,1,NULL,'2016-05-31 17:27:05',NULL,NULL,'N'),(1145,NULL,2435696,1,'交易','','N',1,1,NULL,'2016-05-31 17:44:33',NULL,NULL,'N'),(1146,NULL,2435696,1,'监控','','N',1,1,NULL,'2016-05-31 17:44:33',NULL,NULL,'N'),(1147,NULL,2435696,1,'接口','','N',1,1,NULL,'2016-05-31 17:44:33',NULL,NULL,'N'),(1148,NULL,2435696,1,'报盘机','','N',1,1,NULL,'2016-05-31 17:44:34',NULL,NULL,'N'),(1149,NULL,2435697,1,'linux','2435','N',1,1,NULL,'2016-05-31 19:22:55',NULL,NULL,'N'),(1150,NULL,2435697,1,'报盘机','','N',1,1,NULL,'2016-05-31 19:22:56',NULL,NULL,'N'),(1151,NULL,2435698,1,'报盘机A','','Y',6,6,NULL,'2016-06-08 22:15:39',NULL,NULL,'N'),(1152,NULL,2435699,1,'报盘机1','','Y',6,6,NULL,'2016-06-08 22:33:35',NULL,NULL,'N'),(1153,NULL,2435699,1,'报盘机2','','Y',6,6,NULL,'2016-06-08 22:34:17',NULL,NULL,'N'),(1154,NULL,2435700,1,'报盘','','Y',2,2,NULL,'2016-06-08 22:54:11',NULL,NULL,'N'),(1155,NULL,2435701,1,'报盘机','','Y',2,2,NULL,'2016-06-08 23:11:35',NULL,NULL,'N'),(1156,NULL,2435702,1,'报盘机A1','','Y',1,1,NULL,'2016-06-08 23:21:40',NULL,NULL,'Y'),(1157,NULL,2435703,1,'交易服务器','','Y',1,1,NULL,'2016-06-12 22:12:22',NULL,NULL,'Y'),(1158,NULL,2435704,1,'数据库','','Y',1,1,NULL,'2016-06-13 00:10:15',NULL,NULL,'N'),(1159,NULL,2435705,2,'数据库','','N',1,1,NULL,'2016-06-13 00:11:44',NULL,NULL,'N'),(1160,NULL,2435706,1,'数据库','','Y',1,1,NULL,'2016-08-11 22:30:44',NULL,NULL,'N'),(1161,NULL,2435707,2,'数据库','','N',1,1,NULL,'2016-08-11 22:43:41',NULL,NULL,'N'),(1162,NULL,2435703,2,'数据库','','N',1,1,NULL,'2016-08-11 23:21:53',NULL,NULL,'N'),(1163,NULL,2435703,2,'数据库','','N',1,1,NULL,'2016-08-12 23:11:21',NULL,NULL,'Y'),(1164,NULL,2435708,1,'linux','','N',1,1,NULL,'2016-08-13 00:17:58',NULL,NULL,'Y'),(1165,NULL,2435708,2,'data','','N',1,1,NULL,'2016-08-13 00:17:58',NULL,NULL,'Y');

/*Table structure for table `node_type` */

DROP TABLE IF EXISTS `node_type`;

CREATE TABLE `node_type` (
  `ID` bigint(20) NOT NULL AUTO_INCREMENT,
  `VERSION` bigint(20) DEFAULT NULL COMMENT '数据版本',
  `NAME` varchar(250) DEFAULT NULL,
  `CREATED_BY` bigint(20) DEFAULT NULL COMMENT '创建人',
  `CREATION_DATE` datetime DEFAULT NULL COMMENT '创建时间',
  `LAST_UPDATED_BY` bigint(20) DEFAULT NULL COMMENT '最后更新人',
  `LAST_UPDATED_DATE` datetime DEFAULT NULL COMMENT '最后更新时间',
  `ENABLED_FLAG` char(1) DEFAULT NULL COMMENT '有效性',
  PRIMARY KEY (`ID`)
) ENGINE=InnoDB AUTO_INCREMENT=3 DEFAULT CHARSET=utf8;

/*Data for the table `node_type` */

insert  into `node_type`(`ID`,`VERSION`,`NAME`,`CREATED_BY`,`CREATION_DATE`,`LAST_UPDATED_BY`,`LAST_UPDATED_DATE`,`ENABLED_FLAG`) values (1,NULL,'virtual_machine',NULL,NULL,NULL,NULL,'Y'),(2,NULL,'physical_machine',NULL,NULL,NULL,NULL,'Y');

/*Table structure for table `nodet_property_value` */

DROP TABLE IF EXISTS `nodet_property_value`;

CREATE TABLE `nodet_property_value` (
  `ID` bigint(20) NOT NULL AUTO_INCREMENT,
  `NODE_PROPERTY_ID` bigint(20) DEFAULT NULL COMMENT '所属节点属性ID',
  `OWNER_TYPE` varchar(250) DEFAULT NULL COMMENT '所有者类型：节点模板、节点、节点实例',
  `OWNER_ID` bigint(20) DEFAULT NULL COMMENT '所有者ID',
  `VALUE` varchar(250) DEFAULT NULL COMMENT '属性值',
  PRIMARY KEY (`ID`)
) ENGINE=InnoDB AUTO_INCREMENT=22470 DEFAULT CHARSET=utf8;

/*Data for the table `nodet_property_value` */

insert  into `nodet_property_value`(`ID`,`NODE_PROPERTY_ID`,`OWNER_TYPE`,`OWNER_ID`,`VALUE`) values (19810,21,'node',1167,''),(19811,1,'node',1167,'e9d2ecb6-5d30-4d56-8bee-fee4e690735d'),(19812,23,'node',1167,''),(19813,2,'node',1167,'2'),(19814,3,'node',1167,'1'),(19815,4,'node',1167,''),(19816,5,'node',1167,''),(19817,15,'node',1167,'56e07b6e-7801-4776-9c3a-cdb54f483057'),(19818,16,'node',1167,'1cf9ef59-9621-4694-b3cd-36b52ec960ed'),(19819,19,'node',1167,''),(19830,21,'node',1168,''),(19831,1,'node',1168,'e9d2ecb6-5d30-4d56-8bee-fee4e690735d'),(19832,23,'node',1168,''),(19833,2,'node',1168,'2'),(19834,3,'node',1168,'1'),(19835,4,'node',1168,''),(19836,5,'node',1168,''),(19837,15,'node',1168,'77e558cf-6ec4-4f17-bf6b-09c3b297b7e2'),(19838,16,'node',1168,'2811e05c-9854-4171-9aa8-fb35265e0446'),(19839,19,'node',1168,''),(19850,21,'node',1169,''),(19851,1,'node',1169,'e9d2ecb6-5d30-4d56-8bee-fee4e690735d'),(19852,23,'node',1169,''),(19853,2,'node',1169,'2'),(19854,3,'node',1169,'1'),(19855,4,'node',1169,''),(19856,5,'node',1169,''),(19857,15,'node',1169,'77e558cf-6ec4-4f17-bf6b-09c3b297b7e2'),(19858,16,'node',1169,'2811e05c-9854-4171-9aa8-fb35265e0446'),(19859,19,'node',1169,''),(19870,21,'node',1170,''),(19871,1,'node',1170,'4ccefd67-c96e-492e-982e-d331856b33b8'),(19872,23,'node',1170,''),(19873,2,'node',1170,'2'),(19874,3,'node',1170,'1'),(19875,4,'node',1170,''),(19876,5,'node',1170,''),(19877,15,'node',1170,'77e558cf-6ec4-4f17-bf6b-09c3b297b7e2'),(19878,16,'node',1170,'2811e05c-9854-4171-9aa8-fb35265e0446'),(19879,19,'node',1170,''),(19890,21,'node',1171,''),(19891,1,'node',1171,'6f38a32e-6088-4bf9-9088-422e367f58a9'),(19892,23,'node',1171,''),(19893,2,'node',1171,'2'),(19894,3,'node',1171,'1'),(19895,4,'node',1171,''),(19896,5,'node',1171,''),(19897,15,'node',1171,'56e07b6e-7801-4776-9c3a-cdb54f483057'),(19898,16,'node',1171,'1cf9ef59-9621-4694-b3cd-36b52ec960ed'),(19899,19,'node',1171,''),(19910,21,'node',1172,''),(19911,1,'node',1172,'6f38a32e-6088-4bf9-9088-422e367f58a9'),(19912,23,'node',1172,''),(19913,2,'node',1172,'2'),(19914,3,'node',1172,'1'),(19915,4,'node',1172,''),(19916,5,'node',1172,''),(19917,15,'node',1172,'77e558cf-6ec4-4f17-bf6b-09c3b297b7e2'),(19918,16,'node',1172,'2811e05c-9854-4171-9aa8-fb35265e0446'),(19919,19,'node',1172,''),(19930,21,'node',1173,''),(19931,1,'node',1173,'6f38a32e-6088-4bf9-9088-422e367f58a9'),(19932,23,'node',1173,''),(19933,2,'node',1173,'2'),(19934,3,'node',1173,'1'),(19935,4,'node',1173,''),(19936,5,'node',1173,''),(19937,15,'node',1173,'77e558cf-6ec4-4f17-bf6b-09c3b297b7e2'),(19938,16,'node',1173,'2811e05c-9854-4171-9aa8-fb35265e0446'),(19939,19,'node',1173,''),(19950,21,'node',1174,''),(19951,1,'node',1174,'4ccefd67-c96e-492e-982e-d331856b33b8'),(19952,23,'node',1174,''),(19953,2,'node',1174,'2'),(19954,3,'node',1174,'2'),(19955,4,'node',1174,''),(19956,5,'node',1174,''),(19957,15,'node',1174,'77e558cf-6ec4-4f17-bf6b-09c3b297b7e2'),(19958,16,'node',1174,'2811e05c-9854-4171-9aa8-fb35265e0446'),(19959,19,'node',1174,''),(19970,21,'node',1175,''),(19971,1,'node',1175,'6e3779f8-cc42-49b9-bff7-270bfde82cd3'),(19972,23,'node',1175,''),(19973,2,'node',1175,'2'),(19974,3,'node',1175,'1'),(19975,4,'node',1175,''),(19976,5,'node',1175,''),(19977,15,'node',1175,'56e07b6e-7801-4776-9c3a-cdb54f483057'),(19978,16,'node',1175,'1cf9ef59-9621-4694-b3cd-36b52ec960ed'),(19979,19,'node',1175,''),(19990,21,'node',1176,''),(19991,1,'node',1176,'6e3779f8-cc42-49b9-bff7-270bfde82cd3'),(19992,23,'node',1176,''),(19993,2,'node',1176,'2'),(19994,3,'node',1176,'1'),(19995,4,'node',1176,''),(19996,5,'node',1176,''),(19997,15,'node',1176,'77e558cf-6ec4-4f17-bf6b-09c3b297b7e2'),(19998,16,'node',1176,'2811e05c-9854-4171-9aa8-fb35265e0446'),(19999,19,'node',1176,''),(20010,21,'node',1177,''),(20011,1,'node',1177,'6e3779f8-cc42-49b9-bff7-270bfde82cd3'),(20012,23,'node',1177,''),(20013,2,'node',1177,'2'),(20014,3,'node',1177,'1'),(20015,4,'node',1177,''),(20016,5,'node',1177,''),(20017,15,'node',1177,'77e558cf-6ec4-4f17-bf6b-09c3b297b7e2'),(20018,16,'node',1177,'2811e05c-9854-4171-9aa8-fb35265e0446'),(20019,19,'node',1177,''),(20030,21,'node',1178,''),(20031,1,'node',1178,'4ccefd67-c96e-492e-982e-d331856b33b8'),(20032,23,'node',1178,''),(20033,2,'node',1178,'2'),(20034,3,'node',1178,'2'),(20035,4,'node',1178,''),(20036,5,'node',1178,''),(20037,15,'node',1178,'77e558cf-6ec4-4f17-bf6b-09c3b297b7e2'),(20038,16,'node',1178,'2811e05c-9854-4171-9aa8-fb35265e0446'),(20039,19,'node',1178,''),(20070,21,'node',1179,''),(20071,1,'node',1179,'6e3779f8-cc42-49b9-bff7-270bfde82cd3'),(20072,23,'node',1179,''),(20073,2,'node',1179,'2'),(20074,3,'node',1179,'1'),(20075,4,'node',1179,''),(20076,5,'node',1179,''),(20077,15,'node',1179,'56e07b6e-7801-4776-9c3a-cdb54f483057'),(20078,16,'node',1179,'1cf9ef59-9621-4694-b3cd-36b52ec960ed'),(20079,19,'node',1179,''),(20090,21,'node',1180,''),(20091,1,'node',1180,'6e3779f8-cc42-49b9-bff7-270bfde82cd3'),(20092,23,'node',1180,''),(20093,2,'node',1180,'2'),(20094,3,'node',1180,'1'),(20095,4,'node',1180,''),(20096,5,'node',1180,''),(20097,15,'node',1180,'77e558cf-6ec4-4f17-bf6b-09c3b297b7e2'),(20098,16,'node',1180,'2811e05c-9854-4171-9aa8-fb35265e0446'),(20099,19,'node',1180,''),(20110,21,'node',1181,''),(20111,1,'node',1181,'6e3779f8-cc42-49b9-bff7-270bfde82cd3'),(20112,23,'node',1181,''),(20113,2,'node',1181,'2'),(20114,3,'node',1181,'1'),(20115,4,'node',1181,''),(20116,5,'node',1181,''),(20117,15,'node',1181,'77e558cf-6ec4-4f17-bf6b-09c3b297b7e2'),(20118,16,'node',1181,'2811e05c-9854-4171-9aa8-fb35265e0446'),(20119,19,'node',1181,''),(20130,21,'node',1182,''),(20131,1,'node',1182,'4ccefd67-c96e-492e-982e-d331856b33b8'),(20132,23,'node',1182,''),(20133,2,'node',1182,'2'),(20134,3,'node',1182,'2'),(20135,4,'node',1182,''),(20136,5,'node',1182,''),(20137,15,'node',1182,'77e558cf-6ec4-4f17-bf6b-09c3b297b7e2'),(20138,16,'node',1182,'2811e05c-9854-4171-9aa8-fb35265e0446'),(20139,19,'node',1182,''),(20190,21,'node',1183,''),(20191,1,'node',1183,'6e3779f8-cc42-49b9-bff7-270bfde82cd3'),(20192,23,'node',1183,''),(20193,2,'node',1183,'2'),(20194,3,'node',1183,'2'),(20195,4,'node',1183,''),(20196,5,'node',1183,''),(20197,15,'node',1183,'77e558cf-6ec4-4f17-bf6b-09c3b297b7e2'),(20198,16,'node',1183,'2811e05c-9854-4171-9aa8-fb35265e0446'),(20199,19,'node',1183,''),(20210,21,'node',1184,''),(20211,1,'node',1184,'6e3779f8-cc42-49b9-bff7-270bfde82cd3'),(20212,23,'node',1184,''),(20213,2,'node',1184,'2'),(20214,3,'node',1184,'2'),(20215,4,'node',1184,''),(20216,5,'node',1184,''),(20217,15,'node',1184,'77e558cf-6ec4-4f17-bf6b-09c3b297b7e2'),(20218,16,'node',1184,'2811e05c-9854-4171-9aa8-fb35265e0446'),(20219,19,'node',1184,''),(20230,21,'node',1185,''),(20231,1,'node',1185,'6e3779f8-cc42-49b9-bff7-270bfde82cd3'),(20232,23,'node',1185,''),(20233,2,'node',1185,'2'),(20234,3,'node',1185,'2'),(20235,4,'node',1185,''),(20236,5,'node',1185,''),(20237,15,'node',1185,'56e07b6e-7801-4776-9c3a-cdb54f483057'),(20238,16,'node',1185,'1cf9ef59-9621-4694-b3cd-36b52ec960ed'),(20239,19,'node',1185,''),(20250,21,'node',1186,''),(20251,1,'node',1186,'6e3779f8-cc42-49b9-bff7-270bfde82cd3'),(20252,23,'node',1186,''),(20253,2,'node',1186,'2'),(20254,3,'node',1186,'2'),(20255,4,'node',1186,''),(20256,5,'node',1186,''),(20257,15,'node',1186,'77e558cf-6ec4-4f17-bf6b-09c3b297b7e2'),(20258,16,'node',1186,'2811e05c-9854-4171-9aa8-fb35265e0446'),(20259,19,'node',1186,''),(20270,21,'node',1187,''),(20271,1,'node',1187,'6e3779f8-cc42-49b9-bff7-270bfde82cd3'),(20272,23,'node',1187,''),(20273,2,'node',1187,'2'),(20274,3,'node',1187,'2'),(20275,4,'node',1187,''),(20276,5,'node',1187,''),(20277,15,'node',1187,'77e558cf-6ec4-4f17-bf6b-09c3b297b7e2'),(20278,16,'node',1187,'2811e05c-9854-4171-9aa8-fb35265e0446'),(20279,19,'node',1187,''),(20290,21,'node',1188,''),(20291,1,'node',1188,'6e3779f8-cc42-49b9-bff7-270bfde82cd3'),(20292,23,'node',1188,''),(20293,2,'node',1188,'2'),(20294,3,'node',1188,'2'),(20295,4,'node',1188,''),(20296,5,'node',1188,''),(20297,15,'node',1188,'77e558cf-6ec4-4f17-bf6b-09c3b297b7e2'),(20298,16,'node',1188,'2811e05c-9854-4171-9aa8-fb35265e0446'),(20299,19,'node',1188,''),(20310,21,'node',1189,''),(20311,1,'node',1189,'6e3779f8-cc42-49b9-bff7-270bfde82cd3'),(20312,23,'node',1189,''),(20313,2,'node',1189,'2'),(20314,3,'node',1189,'2'),(20315,4,'node',1189,''),(20316,5,'node',1189,''),(20317,15,'node',1189,'56e07b6e-7801-4776-9c3a-cdb54f483057'),(20318,16,'node',1189,'1cf9ef59-9621-4694-b3cd-36b52ec960ed'),(20319,19,'node',1189,''),(20330,21,'node',1190,''),(20331,1,'node',1190,'4ccefd67-c96e-492e-982e-d331856b33b8'),(20332,23,'node',1190,''),(20333,2,'node',1190,'2'),(20334,3,'node',1190,'2'),(20335,4,'node',1190,''),(20336,5,'node',1190,''),(20337,15,'node',1190,'77e558cf-6ec4-4f17-bf6b-09c3b297b7e2'),(20338,16,'node',1190,'2811e05c-9854-4171-9aa8-fb35265e0446'),(20339,19,'node',1190,''),(20350,21,'node',1191,''),(20351,1,'node',1191,'6e3779f8-cc42-49b9-bff7-270bfde82cd3'),(20352,23,'node',1191,''),(20353,2,'node',1191,'2'),(20354,3,'node',1191,'2'),(20355,4,'node',1191,''),(20356,5,'node',1191,''),(20357,15,'node',1191,'77e558cf-6ec4-4f17-bf6b-09c3b297b7e2'),(20358,16,'node',1191,'2811e05c-9854-4171-9aa8-fb35265e0446'),(20359,19,'node',1191,''),(20370,21,'node',1192,''),(20371,1,'node',1192,'6e3779f8-cc42-49b9-bff7-270bfde82cd3'),(20372,23,'node',1192,''),(20373,2,'node',1192,'2'),(20374,3,'node',1192,'2'),(20375,4,'node',1192,''),(20376,5,'node',1192,''),(20377,15,'node',1192,'77e558cf-6ec4-4f17-bf6b-09c3b297b7e2'),(20378,16,'node',1192,'2811e05c-9854-4171-9aa8-fb35265e0446'),(20379,19,'node',1192,''),(20390,21,'node',1193,''),(20391,1,'node',1193,'6e3779f8-cc42-49b9-bff7-270bfde82cd3'),(20392,23,'node',1193,''),(20393,2,'node',1193,'2'),(20394,3,'node',1193,'2'),(20395,4,'node',1193,''),(20396,5,'node',1193,''),(20397,15,'node',1193,'56e07b6e-7801-4776-9c3a-cdb54f483057'),(20398,16,'node',1193,'1cf9ef59-9621-4694-b3cd-36b52ec960ed'),(20399,19,'node',1193,''),(20410,21,'node',1194,''),(20411,1,'node',1194,'4ccefd67-c96e-492e-982e-d331856b33b8'),(20412,23,'node',1194,''),(20413,2,'node',1194,'2'),(20414,3,'node',1194,'2'),(20415,4,'node',1194,''),(20416,5,'node',1194,''),(20417,15,'node',1194,'77e558cf-6ec4-4f17-bf6b-09c3b297b7e2'),(20418,16,'node',1194,'2811e05c-9854-4171-9aa8-fb35265e0446'),(20419,19,'node',1194,''),(20430,21,'node',1195,''),(20431,1,'node',1195,'6e3779f8-cc42-49b9-bff7-270bfde82cd3'),(20432,23,'node',1195,''),(20433,2,'node',1195,'2'),(20434,3,'node',1195,'2'),(20435,4,'node',1195,''),(20436,5,'node',1195,''),(20437,15,'node',1195,'77e558cf-6ec4-4f17-bf6b-09c3b297b7e2'),(20438,16,'node',1195,'2811e05c-9854-4171-9aa8-fb35265e0446'),(20439,19,'node',1195,''),(20450,21,'node',1196,''),(20451,1,'node',1196,'6e3779f8-cc42-49b9-bff7-270bfde82cd3'),(20452,23,'node',1196,''),(20453,2,'node',1196,'2'),(20454,3,'node',1196,'2'),(20455,4,'node',1196,''),(20456,5,'node',1196,''),(20457,15,'node',1196,'77e558cf-6ec4-4f17-bf6b-09c3b297b7e2'),(20458,16,'node',1196,'2811e05c-9854-4171-9aa8-fb35265e0446'),(20459,19,'node',1196,''),(20470,21,'node',1197,''),(20471,1,'node',1197,'6e3779f8-cc42-49b9-bff7-270bfde82cd3'),(20472,23,'node',1197,''),(20473,2,'node',1197,'2'),(20474,3,'node',1197,'2'),(20475,4,'node',1197,''),(20476,5,'node',1197,''),(20477,15,'node',1197,'56e07b6e-7801-4776-9c3a-cdb54f483057'),(20478,16,'node',1197,'1cf9ef59-9621-4694-b3cd-36b52ec960ed'),(20479,19,'node',1197,''),(20490,21,'node',1198,''),(20491,1,'node',1198,'4ccefd67-c96e-492e-982e-d331856b33b8'),(20492,23,'node',1198,''),(20493,2,'node',1198,'2'),(20494,3,'node',1198,'2'),(20495,4,'node',1198,''),(20496,5,'node',1198,''),(20497,15,'node',1198,'77e558cf-6ec4-4f17-bf6b-09c3b297b7e2'),(20498,16,'node',1198,'2811e05c-9854-4171-9aa8-fb35265e0446'),(20499,19,'node',1198,''),(20510,21,'node',1199,''),(20511,1,'node',1199,'6e3779f8-cc42-49b9-bff7-270bfde82cd3'),(20512,23,'node',1199,''),(20513,2,'node',1199,'2'),(20514,3,'node',1199,'2'),(20515,4,'node',1199,''),(20516,5,'node',1199,''),(20517,15,'node',1199,'77e558cf-6ec4-4f17-bf6b-09c3b297b7e2'),(20518,16,'node',1199,'2811e05c-9854-4171-9aa8-fb35265e0446'),(20519,19,'node',1199,''),(20530,21,'node',1200,''),(20531,1,'node',1200,'6e3779f8-cc42-49b9-bff7-270bfde82cd3'),(20532,23,'node',1200,''),(20533,2,'node',1200,'2'),(20534,3,'node',1200,'2'),(20535,4,'node',1200,''),(20536,5,'node',1200,''),(20537,15,'node',1200,'77e558cf-6ec4-4f17-bf6b-09c3b297b7e2'),(20538,16,'node',1200,'2811e05c-9854-4171-9aa8-fb35265e0446'),(20539,19,'node',1200,''),(20550,21,'node',1201,''),(20551,1,'node',1201,'6e3779f8-cc42-49b9-bff7-270bfde82cd3'),(20552,23,'node',1201,''),(20553,2,'node',1201,'2'),(20554,3,'node',1201,'2'),(20555,4,'node',1201,''),(20556,5,'node',1201,''),(20557,15,'node',1201,'56e07b6e-7801-4776-9c3a-cdb54f483057'),(20558,16,'node',1201,'1cf9ef59-9621-4694-b3cd-36b52ec960ed'),(20559,19,'node',1201,''),(20570,21,'node',1202,''),(20571,1,'node',1202,'4ccefd67-c96e-492e-982e-d331856b33b8'),(20572,23,'node',1202,''),(20573,2,'node',1202,'2'),(20574,3,'node',1202,'2'),(20575,4,'node',1202,''),(20576,5,'node',1202,''),(20577,15,'node',1202,'77e558cf-6ec4-4f17-bf6b-09c3b297b7e2'),(20578,16,'node',1202,'2811e05c-9854-4171-9aa8-fb35265e0446'),(20579,19,'node',1202,''),(20610,21,'node',1203,''),(20611,1,'node',1203,'6e3779f8-cc42-49b9-bff7-270bfde82cd3'),(20612,23,'node',1203,''),(20613,2,'node',1203,'2'),(20614,3,'node',1203,'1'),(20615,4,'node',1203,''),(20616,5,'node',1203,''),(20617,15,'node',1203,'56e07b6e-7801-4776-9c3a-cdb54f483057'),(20618,16,'node',1203,'2811e05c-9854-4171-9aa8-fb35265e0446'),(20619,19,'node',1203,''),(20630,21,'node',1204,''),(20631,1,'node',1204,'6e3779f8-cc42-49b9-bff7-270bfde82cd3'),(20632,23,'node',1204,''),(20633,2,'node',1204,'2'),(20634,3,'node',1204,'1'),(20635,4,'node',1204,''),(20636,5,'node',1204,''),(20637,15,'node',1204,'56e07b6e-7801-4776-9c3a-cdb54f483057'),(20638,16,'node',1204,'2811e05c-9854-4171-9aa8-fb35265e0446'),(20639,19,'node',1204,''),(20650,21,'node',1205,''),(20651,1,'node',1205,'6e3779f8-cc42-49b9-bff7-270bfde82cd3'),(20652,23,'node',1205,''),(20653,2,'node',1205,'2'),(20654,3,'node',1205,'1'),(20655,4,'node',1205,''),(20656,5,'node',1205,''),(20657,15,'node',1205,'56e07b6e-7801-4776-9c3a-cdb54f483057'),(20658,16,'node',1205,'2811e05c-9854-4171-9aa8-fb35265e0446'),(20659,19,'node',1205,''),(20680,21,'node',1206,''),(20681,1,'node',1206,'4ccefd67-c96e-492e-982e-d331856b33b8'),(20682,23,'node',1206,''),(20683,2,'node',1206,'2'),(20684,3,'node',1206,'2'),(20685,4,'node',1206,''),(20686,5,'node',1206,''),(20687,15,'node',1206,'77e558cf-6ec4-4f17-bf6b-09c3b297b7e2'),(20688,16,'node',1206,'2811e05c-9854-4171-9aa8-fb35265e0446'),(20689,19,'node',1206,''),(20730,21,'node',1207,''),(20731,1,'node',1207,'6e3779f8-cc42-49b9-bff7-270bfde82cd3'),(20732,23,'node',1207,''),(20733,2,'node',1207,'2'),(20734,3,'node',1207,'1'),(20735,4,'node',1207,''),(20736,5,'node',1207,''),(20737,15,'node',1207,'56e07b6e-7801-4776-9c3a-cdb54f483057'),(20738,16,'node',1207,'2811e05c-9854-4171-9aa8-fb35265e0446'),(20739,19,'node',1207,''),(20750,21,'node',1208,''),(20751,1,'node',1208,'6e3779f8-cc42-49b9-bff7-270bfde82cd3'),(20752,23,'node',1208,''),(20753,2,'node',1208,'2'),(20754,3,'node',1208,'1'),(20755,4,'node',1208,''),(20756,5,'node',1208,''),(20757,15,'node',1208,'77e558cf-6ec4-4f17-bf6b-09c3b297b7e2'),(20758,16,'node',1208,'2811e05c-9854-4171-9aa8-fb35265e0446'),(20759,19,'node',1208,''),(20770,21,'node',1209,''),(20771,1,'node',1209,'6e3779f8-cc42-49b9-bff7-270bfde82cd3'),(20772,23,'node',1209,''),(20773,2,'node',1209,'2'),(20774,3,'node',1209,'1'),(20775,4,'node',1209,''),(20776,5,'node',1209,''),(20777,15,'node',1209,'77e558cf-6ec4-4f17-bf6b-09c3b297b7e2'),(20778,16,'node',1209,'2811e05c-9854-4171-9aa8-fb35265e0446'),(20779,19,'node',1209,''),(20800,21,'node',1210,''),(20801,1,'node',1210,'6e3779f8-cc42-49b9-bff7-270bfde82cd3'),(20802,23,'node',1210,''),(20803,2,'node',1210,'2'),(20804,3,'node',1210,'2'),(20805,4,'node',1210,''),(20806,5,'node',1210,''),(20807,15,'node',1210,'77e558cf-6ec4-4f17-bf6b-09c3b297b7e2'),(20808,16,'node',1210,'2811e05c-9854-4171-9aa8-fb35265e0446'),(20809,19,'node',1210,''),(20820,21,'node',1211,''),(20821,1,'node',1211,'6e3779f8-cc42-49b9-bff7-270bfde82cd3'),(20822,23,'node',1211,''),(20823,2,'node',1211,'2'),(20824,3,'node',1211,'2'),(20825,4,'node',1211,''),(20826,5,'node',1211,''),(20827,15,'node',1211,'77e558cf-6ec4-4f17-bf6b-09c3b297b7e2'),(20828,16,'node',1211,'2811e05c-9854-4171-9aa8-fb35265e0446'),(20829,19,'node',1211,''),(20840,21,'node',1212,''),(20841,1,'node',1212,'6e3779f8-cc42-49b9-bff7-270bfde82cd3'),(20842,23,'node',1212,''),(20843,2,'node',1212,'2'),(20844,3,'node',1212,'2'),(20845,4,'node',1212,''),(20846,5,'node',1212,''),(20847,15,'node',1212,'56e07b6e-7801-4776-9c3a-cdb54f483057'),(20848,16,'node',1212,'1cf9ef59-9621-4694-b3cd-36b52ec960ed'),(20849,19,'node',1212,''),(20860,21,'node',1213,''),(20861,1,'node',1213,'4ccefd67-c96e-492e-982e-d331856b33b8'),(20862,23,'node',1213,''),(20863,2,'node',1213,'2'),(20864,3,'node',1213,'2'),(20865,4,'node',1213,''),(20866,5,'node',1213,''),(20867,15,'node',1213,'77e558cf-6ec4-4f17-bf6b-09c3b297b7e2'),(20868,16,'node',1213,'2811e05c-9854-4171-9aa8-fb35265e0446'),(20869,19,'node',1213,''),(20900,21,'node',1214,''),(20901,1,'node',1214,'6e3779f8-cc42-49b9-bff7-270bfde82cd3'),(20902,23,'node',1214,''),(20903,2,'node',1214,'2'),(20904,3,'node',1214,'1'),(20905,4,'node',1214,''),(20906,5,'node',1214,''),(20907,15,'node',1214,'77e558cf-6ec4-4f17-bf6b-09c3b297b7e2'),(20908,16,'node',1214,'2811e05c-9854-4171-9aa8-fb35265e0446'),(20909,19,'node',1214,''),(20920,22,'node',1215,''),(20921,8,'node',1215,'6f38a32e-6088-4bf9-9088-422e367f58a9'),(20922,24,'node',1215,''),(20923,9,'node',1215,'2'),(20924,10,'node',1215,'1'),(20925,11,'node',1215,''),(20926,12,'node',1215,''),(20927,17,'node',1215,'56e07b6e-7801-4776-9c3a-cdb54f483057'),(20928,18,'node',1215,'2811e05c-9854-4171-9aa8-fb35265e0446'),(20929,20,'node',1215,''),(20930,21,'node',1216,''),(20931,1,'node',1216,'6e3779f8-cc42-49b9-bff7-270bfde82cd3'),(20932,23,'node',1216,''),(20933,2,'node',1216,'2'),(20934,3,'node',1216,'1'),(20935,4,'node',1216,''),(20936,5,'node',1216,''),(20937,15,'node',1216,'77e558cf-6ec4-4f17-bf6b-09c3b297b7e2'),(20938,16,'node',1216,'2811e05c-9854-4171-9aa8-fb35265e0446'),(20939,19,'node',1216,''),(20950,22,'node',1217,''),(20951,8,'node',1217,'6f38a32e-6088-4bf9-9088-422e367f58a9'),(20952,24,'node',1217,''),(20953,9,'node',1217,'2'),(20954,10,'node',1217,'1'),(20955,11,'node',1217,''),(20956,12,'node',1217,''),(20957,17,'node',1217,'56e07b6e-7801-4776-9c3a-cdb54f483057'),(20958,18,'node',1217,'2811e05c-9854-4171-9aa8-fb35265e0446'),(20959,20,'node',1217,''),(20960,21,'node',1218,''),(20961,1,'node',1218,'6e3779f8-cc42-49b9-bff7-270bfde82cd3'),(20962,23,'node',1218,''),(20963,2,'node',1218,'2'),(20964,3,'node',1218,'2'),(20965,4,'node',1218,''),(20966,5,'node',1218,''),(20967,15,'node',1218,'77e558cf-6ec4-4f17-bf6b-09c3b297b7e2'),(20968,16,'node',1218,'2811e05c-9854-4171-9aa8-fb35265e0446'),(20969,19,'node',1218,''),(20980,21,'node',1219,''),(20981,1,'node',1219,'6e3779f8-cc42-49b9-bff7-270bfde82cd3'),(20982,23,'node',1219,''),(20983,2,'node',1219,'2'),(20984,3,'node',1219,'2'),(20985,4,'node',1219,''),(20986,5,'node',1219,''),(20987,15,'node',1219,'77e558cf-6ec4-4f17-bf6b-09c3b297b7e2'),(20988,16,'node',1219,'2811e05c-9854-4171-9aa8-fb35265e0446'),(20989,19,'node',1219,''),(21000,21,'node',1220,''),(21001,1,'node',1220,'6e3779f8-cc42-49b9-bff7-270bfde82cd3'),(21002,23,'node',1220,''),(21003,2,'node',1220,'2'),(21004,3,'node',1220,'2'),(21005,4,'node',1220,''),(21006,5,'node',1220,''),(21007,15,'node',1220,'56e07b6e-7801-4776-9c3a-cdb54f483057'),(21008,16,'node',1220,'1cf9ef59-9621-4694-b3cd-36b52ec960ed'),(21009,19,'node',1220,''),(21020,21,'node',1221,''),(21021,1,'node',1221,'4ccefd67-c96e-492e-982e-d331856b33b8'),(21022,23,'node',1221,''),(21023,2,'node',1221,'2'),(21024,3,'node',1221,'2'),(21025,4,'node',1221,''),(21026,5,'node',1221,''),(21027,15,'node',1221,'77e558cf-6ec4-4f17-bf6b-09c3b297b7e2'),(21028,16,'node',1221,'2811e05c-9854-4171-9aa8-fb35265e0446'),(21029,19,'node',1221,''),(21040,21,'node',1222,''),(21041,1,'node',1222,'6e3779f8-cc42-49b9-bff7-270bfde82cd3'),(21042,23,'node',1222,''),(21043,2,'node',1222,'2'),(21044,3,'node',1222,'2'),(21045,4,'node',1222,''),(21046,5,'node',1222,''),(21047,15,'node',1222,'77e558cf-6ec4-4f17-bf6b-09c3b297b7e2'),(21048,16,'node',1222,'2811e05c-9854-4171-9aa8-fb35265e0446'),(21049,19,'node',1222,''),(21060,21,'node',1223,''),(21061,1,'node',1223,'6e3779f8-cc42-49b9-bff7-270bfde82cd3'),(21062,23,'node',1223,''),(21063,2,'node',1223,'2'),(21064,3,'node',1223,'2'),(21065,4,'node',1223,''),(21066,5,'node',1223,''),(21067,15,'node',1223,'77e558cf-6ec4-4f17-bf6b-09c3b297b7e2'),(21068,16,'node',1223,'2811e05c-9854-4171-9aa8-fb35265e0446'),(21069,19,'node',1223,''),(21080,21,'node',1224,''),(21081,1,'node',1224,'6e3779f8-cc42-49b9-bff7-270bfde82cd3'),(21082,23,'node',1224,''),(21083,2,'node',1224,'2'),(21084,3,'node',1224,'2'),(21085,4,'node',1224,''),(21086,5,'node',1224,''),(21087,15,'node',1224,'56e07b6e-7801-4776-9c3a-cdb54f483057'),(21088,16,'node',1224,'1cf9ef59-9621-4694-b3cd-36b52ec960ed'),(21089,19,'node',1224,''),(21100,21,'node',1225,''),(21101,1,'node',1225,'4ccefd67-c96e-492e-982e-d331856b33b8'),(21102,23,'node',1225,''),(21103,2,'node',1225,'2'),(21104,3,'node',1225,'2'),(21105,4,'node',1225,''),(21106,5,'node',1225,''),(21107,15,'node',1225,'77e558cf-6ec4-4f17-bf6b-09c3b297b7e2'),(21108,16,'node',1225,'2811e05c-9854-4171-9aa8-fb35265e0446'),(21109,19,'node',1225,''),(21120,21,'node',1226,''),(21121,1,'node',1226,'6e3779f8-cc42-49b9-bff7-270bfde82cd3'),(21122,23,'node',1226,''),(21123,2,'node',1226,'2'),(21124,3,'node',1226,'2'),(21125,4,'node',1226,''),(21126,5,'node',1226,''),(21127,15,'node',1226,'77e558cf-6ec4-4f17-bf6b-09c3b297b7e2'),(21128,16,'node',1226,'2811e05c-9854-4171-9aa8-fb35265e0446'),(21129,19,'node',1226,''),(21140,21,'node',1227,''),(21141,1,'node',1227,'6e3779f8-cc42-49b9-bff7-270bfde82cd3'),(21142,23,'node',1227,''),(21143,2,'node',1227,'2'),(21144,3,'node',1227,'2'),(21145,4,'node',1227,''),(21146,5,'node',1227,''),(21147,15,'node',1227,'77e558cf-6ec4-4f17-bf6b-09c3b297b7e2'),(21148,16,'node',1227,'2811e05c-9854-4171-9aa8-fb35265e0446'),(21149,19,'node',1227,''),(21160,21,'node',1228,''),(21161,1,'node',1228,'6e3779f8-cc42-49b9-bff7-270bfde82cd3'),(21162,23,'node',1228,''),(21163,2,'node',1228,'2'),(21164,3,'node',1228,'2'),(21165,4,'node',1228,''),(21166,5,'node',1228,''),(21167,15,'node',1228,'56e07b6e-7801-4776-9c3a-cdb54f483057'),(21168,16,'node',1228,'1cf9ef59-9621-4694-b3cd-36b52ec960ed'),(21169,19,'node',1228,''),(21180,21,'node',1229,''),(21181,1,'node',1229,'4ccefd67-c96e-492e-982e-d331856b33b8'),(21182,23,'node',1229,''),(21183,2,'node',1229,'2'),(21184,3,'node',1229,'2'),(21185,4,'node',1229,''),(21186,5,'node',1229,''),(21187,15,'node',1229,'77e558cf-6ec4-4f17-bf6b-09c3b297b7e2'),(21188,16,'node',1229,'2811e05c-9854-4171-9aa8-fb35265e0446'),(21189,19,'node',1229,''),(21200,21,'node',1230,''),(21201,1,'node',1230,'6e3779f8-cc42-49b9-bff7-270bfde82cd3'),(21202,23,'node',1230,''),(21203,2,'node',1230,'2'),(21204,3,'node',1230,'1'),(21205,4,'node',1230,''),(21206,5,'node',1230,''),(21207,15,'node',1230,'77e558cf-6ec4-4f17-bf6b-09c3b297b7e2'),(21208,16,'node',1230,'2811e05c-9854-4171-9aa8-fb35265e0446'),(21209,19,'node',1230,''),(21220,22,'node',1231,''),(21221,8,'node',1231,'6f38a32e-6088-4bf9-9088-422e367f58a9'),(21222,24,'node',1231,''),(21223,9,'node',1231,'2'),(21224,10,'node',1231,'1'),(21225,11,'node',1231,''),(21226,12,'node',1231,''),(21227,17,'node',1231,'56e07b6e-7801-4776-9c3a-cdb54f483057'),(21228,18,'node',1231,'2811e05c-9854-4171-9aa8-fb35265e0446'),(21229,20,'node',1231,''),(21280,21,'node',1232,''),(21281,1,'node',1232,'6e3779f8-cc42-49b9-bff7-270bfde82cd3'),(21282,23,'node',1232,''),(21283,2,'node',1232,'2'),(21284,3,'node',1232,'4'),(21285,4,'node',1232,''),(21286,5,'node',1232,''),(21287,15,'node',1232,'77e558cf-6ec4-4f17-bf6b-09c3b297b7e2'),(21288,16,'node',1232,'2811e05c-9854-4171-9aa8-fb35265e0446'),(21289,19,'node',1232,''),(21390,21,'node',1233,''),(21391,1,'node',1233,'6e3779f8-cc42-49b9-bff7-270bfde82cd3'),(21392,23,'node',1233,''),(21393,2,'node',1233,'2'),(21394,3,'node',1233,'4'),(21395,4,'node',1233,''),(21396,5,'node',1233,''),(21397,15,'node',1233,'77e558cf-6ec4-4f17-bf6b-09c3b297b7e2'),(21398,16,'node',1233,'2811e05c-9854-4171-9aa8-fb35265e0446'),(21399,19,'node',1233,''),(21410,21,'node',1234,''),(21411,1,'node',1234,'4ccefd67-c96e-492e-982e-d331856b33b8'),(21412,23,'node',1234,''),(21413,2,'node',1234,'2'),(21414,3,'node',1234,'4'),(21415,4,'node',1234,''),(21416,5,'node',1234,''),(21417,15,'node',1234,'77e558cf-6ec4-4f17-bf6b-09c3b297b7e2'),(21418,16,'node',1234,'2811e05c-9854-4171-9aa8-fb35265e0446'),(21419,19,'node',1234,''),(21430,21,'node',1235,''),(21431,1,'node',1235,'6e3779f8-cc42-49b9-bff7-270bfde82cd3'),(21432,23,'node',1235,''),(21433,2,'node',1235,'2'),(21434,3,'node',1235,'4'),(21435,4,'node',1235,''),(21436,5,'node',1235,''),(21437,15,'node',1235,'56e07b6e-7801-4776-9c3a-cdb54f483057'),(21438,16,'node',1235,'1cf9ef59-9621-4694-b3cd-36b52ec960ed'),(21439,19,'node',1235,''),(21450,21,'node',1236,''),(21451,1,'node',1236,'6e3779f8-cc42-49b9-bff7-270bfde82cd3'),(21452,23,'node',1236,''),(21453,2,'node',1236,'2'),(21454,3,'node',1236,'2'),(21455,4,'node',1236,''),(21456,5,'node',1236,''),(21457,15,'node',1236,'77e558cf-6ec4-4f17-bf6b-09c3b297b7e2'),(21458,16,'node',1236,'2811e05c-9854-4171-9aa8-fb35265e0446'),(21459,19,'node',1236,''),(21500,21,'node',1237,''),(21501,1,'node',1237,'6e3779f8-cc42-49b9-bff7-270bfde82cd3'),(21502,23,'node',1237,''),(21503,2,'node',1237,'2'),(21504,3,'node',1237,'1'),(21505,4,'node',1237,''),(21506,5,'node',1237,''),(21507,15,'node',1237,'56e07b6e-7801-4776-9c3a-cdb54f483057'),(21508,16,'node',1237,'2811e05c-9854-4171-9aa8-fb35265e0446'),(21509,19,'node',1237,''),(21520,21,'node',1238,''),(21521,1,'node',1238,'6e3779f8-cc42-49b9-bff7-270bfde82cd3'),(21522,23,'node',1238,''),(21523,2,'node',1238,'2'),(21524,3,'node',1238,'1'),(21525,4,'node',1238,''),(21526,5,'node',1238,''),(21527,15,'node',1238,'56e07b6e-7801-4776-9c3a-cdb54f483057'),(21528,16,'node',1238,'2811e05c-9854-4171-9aa8-fb35265e0446'),(21529,19,'node',1238,''),(21580,21,'node',1239,''),(21581,1,'node',1239,'6e3779f8-cc42-49b9-bff7-270bfde82cd3'),(21582,23,'node',1239,''),(21583,2,'node',1239,'2'),(21584,3,'node',1239,'1'),(21585,4,'node',1239,''),(21586,5,'node',1239,''),(21587,15,'node',1239,'56e07b6e-7801-4776-9c3a-cdb54f483057'),(21588,16,'node',1239,'2811e05c-9854-4171-9aa8-fb35265e0446'),(21589,19,'node',1239,''),(21600,21,'node',1240,''),(21601,1,'node',1240,'6e3779f8-cc42-49b9-bff7-270bfde82cd3'),(21602,23,'node',1240,''),(21603,2,'node',1240,'2'),(21604,3,'node',1240,'1'),(21605,4,'node',1240,''),(21606,5,'node',1240,''),(21607,15,'node',1240,'56e07b6e-7801-4776-9c3a-cdb54f483057'),(21608,16,'node',1240,'2811e05c-9854-4171-9aa8-fb35265e0446'),(21609,19,'node',1240,''),(21620,21,'node',1241,''),(21621,1,'node',1241,'6e3779f8-cc42-49b9-bff7-270bfde82cd3'),(21622,23,'node',1241,''),(21623,2,'node',1241,'2'),(21624,3,'node',1241,'1'),(21625,4,'node',1241,''),(21626,5,'node',1241,''),(21627,15,'node',1241,'56e07b6e-7801-4776-9c3a-cdb54f483057'),(21628,16,'node',1241,'2811e05c-9854-4171-9aa8-fb35265e0446'),(21629,19,'node',1241,''),(21640,21,'node',1242,''),(21641,1,'node',1242,'6e3779f8-cc42-49b9-bff7-270bfde82cd3'),(21642,23,'node',1242,''),(21643,2,'node',1242,'2'),(21644,3,'node',1242,'1'),(21645,4,'node',1242,''),(21646,5,'node',1242,''),(21647,15,'node',1242,'56e07b6e-7801-4776-9c3a-cdb54f483057'),(21648,16,'node',1242,'2811e05c-9854-4171-9aa8-fb35265e0446'),(21649,19,'node',1242,''),(21660,21,'node',1243,''),(21661,1,'node',1243,'6e3779f8-cc42-49b9-bff7-270bfde82cd3'),(21662,23,'node',1243,''),(21663,2,'node',1243,'2'),(21664,3,'node',1243,'1'),(21665,4,'node',1243,''),(21666,5,'node',1243,''),(21667,15,'node',1243,'56e07b6e-7801-4776-9c3a-cdb54f483057'),(21668,16,'node',1243,'2811e05c-9854-4171-9aa8-fb35265e0446'),(21669,19,'node',1243,''),(21680,21,'node',1244,''),(21681,1,'node',1244,'6e3779f8-cc42-49b9-bff7-270bfde82cd3'),(21682,23,'node',1244,''),(21683,2,'node',1244,'2'),(21684,3,'node',1244,'1'),(21685,4,'node',1244,''),(21686,5,'node',1244,''),(21687,15,'node',1244,'56e07b6e-7801-4776-9c3a-cdb54f483057'),(21688,16,'node',1244,'2811e05c-9854-4171-9aa8-fb35265e0446'),(21689,19,'node',1244,''),(21720,21,'node',1245,''),(21721,1,'node',1245,'6e3779f8-cc42-49b9-bff7-270bfde82cd3'),(21722,23,'node',1245,''),(21723,2,'node',1245,'2'),(21724,3,'node',1245,'1'),(21725,4,'node',1245,''),(21726,5,'node',1245,''),(21727,15,'node',1245,'56e07b6e-7801-4776-9c3a-cdb54f483057'),(21728,16,'node',1245,'2811e05c-9854-4171-9aa8-fb35265e0446'),(21729,19,'node',1245,''),(21740,21,'node',1246,''),(21741,1,'node',1246,'6e3779f8-cc42-49b9-bff7-270bfde82cd3'),(21742,23,'node',1246,''),(21743,2,'node',1246,'2'),(21744,3,'node',1246,'1'),(21745,4,'node',1246,''),(21746,5,'node',1246,''),(21747,15,'node',1246,'56e07b6e-7801-4776-9c3a-cdb54f483057'),(21748,16,'node',1246,'2811e05c-9854-4171-9aa8-fb35265e0446'),(21749,19,'node',1246,''),(21760,21,'node',1247,''),(21761,1,'node',1247,'6e3779f8-cc42-49b9-bff7-270bfde82cd3'),(21762,23,'node',1247,''),(21763,2,'node',1247,'2'),(21764,3,'node',1247,'1'),(21765,4,'node',1247,''),(21766,5,'node',1247,''),(21767,15,'node',1247,'77e558cf-6ec4-4f17-bf6b-09c3b297b7e2'),(21768,16,'node',1247,'2811e05c-9854-4171-9aa8-fb35265e0446'),(21769,19,'node',1247,''),(21780,21,'node',1248,''),(21781,1,'node',1248,'4ccefd67-c96e-492e-982e-d331856b33b8'),(21782,23,'node',1248,''),(21783,2,'node',1248,'2'),(21784,3,'node',1248,'1'),(21785,4,'node',1248,''),(21786,5,'node',1248,''),(21787,15,'node',1248,'77e558cf-6ec4-4f17-bf6b-09c3b297b7e2'),(21788,16,'node',1248,'2811e05c-9854-4171-9aa8-fb35265e0446'),(21789,19,'node',1248,''),(21800,21,'node',1249,''),(21801,1,'node',1249,'6e3779f8-cc42-49b9-bff7-270bfde82cd3'),(21802,23,'node',1249,''),(21803,2,'node',1249,'2'),(21804,3,'node',1249,'1'),(21805,4,'node',1249,''),(21806,5,'node',1249,''),(21807,15,'node',1249,'56e07b6e-7801-4776-9c3a-cdb54f483057'),(21808,16,'node',1249,'2811e05c-9854-4171-9aa8-fb35265e0446'),(21809,19,'node',1249,''),(21820,21,'node',1250,''),(21821,1,'node',1250,'6e3779f8-cc42-49b9-bff7-270bfde82cd3'),(21822,23,'node',1250,''),(21823,2,'node',1250,'2'),(21824,3,'node',1250,'1'),(21825,4,'node',1250,''),(21826,5,'node',1250,''),(21827,15,'node',1250,'56e07b6e-7801-4776-9c3a-cdb54f483057'),(21828,16,'node',1250,'2811e05c-9854-4171-9aa8-fb35265e0446'),(21829,19,'node',1250,''),(21840,21,'node',1251,''),(21841,1,'node',1251,'6e3779f8-cc42-49b9-bff7-270bfde82cd3'),(21842,23,'node',1251,''),(21843,2,'node',1251,'2'),(21844,3,'node',1251,'1'),(21845,4,'node',1251,''),(21846,5,'node',1251,''),(21847,15,'node',1251,'77e558cf-6ec4-4f17-bf6b-09c3b297b7e2'),(21848,16,'node',1251,'2811e05c-9854-4171-9aa8-fb35265e0446'),(21849,19,'node',1251,''),(21860,21,'node',1252,''),(21861,1,'node',1252,'4ccefd67-c96e-492e-982e-d331856b33b8'),(21862,23,'node',1252,''),(21863,2,'node',1252,'2'),(21864,3,'node',1252,'1'),(21865,4,'node',1252,''),(21866,5,'node',1252,''),(21867,15,'node',1252,'77e558cf-6ec4-4f17-bf6b-09c3b297b7e2'),(21868,16,'node',1252,'2811e05c-9854-4171-9aa8-fb35265e0446'),(21869,19,'node',1252,''),(21880,21,'node',1253,''),(21881,1,'node',1253,'6e3779f8-cc42-49b9-bff7-270bfde82cd3'),(21882,23,'node',1253,''),(21883,2,'node',1253,'2'),(21884,3,'node',1253,'1'),(21885,4,'node',1253,''),(21886,5,'node',1253,''),(21887,15,'node',1253,'56e07b6e-7801-4776-9c3a-cdb54f483057'),(21888,16,'node',1253,'2811e05c-9854-4171-9aa8-fb35265e0446'),(21889,19,'node',1253,''),(21900,21,'node',1254,''),(21901,1,'node',1254,'6e3779f8-cc42-49b9-bff7-270bfde82cd3'),(21902,23,'node',1254,''),(21903,2,'node',1254,'2'),(21904,3,'node',1254,'1'),(21905,4,'node',1254,''),(21906,5,'node',1254,''),(21907,15,'node',1254,'56e07b6e-7801-4776-9c3a-cdb54f483057'),(21908,16,'node',1254,'2811e05c-9854-4171-9aa8-fb35265e0446'),(21909,19,'node',1254,''),(21920,21,'node',1255,''),(21921,1,'node',1255,'6e3779f8-cc42-49b9-bff7-270bfde82cd3'),(21922,23,'node',1255,''),(21923,2,'node',1255,'2'),(21924,3,'node',1255,'1'),(21925,4,'node',1255,''),(21926,5,'node',1255,''),(21927,15,'node',1255,'56e07b6e-7801-4776-9c3a-cdb54f483057'),(21928,16,'node',1255,'2811e05c-9854-4171-9aa8-fb35265e0446'),(21929,19,'node',1255,''),(21940,21,'node',1256,''),(21941,1,'node',1256,'6e3779f8-cc42-49b9-bff7-270bfde82cd3'),(21942,23,'node',1256,''),(21943,2,'node',1256,'2'),(21944,3,'node',1256,'1'),(21945,4,'node',1256,''),(21946,5,'node',1256,''),(21947,15,'node',1256,'56e07b6e-7801-4776-9c3a-cdb54f483057'),(21948,16,'node',1256,'2811e05c-9854-4171-9aa8-fb35265e0446'),(21949,19,'node',1256,''),(21960,21,'node',1257,''),(21961,1,'node',1257,'6e3779f8-cc42-49b9-bff7-270bfde82cd3'),(21962,23,'node',1257,''),(21963,2,'node',1257,'2'),(21964,3,'node',1257,'1'),(21965,4,'node',1257,''),(21966,5,'node',1257,''),(21967,15,'node',1257,'56e07b6e-7801-4776-9c3a-cdb54f483057'),(21968,16,'node',1257,'2811e05c-9854-4171-9aa8-fb35265e0446'),(21969,19,'node',1257,''),(21980,21,'node',1258,''),(21981,1,'node',1258,'6e3779f8-cc42-49b9-bff7-270bfde82cd3'),(21982,23,'node',1258,''),(21983,2,'node',1258,'2'),(21984,3,'node',1258,'1'),(21985,4,'node',1258,''),(21986,5,'node',1258,''),(21987,15,'node',1258,'56e07b6e-7801-4776-9c3a-cdb54f483057'),(21988,16,'node',1258,'2811e05c-9854-4171-9aa8-fb35265e0446'),(21989,19,'node',1258,''),(22020,21,'node',1259,''),(22021,1,'node',1259,'6e3779f8-cc42-49b9-bff7-270bfde82cd3'),(22022,23,'node',1259,''),(22023,2,'node',1259,'2'),(22024,3,'node',1259,'1'),(22025,4,'node',1259,''),(22026,5,'node',1259,''),(22027,15,'node',1259,'56e07b6e-7801-4776-9c3a-cdb54f483057'),(22028,16,'node',1259,'2811e05c-9854-4171-9aa8-fb35265e0446'),(22029,19,'node',1259,''),(22050,21,'node',1260,''),(22051,1,'node',1260,'6e3779f8-cc42-49b9-bff7-270bfde82cd3'),(22052,23,'node',1260,''),(22053,2,'node',1260,'2'),(22054,3,'node',1260,'1'),(22055,4,'node',1260,''),(22056,5,'node',1260,''),(22057,15,'node',1260,'56e07b6e-7801-4776-9c3a-cdb54f483057'),(22058,16,'node',1260,'2811e05c-9854-4171-9aa8-fb35265e0446'),(22059,19,'node',1260,''),(22100,21,'node',1261,''),(22101,1,'node',1261,'4ccefd67-c96e-492e-982e-d331856b33b8'),(22102,23,'node',1261,''),(22103,2,'node',1261,'2'),(22104,3,'node',1261,'1'),(22105,4,'node',1261,''),(22106,5,'node',1261,''),(22107,15,'node',1261,'77e558cf-6ec4-4f17-bf6b-09c3b297b7e2'),(22108,16,'node',1261,'2811e05c-9854-4171-9aa8-fb35265e0446'),(22109,19,'node',1261,''),(22120,21,'node',1262,''),(22121,1,'node',1262,'4ccefd67-c96e-492e-982e-d331856b33b8'),(22122,23,'node',1262,''),(22123,2,'node',1262,'2'),(22124,3,'node',1262,'1'),(22125,4,'node',1262,''),(22126,5,'node',1262,''),(22127,15,'node',1262,'77e558cf-6ec4-4f17-bf6b-09c3b297b7e2'),(22128,16,'node',1262,'2811e05c-9854-4171-9aa8-fb35265e0446'),(22129,19,'node',1262,''),(22160,21,'node',1263,''),(22161,1,'node',1263,'4ccefd67-c96e-492e-982e-d331856b33b8'),(22162,23,'node',1263,''),(22163,2,'node',1263,'2'),(22164,3,'node',1263,'1'),(22165,4,'node',1263,''),(22166,5,'node',1263,''),(22167,15,'node',1263,'77e558cf-6ec4-4f17-bf6b-09c3b297b7e2'),(22168,16,'node',1263,'2811e05c-9854-4171-9aa8-fb35265e0446'),(22169,19,'node',1263,''),(22190,1,'node_template',1156,'4ccefd67-c96e-492e-982e-d331856b33b8'),(22191,2,'node_template',1156,'2'),(22192,3,'node_template',1156,'1'),(22193,15,'node_template',1156,'77e558cf-6ec4-4f17-bf6b-09c3b297b7e2'),(22194,16,'node_template',1156,'2811e05c-9854-4171-9aa8-fb35265e0446'),(22195,21,'node_template',1156,''),(22196,23,'node_template',1156,''),(22197,4,'node_template',1156,''),(22198,5,'node_template',1156,''),(22199,19,'node_template',1156,''),(22200,21,'node',1264,''),(22201,1,'node',1264,'4ccefd67-c96e-492e-982e-d331856b33b8'),(22202,23,'node',1264,''),(22203,2,'node',1264,'2'),(22204,3,'node',1264,'1'),(22205,4,'node',1264,''),(22206,5,'node',1264,''),(22207,15,'node',1264,'77e558cf-6ec4-4f17-bf6b-09c3b297b7e2'),(22208,16,'node',1264,'2811e05c-9854-4171-9aa8-fb35265e0446'),(22209,19,'node',1264,''),(22210,1,'node_instance',1255,'4ccefd67-c96e-492e-982e-d331856b33b8'),(22211,2,'node_instance',1255,'2'),(22212,3,'node_instance',1255,'1'),(22213,15,'node_instance',1255,'77e558cf-6ec4-4f17-bf6b-09c3b297b7e2'),(22214,16,'node_instance',1255,'2811e05c-9854-4171-9aa8-fb35265e0446'),(22215,21,'node_instance',1255,'YLINK-20160608-005'),(22216,23,'node_instance',1255,'Windows Server 2012 R2 (64-bit)'),(22217,4,'node_instance',1255,''),(22218,5,'node_instance',1255,'10.191.1.15'),(22219,19,'node_instance',1255,'tT9bdawdi'),(22220,1,'node_template',1157,'6e3779f8-cc42-49b9-bff7-270bfde82cd3'),(22221,2,'node_template',1157,'2'),(22222,3,'node_template',1157,'1'),(22223,15,'node_template',1157,'77e558cf-6ec4-4f17-bf6b-09c3b297b7e2'),(22224,16,'node_template',1157,'2811e05c-9854-4171-9aa8-fb35265e0446'),(22225,21,'node_template',1157,''),(22226,23,'node_template',1157,''),(22227,4,'node_template',1157,''),(22228,5,'node_template',1157,''),(22229,19,'node_template',1157,''),(22230,21,'node',1265,''),(22231,1,'node',1265,'6e3779f8-cc42-49b9-bff7-270bfde82cd3'),(22232,23,'node',1265,''),(22233,2,'node',1265,'2'),(22234,3,'node',1265,'1'),(22235,4,'node',1265,''),(22236,5,'node',1265,''),(22237,15,'node',1265,'77e558cf-6ec4-4f17-bf6b-09c3b297b7e2'),(22238,16,'node',1265,'2811e05c-9854-4171-9aa8-fb35265e0446'),(22239,19,'node',1265,''),(22260,21,'node',1266,''),(22261,1,'node',1266,'6e3779f8-cc42-49b9-bff7-270bfde82cd3'),(22262,23,'node',1266,''),(22263,2,'node',1266,'2'),(22264,3,'node',1266,'1'),(22265,4,'node',1266,''),(22266,5,'node',1266,''),(22267,15,'node',1266,'77e558cf-6ec4-4f17-bf6b-09c3b297b7e2'),(22268,16,'node',1266,'2811e05c-9854-4171-9aa8-fb35265e0446'),(22269,19,'node',1266,''),(22300,21,'node',1267,''),(22301,1,'node',1267,'6e3779f8-cc42-49b9-bff7-270bfde82cd3'),(22302,23,'node',1267,''),(22303,2,'node',1267,'2'),(22304,3,'node',1267,'1'),(22305,4,'node',1267,''),(22306,5,'node',1267,''),(22307,15,'node',1267,'77e558cf-6ec4-4f17-bf6b-09c3b297b7e2'),(22308,16,'node',1267,'2811e05c-9854-4171-9aa8-fb35265e0446'),(22309,19,'node',1267,''),(22340,21,'node',1268,''),(22341,1,'node',1268,'6e3779f8-cc42-49b9-bff7-270bfde82cd3'),(22342,23,'node',1268,''),(22343,2,'node',1268,'2'),(22344,3,'node',1268,'1'),(22345,4,'node',1268,''),(22346,5,'node',1268,''),(22347,15,'node',1268,'77e558cf-6ec4-4f17-bf6b-09c3b297b7e2'),(22348,16,'node',1268,'2811e05c-9854-4171-9aa8-fb35265e0446'),(22349,19,'node',1268,''),(22360,22,'node',1269,''),(22361,8,'node',1269,'6f38a32e-6088-4bf9-9088-422e367f58a9'),(22362,24,'node',1269,''),(22363,9,'node',1269,'2'),(22364,10,'node',1269,'1'),(22365,11,'node',1269,''),(22366,12,'node',1269,''),(22367,17,'node',1269,'56e07b6e-7801-4776-9c3a-cdb54f483057'),(22368,18,'node',1269,'2811e05c-9854-4171-9aa8-fb35265e0446'),(22369,20,'node',1269,''),(22370,21,'node',1270,''),(22371,1,'node',1270,'6e3779f8-cc42-49b9-bff7-270bfde82cd3'),(22372,23,'node',1270,''),(22373,2,'node',1270,'2'),(22374,3,'node',1270,'1'),(22375,4,'node',1270,''),(22376,5,'node',1270,''),(22377,15,'node',1270,'77e558cf-6ec4-4f17-bf6b-09c3b297b7e2'),(22378,16,'node',1270,'2811e05c-9854-4171-9aa8-fb35265e0446'),(22379,19,'node',1270,''),(22380,1,'node_instance',1261,'6e3779f8-cc42-49b9-bff7-270bfde82cd3'),(22381,2,'node_instance',1261,'2'),(22382,3,'node_instance',1261,'1'),(22383,15,'node_instance',1261,'77e558cf-6ec4-4f17-bf6b-09c3b297b7e2'),(22384,16,'node_instance',1261,'2811e05c-9854-4171-9aa8-fb35265e0446'),(22385,21,'node_instance',1261,'YLINK-20160812-001'),(22386,23,'node_instance',1261,'Red Hat Enterprise Linux 6.4 (64-bit)'),(22387,4,'node_instance',1261,''),(22388,5,'node_instance',1261,'10.191.1.16'),(22389,19,'node_instance',1261,'jH3magrfy'),(22390,1,'node_template',1164,'6e3779f8-cc42-49b9-bff7-270bfde82cd3'),(22391,2,'node_template',1164,'2'),(22392,3,'node_template',1164,'1'),(22393,15,'node_template',1164,'56e07b6e-7801-4776-9c3a-cdb54f483057'),(22394,16,'node_template',1164,'1cf9ef59-9621-4694-b3cd-36b52ec960ed'),(22395,21,'node_template',1164,''),(22396,23,'node_template',1164,''),(22397,4,'node_template',1164,''),(22398,5,'node_template',1164,''),(22399,19,'node_template',1164,''),(22400,8,'node_template',1165,'6f38a32e-6088-4bf9-9088-422e367f58a9'),(22401,9,'node_template',1165,'2'),(22402,10,'node_template',1165,'1'),(22403,17,'node_template',1165,'56e07b6e-7801-4776-9c3a-cdb54f483057'),(22404,18,'node_template',1165,'2811e05c-9854-4171-9aa8-fb35265e0446'),(22405,22,'node_template',1165,''),(22406,24,'node_template',1165,''),(22407,11,'node_template',1165,''),(22408,12,'node_template',1165,''),(22409,20,'node_template',1165,''),(22410,21,'node',1272,''),(22411,1,'node',1272,'6e3779f8-cc42-49b9-bff7-270bfde82cd3'),(22412,23,'node',1272,''),(22413,2,'node',1272,'2'),(22414,3,'node',1272,'1'),(22415,4,'node',1272,''),(22416,5,'node',1272,''),(22417,15,'node',1272,'56e07b6e-7801-4776-9c3a-cdb54f483057'),(22418,16,'node',1272,'1cf9ef59-9621-4694-b3cd-36b52ec960ed'),(22419,19,'node',1272,''),(22420,1,'node_instance',1263,'6e3779f8-cc42-49b9-bff7-270bfde82cd3'),(22421,2,'node_instance',1263,'2'),(22422,3,'node_instance',1263,'1'),(22423,15,'node_instance',1263,'56e07b6e-7801-4776-9c3a-cdb54f483057'),(22424,16,'node_instance',1263,'1cf9ef59-9621-4694-b3cd-36b52ec960ed'),(22425,21,'node_instance',1263,'YLINK-20160813-001'),(22426,23,'node_instance',1263,'Red Hat Enterprise Linux 6.4 (64-bit)'),(22427,4,'node_instance',1263,''),(22428,5,'node_instance',1263,'10.192.1.10'),(22429,19,'node_instance',1263,'hE3zivhdj'),(22430,22,'node',1273,''),(22431,8,'node',1273,'6f38a32e-6088-4bf9-9088-422e367f58a9'),(22432,24,'node',1273,''),(22433,9,'node',1273,'2'),(22434,10,'node',1273,'1'),(22435,11,'node',1273,''),(22436,12,'node',1273,''),(22437,17,'node',1273,'56e07b6e-7801-4776-9c3a-cdb54f483057'),(22438,18,'node',1273,'2811e05c-9854-4171-9aa8-fb35265e0446'),(22439,20,'node',1273,''),(22440,21,'node',1274,''),(22441,1,'node',1274,'6e3779f8-cc42-49b9-bff7-270bfde82cd3'),(22442,23,'node',1274,''),(22443,2,'node',1274,'2'),(22444,3,'node',1274,'1'),(22445,4,'node',1274,''),(22446,5,'node',1274,''),(22447,15,'node',1274,'56e07b6e-7801-4776-9c3a-cdb54f483057'),(22448,16,'node',1274,'1cf9ef59-9621-4694-b3cd-36b52ec960ed'),(22449,19,'node',1274,''),(22450,1,'node_instance',1265,'6e3779f8-cc42-49b9-bff7-270bfde82cd3'),(22451,2,'node_instance',1265,'2'),(22452,3,'node_instance',1265,'1'),(22453,15,'node_instance',1265,'77e558cf-6ec4-4f17-bf6b-09c3b297b7e2'),(22454,16,'node_instance',1265,'2811e05c-9854-4171-9aa8-fb35265e0446'),(22455,21,'node_instance',1265,'YLINK-20160813-002'),(22456,23,'node_instance',1265,'Red Hat Enterprise Linux 6.4 (64-bit)'),(22457,4,'node_instance',1265,''),(22458,5,'node_instance',1265,'10.191.1.19'),(22459,19,'node_instance',1265,'kR7vcfkhx'),(22460,22,'node',1275,''),(22461,8,'node',1275,'6f38a32e-6088-4bf9-9088-422e367f58a9'),(22462,24,'node',1275,''),(22463,9,'node',1275,'2'),(22464,10,'node',1275,'1'),(22465,11,'node',1275,''),(22466,12,'node',1275,''),(22467,17,'node',1275,'56e07b6e-7801-4776-9c3a-cdb54f483057'),(22468,18,'node',1275,'2811e05c-9854-4171-9aa8-fb35265e0446'),(22469,20,'node',1275,'');

/*Table structure for table `nodet_property_value_history` */

DROP TABLE IF EXISTS `nodet_property_value_history`;

CREATE TABLE `nodet_property_value_history` (
  `NODE_PROPERTY_ID` bigint(20) DEFAULT NULL COMMENT '所属节点属性ID',
  `OWNER_TYPE` varchar(250) DEFAULT NULL COMMENT '所有者类型：节点',
  `OWNER_ID` bigint(20) DEFAULT NULL COMMENT '所有者ID',
  `VALUE` varchar(250) DEFAULT NULL COMMENT '属性值'
) ENGINE=InnoDB DEFAULT CHARSET=utf8;

/*Data for the table `nodet_property_value_history` */

/*Table structure for table `object_group` */

DROP TABLE IF EXISTS `object_group`;

CREATE TABLE `object_group` (
  `ID` bigint(20) NOT NULL AUTO_INCREMENT,
  `VERSION` bigint(20) DEFAULT NULL COMMENT '数据版本',
  `PROJECT_ID` bigint(20) DEFAULT NULL COMMENT '所属项目ID',
  `NAME` varchar(250) DEFAULT NULL COMMENT '名称',
  `CREATED_BY` bigint(20) DEFAULT NULL COMMENT '创建人',
  `CREATION_DATE` datetime DEFAULT NULL COMMENT '创建时间',
  `LAST_UPDATED_BY` bigint(20) DEFAULT NULL COMMENT '最后更新人',
  `LAST_UPDATED_DATE` datetime DEFAULT NULL COMMENT '最后更新时间',
  `ENABLED_FLAG` char(1) DEFAULT NULL COMMENT '有效性',
  PRIMARY KEY (`ID`)
) ENGINE=InnoDB AUTO_INCREMENT=1123 DEFAULT CHARSET=utf8 COMMENT='各类的分组，如部署版本、工件、应用等';

/*Data for the table `object_group` */

insert  into `object_group`(`ID`,`VERSION`,`PROJECT_ID`,`NAME`,`CREATED_BY`,`CREATION_DATE`,`LAST_UPDATED_BY`,`LAST_UPDATED_DATE`,`ENABLED_FLAG`) values (1113,NULL,NULL,'testq',NULL,'2016-03-14 00:17:02',NULL,NULL,'N'),(1114,NULL,NULL,'23435',NULL,'2016-03-14 00:17:13',NULL,NULL,'Y'),(1115,NULL,3,'test',NULL,'2016-05-31 17:23:24',NULL,NULL,'Y'),(1116,NULL,1,'test2',NULL,'2016-05-31 17:23:48',NULL,NULL,'N'),(1117,NULL,1,'hangqing',NULL,'2016-06-01 00:36:48',NULL,NULL,'N'),(1118,NULL,2,'hangq',NULL,'2016-06-01 00:37:02',NULL,NULL,'N'),(1119,NULL,5,'rrrrr',NULL,'2016-06-01 00:37:51',NULL,NULL,'Y'),(1120,NULL,1,'test44',NULL,'2016-06-01 00:56:17',NULL,NULL,'N'),(1121,NULL,1,'啊啊啊啊',NULL,'2016-06-08 22:29:07',NULL,NULL,'N'),(1122,NULL,1,'报盘机A',NULL,'2016-06-08 22:31:32',NULL,NULL,'Y');

/*Table structure for table `object_group_relationship` */

DROP TABLE IF EXISTS `object_group_relationship`;

CREATE TABLE `object_group_relationship` (
  `ID` bigint(20) NOT NULL AUTO_INCREMENT,
  `OBJECT_GROUP_ID` bigint(20) DEFAULT NULL COMMENT '关联群组ID',
  `OBJECT_TYPE` varchar(250) DEFAULT NULL COMMENT '关联对象类型：工件版本、应用',
  `OBJECT_ID` bigint(20) DEFAULT NULL COMMENT '关联对象ID',
  PRIMARY KEY (`ID`)
) ENGINE=InnoDB AUTO_INCREMENT=1319 DEFAULT CHARSET=utf8;

/*Data for the table `object_group_relationship` */

insert  into `object_group_relationship`(`ID`,`OBJECT_GROUP_ID`,`OBJECT_TYPE`,`OBJECT_ID`) values (1310,1114,'application',1135),(1311,1114,'application',1136);

/*Table structure for table `project` */

DROP TABLE IF EXISTS `project`;

CREATE TABLE `project` (
  `ID` bigint(20) NOT NULL AUTO_INCREMENT,
  `VERSION` bigint(20) DEFAULT NULL COMMENT '数据版本',
  `CODE` varchar(250) DEFAULT NULL COMMENT '项目编号/代码',
  `NAME` varchar(250) DEFAULT NULL,
  `DESC` varchar(1000) DEFAULT NULL COMMENT '描述',
  `CREATED_BY` bigint(20) DEFAULT NULL COMMENT '创建人',
  `CREATION_DATE` datetime DEFAULT NULL COMMENT '创建时间',
  `LAST_UPDATED_BY` bigint(20) DEFAULT NULL COMMENT '最后更新人',
  `LAST_UPDATED_DATE` datetime DEFAULT NULL COMMENT '最后更新时间',
  `ENABLED_FLAG` char(1) DEFAULT NULL COMMENT '有效性',
  PRIMARY KEY (`ID`)
) ENGINE=InnoDB AUTO_INCREMENT=6 DEFAULT CHARSET=utf8;

/*Data for the table `project` */

insert  into `project`(`ID`,`VERSION`,`CODE`,`NAME`,`DESC`,`CREATED_BY`,`CREATION_DATE`,`LAST_UPDATED_BY`,`LAST_UPDATED_DATE`,`ENABLED_FLAG`) values (1,0,'tgjy','托管交易系统','托管交易系统',0,'2015-10-16 10:04:00',0,'2015-10-16 10:04:08','Y'),(2,0,'hqcx','行情查询系统','行情查询系统',0,'2015-10-16 10:04:35',0,'2015-10-16 10:04:39','Y'),(3,0,'test','test0531','weret',2,'2016-05-31 17:05:01',0,'2016-05-31 17:05:01','N'),(4,0,'prj0531','project-0531','',3,'2016-05-31 17:07:34',0,'2016-05-31 17:07:34','N'),(5,0,'testtt','test01','',2,'2016-06-01 00:20:42',0,'2016-06-01 00:20:42','N');

/*Table structure for table `project_member` */

DROP TABLE IF EXISTS `project_member`;

CREATE TABLE `project_member` (
  `ID` bigint(20) NOT NULL AUTO_INCREMENT,
  `PROJECT_ID` bigint(20) DEFAULT NULL COMMENT '所属项目ID',
  `USER_ID` bigint(20) DEFAULT NULL COMMENT '用户ID',
  `ROLE` varchar(250) DEFAULT NULL COMMENT '项目角色：项目经理、项目子类管理员',
  `SUBCATALOG_ID` bigint(20) DEFAULT NULL COMMENT '所属项目子类ID',
  PRIMARY KEY (`ID`)
) ENGINE=InnoDB AUTO_INCREMENT=1143 DEFAULT CHARSET=utf8;

/*Data for the table `project_member` */

insert  into `project_member`(`ID`,`PROJECT_ID`,`USER_ID`,`ROLE`,`SUBCATALOG_ID`) values (1129,1,6,NULL,NULL),(1130,1,5,NULL,NULL),(1131,1,2,NULL,NULL),(1132,1,1,NULL,NULL),(1133,1,7,NULL,NULL),(1141,1,2,'manager',0),(1142,1,3,'manager',0);

/*Table structure for table `project_subcatalog` */

DROP TABLE IF EXISTS `project_subcatalog`;

CREATE TABLE `project_subcatalog` (
  `ID` bigint(20) NOT NULL AUTO_INCREMENT,
  `VERSION` bigint(20) DEFAULT NULL COMMENT '数据版本',
  `PROJECT_ID` bigint(20) DEFAULT NULL COMMENT '所属项目ID',
  `NAME` varchar(250) DEFAULT NULL COMMENT '名称',
  `DESC` varchar(1000) DEFAULT NULL COMMENT '描述',
  `ORDER` int(11) DEFAULT NULL COMMENT '排序序号',
  `CREATED_BY` bigint(20) DEFAULT NULL COMMENT '创建人',
  `CREATION_DATE` datetime DEFAULT NULL COMMENT '创建时间',
  `LAST_UPDATED_BY` bigint(20) DEFAULT NULL COMMENT '最后更新人',
  `LAST_UPDATED_DATE` datetime DEFAULT NULL COMMENT '最后更新时间',
  `ENABLED_FLAG` char(1) DEFAULT NULL COMMENT '有效性',
  PRIMARY KEY (`ID`)
) ENGINE=InnoDB AUTO_INCREMENT=1118 DEFAULT CHARSET=utf8;

/*Data for the table `project_subcatalog` */

insert  into `project_subcatalog`(`ID`,`VERSION`,`PROJECT_ID`,`NAME`,`DESC`,`ORDER`,`CREATED_BY`,`CREATION_DATE`,`LAST_UPDATED_BY`,`LAST_UPDATED_DATE`,`ENABLED_FLAG`) values (1112,NULL,1,'test1','wer',NULL,NULL,NULL,NULL,NULL,'N'),(1113,NULL,1,'test2','weretrt',NULL,NULL,NULL,NULL,NULL,'N'),(1114,NULL,1,'托管1','托管',NULL,NULL,NULL,NULL,NULL,'Y'),(1115,NULL,1,'test0531','test0531',NULL,NULL,NULL,NULL,NULL,'Y'),(1116,NULL,4,'tst1','ts1',NULL,NULL,NULL,NULL,NULL,'N'),(1117,NULL,3,'test555','werwert',NULL,NULL,NULL,NULL,NULL,'N');

/*Table structure for table `scale_rule` */

DROP TABLE IF EXISTS `scale_rule`;

CREATE TABLE `scale_rule` (
  `ID` bigint(20) NOT NULL,
  `VERSION` bigint(20) DEFAULT NULL COMMENT '数据版本',
  `NODE_ID` bigint(20) DEFAULT NULL COMMENT '所属节点ID',
  `METRIC` varchar(250) DEFAULT NULL COMMENT '指标',
  `HIGH_THRESHOLD` decimal(9,2) DEFAULT NULL COMMENT '最大阈值',
  `LOW_THRESHOLD` decimal(9,2) DEFAULT NULL COMMENT '最小阈值',
  `ACTION` varchar(250) DEFAULT NULL COMMENT '动作',
  `CREATED_BY` bigint(20) DEFAULT NULL COMMENT '创建人',
  `CREATION_DATE` datetime DEFAULT NULL COMMENT '创建时间',
  `LAST_UPDATED_BY` bigint(20) DEFAULT NULL COMMENT '最后更新人',
  `LAST_UPDATED_DATE` datetime DEFAULT NULL COMMENT '最后更新时间',
  `ENABLED_FLAG` char(1) DEFAULT NULL COMMENT '有效性',
  PRIMARY KEY (`ID`)
) ENGINE=InnoDB DEFAULT CHARSET=utf8;

/*Data for the table `scale_rule` */

/*Table structure for table `scale_rule_template` */

DROP TABLE IF EXISTS `scale_rule_template`;

CREATE TABLE `scale_rule_template` (
  `ID` bigint(20) NOT NULL AUTO_INCREMENT,
  `VERSION` bigint(20) DEFAULT NULL COMMENT '数据版本',
  `NODE_TEMPLATE_ID` bigint(20) DEFAULT NULL COMMENT '所属节点模板ID',
  `LOW_THRESHOLD` decimal(9,2) DEFAULT NULL COMMENT '最小阈值',
  `HIGH_THRESHOLD` decimal(9,2) DEFAULT NULL COMMENT '最大阈值',
  `METRIC` varchar(250) DEFAULT NULL COMMENT '指标',
  `ACTION` varchar(250) DEFAULT NULL COMMENT '动作',
  `CREATED_BY` bigint(20) DEFAULT NULL COMMENT '创建人',
  `CREATION_DATE` datetime DEFAULT NULL COMMENT '创建时间',
  `LAST_UPDATED_BY` bigint(20) DEFAULT NULL COMMENT '最后更新人',
  `LAST_UPDATED_DATE` datetime DEFAULT NULL COMMENT '最后更新时间',
  `ENABLED_FLAG` char(1) DEFAULT NULL COMMENT '有效性',
  PRIMARY KEY (`ID`)
) ENGINE=InnoDB DEFAULT CHARSET=utf8;

/*Data for the table `scale_rule_template` */

/*Table structure for table `sec_group` */

DROP TABLE IF EXISTS `sec_group`;

CREATE TABLE `sec_group` (
  `groupId` varchar(45) NOT NULL,
  `name` varchar(45) NOT NULL COMMENT '组织名称',
  `parentId` varchar(45) NOT NULL COMMENT '父组织ID',
  `email` varchar(45) DEFAULT NULL COMMENT '邮箱',
  `address` varchar(100) DEFAULT NULL COMMENT '组织地址',
  `createTime` timestamp NOT NULL DEFAULT CURRENT_TIMESTAMP COMMENT '创建时间',
  `creator` varchar(45) DEFAULT NULL COMMENT '创建人',
  `remark` varchar(500) DEFAULT NULL,
  `ENABLED_FLAG` char(1) DEFAULT NULL COMMENT '有效性',
  PRIMARY KEY (`groupId`)
) ENGINE=InnoDB DEFAULT CHARSET=utf8;

/*Data for the table `sec_group` */

insert  into `sec_group`(`groupId`,`name`,`parentId`,`email`,`address`,`createTime`,`creator`,`remark`,`ENABLED_FLAG`) values ('01','雁联计算','0','','','2014-03-18 09:49:35',NULL,'雁联计算','Y');

/*Table structure for table `sec_group_role` */

DROP TABLE IF EXISTS `sec_group_role`;

CREATE TABLE `sec_group_role` (
  `groupId` varchar(45) NOT NULL,
  `roleId` varchar(45) NOT NULL,
  PRIMARY KEY (`groupId`,`roleId`),
  KEY `fk_sec_group_has_sec_role_sec_role1_idx` (`roleId`) USING BTREE,
  KEY `fk_sec_group_has_sec_role_sec_group1_idx` (`groupId`) USING BTREE,
  CONSTRAINT `sec_group_role_ibfk_1` FOREIGN KEY (`groupId`) REFERENCES `sec_group` (`groupId`) ON DELETE NO ACTION ON UPDATE NO ACTION,
  CONSTRAINT `sec_group_role_ibfk_2` FOREIGN KEY (`roleId`) REFERENCES `sec_role` (`roleId`) ON DELETE NO ACTION ON UPDATE NO ACTION
) ENGINE=InnoDB DEFAULT CHARSET=utf8;

/*Data for the table `sec_group_role` */

/*Table structure for table `sec_operation` */

DROP TABLE IF EXISTS `sec_operation`;

CREATE TABLE `sec_operation` (
  `operationId` varchar(45) NOT NULL,
  `name` varchar(45) NOT NULL COMMENT '操作名称',
  `remark` varchar(500) DEFAULT NULL COMMENT '备注',
  `resourceId` varchar(45) NOT NULL,
  PRIMARY KEY (`operationId`),
  KEY `fk_sec_operation_sec_resource1_idx` (`resourceId`) USING BTREE,
  CONSTRAINT `sec_operation_ibfk_1` FOREIGN KEY (`resourceId`) REFERENCES `sec_resource` (`resourceId`) ON DELETE NO ACTION ON UPDATE NO ACTION
) ENGINE=InnoDB DEFAULT CHARSET=utf8;

/*Data for the table `sec_operation` */

insert  into `sec_operation`(`operationId`,`name`,`remark`,`resourceId`) values ('0101','系统管理',NULL,'01'),('010101','查询','','0101'),('010201','查询','','0102'),('010301','查询','','0103'),('010401','查询','','0104'),('010501','查询','','0105'),('1301','应用管理',NULL,'13'),('130101','查询','','1301'),('130201','查询','','1302'),('130301','查询','','1303'),('130401','查询','','1304'),('130601','查询','','1306'),('130701','查询','','1307'),('130801','查询','','1308'),('130901','查询',NULL,'1309'),('237cafc8-b848-11e5-8d36-020018fb0050','查询','','237cafc8-b848-11e5-8d36-020018fb0050'),('992ab5d8-270d-11e6-b5ab-000c29f66b8f','查询','','992ab5d8-270d-11e6-b5ab-000c29f66b8f'),('a7e4e53c-e278-11e5-a4ce-020018fb0050','查询','','a7e4e53c-e278-11e5-a4ce-020018fb0050'),('f8340196-b8f5-11e5-8d36-020018fb0050','查询','','f8340196-b8f5-11e5-8d36-020018fb0050'),('fcf3ba3c-139a-11e6-b239-000c29f66b8f','查询','','fcf3ba3c-139a-11e6-b239-000c29f66b8f');

/*Table structure for table `sec_permission` */

DROP TABLE IF EXISTS `sec_permission`;

CREATE TABLE `sec_permission` (
  `permissionId` varchar(45) NOT NULL,
  `name` varchar(45) NOT NULL COMMENT '访问许可名称',
  `address` varchar(45) NOT NULL COMMENT '访问许可地址',
  `remark` varchar(500) DEFAULT NULL COMMENT '备注',
  `operationId` varchar(45) NOT NULL,
  PRIMARY KEY (`permissionId`),
  KEY `fk_sec_permission_sec_operation1_idx` (`operationId`) USING BTREE,
  CONSTRAINT `sec_permission_ibfk_1` FOREIGN KEY (`operationId`) REFERENCES `sec_operation` (`operationId`) ON DELETE NO ACTION ON UPDATE NO ACTION
) ENGINE=InnoDB DEFAULT CHARSET=utf8;

/*Data for the table `sec_permission` */

insert  into `sec_permission`(`permissionId`,`name`,`address`,`remark`,`operationId`) values ('010101','系统管理一级菜单','systemManger',NULL,'0101'),('01010101','用户管理权限','/secUser/toList','','010101'),('01020101','角色管理权限','/secRole/toList','','010201'),('01030101','资源管理权限','/secResource/toList','','010301'),('01040101','组织管理权限','/secGroup/toList','','010401'),('01050101','数据字典管理权限','/code/toList',NULL,'010501'),('130101','用户管理一级菜单','application',NULL,'1301'),('13010101','部署模板管理权限','/template/toList','','130101'),('13020101','部署包管理权限','/artifact/toartifactIndex','','130201'),('13030101','文件管理权限','/fileManage/toList','','130301'),('13040101','应用部署权限','/application/toList','','130401'),('13060101','部署管控权限','/systemManger/toList','','130601'),('13070101','资源管理权限','/systemManger/resourcelist','','130701'),('13080101','项目管理权限','/project/tolistchi','','130801'),('13090101','群组管理权限','/objectGroup/toList',NULL,'130901'),('237ebad4-b848-11e5-8d36-020018fb0050','资源管控权限','http://10.204.118.2:8080/client','','237cafc8-b848-11e5-8d36-020018fb0050'),('992bdb02-270d-11e6-b5ab-000c29f66b8f','项目授权权限','/projectAuthorize/tolistchi','','992ab5d8-270d-11e6-b5ab-000c29f66b8f'),('a7e75b0a-e278-11e5-a4ce-020018fb0050','监控平台权限','','','a7e4e53c-e278-11e5-a4ce-020018fb0050'),('f8357d5a-b8f5-11e5-8d36-020018fb0050','运营管理权限','','','f8340196-b8f5-11e5-8d36-020018fb0050'),('fcf558e2-139a-11e6-b239-000c29f66b8f','应用查询权限','/application/appToList','','fcf3ba3c-139a-11e6-b239-000c29f66b8f');

/*Table structure for table `sec_resource` */

DROP TABLE IF EXISTS `sec_resource`;

CREATE TABLE `sec_resource` (
  `resourceId` varchar(45) NOT NULL,
  `name` varchar(45) NOT NULL COMMENT '资源名称',
  `parentId` varchar(45) NOT NULL COMMENT '父资源',
  `url` varchar(250) DEFAULT NULL COMMENT '资源（菜单）链接',
  `remark` varchar(500) DEFAULT NULL COMMENT '备注',
  `icon` varchar(20) DEFAULT NULL COMMENT '菜单图标名称',
  `newWindow` varchar(1) DEFAULT NULL COMMENT '是否打开新窗口',
  `sort` int(2) DEFAULT NULL COMMENT '排序',
  `target` varchar(20) DEFAULT '_blank' COMMENT '资源target,新窗口打开生效',
  PRIMARY KEY (`resourceId`)
) ENGINE=InnoDB DEFAULT CHARSET=utf8;

/*Data for the table `sec_resource` */

insert  into `sec_resource`(`resourceId`,`name`,`parentId`,`url`,`remark`,`icon`,`newWindow`,`sort`,`target`) values ('01','系统管理','0','systemManger','','xtgl','N',1,'_blank'),('0101','用户管理','01','/secUser/toList','验证用户',NULL,'N',1,'_blank'),('0102','角色管理','01','/secRole/toList','角色管理',NULL,'N',2,'_blank'),('0103','菜单管理','01','/secResource/toList','菜单管理',NULL,'N',6,'_blank'),('0104','组织管理','01','/secGroup/toList','11',NULL,'N',4,'_blank'),('0105','数据字典','01','/code/toList','数据字典',NULL,'Y',5,'_blank'),('13','应用管理','0','application','yygk','yygk','N',2,'_blank'),('1301','部署模板','13','/template/toList','',NULL,'N',3,'_blank'),('1302','部署包管理','13','/artifact/toartifactIndex','',NULL,'N',1,'_blank'),('1303','文件管理','13','/fileManage/toList','',NULL,'N',2,'_blank'),('1304','应用部署','13','/application/toList','',NULL,'N',4,'_blank'),('1306','应用管控','13','/systemManger/toList','',NULL,'N',5,'_blank'),('1307','资源管控','13','/systemManger/resourcelist','',NULL,'N',7,'_blank'),('1308','项目管理','13','/project/tolistchi','6',NULL,'N',8,'_blank'),('1309','群组管理','13','/objectGroup/toList','4546',NULL,'N',9,'_blank'),('237cafc8-b848-11e5-8d36-020018fb0050','资源管理','0','http://10.190.1.150:18080/client','',NULL,'Y',3,'_cloudStack'),('992ab5d8-270d-11e6-b5ab-000c29f66b8f','项目授权','13','/projectAuthorize/tolistchi','',NULL,'N',11,'_blank'),('a7e4e53c-e278-11e5-a4ce-020018fb0050','监控平台','0','','',NULL,'N',4,'_blank'),('f8340196-b8f5-11e5-8d36-020018fb0050','运营管理','0','','',NULL,'N',5,'_blank'),('fcf3ba3c-139a-11e6-b239-000c29f66b8f','应用查询','13','/application/appToList','',NULL,'N',6,'_blank');

/*Table structure for table `sec_role` */

DROP TABLE IF EXISTS `sec_role`;

CREATE TABLE `sec_role` (
  `roleId` varchar(45) NOT NULL,
  `name` varchar(45) NOT NULL COMMENT '角色名称',
  `remark` varchar(500) DEFAULT NULL COMMENT '描述',
  `createTime` timestamp NOT NULL DEFAULT CURRENT_TIMESTAMP COMMENT '创建时间',
  `creator` varchar(45) DEFAULT NULL,
  PRIMARY KEY (`roleId`)
) ENGINE=InnoDB DEFAULT CHARSET=utf8;

/*Data for the table `sec_role` */

insert  into `sec_role`(`roleId`,`name`,`remark`,`createTime`,`creator`) values ('0907f264-e936-11e5-b239-000c29f66b8f','test1','','2016-03-14 00:09:59',NULL),('1dee70d2-e93f-11e5-b239-000c29f66b8f','部署人员','','2016-03-14 01:14:59',NULL),('8bde0636-270e-11e6-b5ab-000c29f66b8f','role1','','2016-05-31 17:03:31',NULL);

/*Table structure for table `sec_role_operation` */

DROP TABLE IF EXISTS `sec_role_operation`;

CREATE TABLE `sec_role_operation` (
  `roleId` varchar(45) NOT NULL,
  `operationId` varchar(45) NOT NULL,
  PRIMARY KEY (`roleId`,`operationId`),
  KEY `fk_sec_operation_has_sec_role_sec_role1_idx` (`roleId`) USING BTREE,
  KEY `fk_sec_operation_has_sec_role_sec_operation1_idx` (`operationId`) USING BTREE,
  CONSTRAINT `sec_role_operation_ibfk_1` FOREIGN KEY (`operationId`) REFERENCES `sec_operation` (`operationId`) ON DELETE NO ACTION ON UPDATE NO ACTION,
  CONSTRAINT `sec_role_operation_ibfk_2` FOREIGN KEY (`roleId`) REFERENCES `sec_role` (`roleId`) ON DELETE NO ACTION ON UPDATE NO ACTION
) ENGINE=InnoDB DEFAULT CHARSET=utf8;

/*Data for the table `sec_role_operation` */

insert  into `sec_role_operation`(`roleId`,`operationId`) values ('0907f264-e936-11e5-b239-000c29f66b8f','0101'),('0907f264-e936-11e5-b239-000c29f66b8f','010101'),('0907f264-e936-11e5-b239-000c29f66b8f','010201'),('0907f264-e936-11e5-b239-000c29f66b8f','010301'),('0907f264-e936-11e5-b239-000c29f66b8f','010401'),('0907f264-e936-11e5-b239-000c29f66b8f','010501'),('0907f264-e936-11e5-b239-000c29f66b8f','1301'),('0907f264-e936-11e5-b239-000c29f66b8f','130101'),('0907f264-e936-11e5-b239-000c29f66b8f','130201'),('0907f264-e936-11e5-b239-000c29f66b8f','130301'),('0907f264-e936-11e5-b239-000c29f66b8f','130401'),('0907f264-e936-11e5-b239-000c29f66b8f','130601'),('0907f264-e936-11e5-b239-000c29f66b8f','130701'),('0907f264-e936-11e5-b239-000c29f66b8f','130801'),('0907f264-e936-11e5-b239-000c29f66b8f','130901'),('0907f264-e936-11e5-b239-000c29f66b8f','237cafc8-b848-11e5-8d36-020018fb0050'),('0907f264-e936-11e5-b239-000c29f66b8f','992ab5d8-270d-11e6-b5ab-000c29f66b8f'),('0907f264-e936-11e5-b239-000c29f66b8f','a7e4e53c-e278-11e5-a4ce-020018fb0050'),('0907f264-e936-11e5-b239-000c29f66b8f','f8340196-b8f5-11e5-8d36-020018fb0050'),('0907f264-e936-11e5-b239-000c29f66b8f','fcf3ba3c-139a-11e6-b239-000c29f66b8f'),('1dee70d2-e93f-11e5-b239-000c29f66b8f','0101'),('1dee70d2-e93f-11e5-b239-000c29f66b8f','010101'),('1dee70d2-e93f-11e5-b239-000c29f66b8f','010201'),('1dee70d2-e93f-11e5-b239-000c29f66b8f','010301'),('1dee70d2-e93f-11e5-b239-000c29f66b8f','010401'),('1dee70d2-e93f-11e5-b239-000c29f66b8f','010501'),('1dee70d2-e93f-11e5-b239-000c29f66b8f','1301'),('1dee70d2-e93f-11e5-b239-000c29f66b8f','130101'),('1dee70d2-e93f-11e5-b239-000c29f66b8f','130201'),('1dee70d2-e93f-11e5-b239-000c29f66b8f','130301'),('1dee70d2-e93f-11e5-b239-000c29f66b8f','130401'),('1dee70d2-e93f-11e5-b239-000c29f66b8f','130601'),('1dee70d2-e93f-11e5-b239-000c29f66b8f','130701'),('1dee70d2-e93f-11e5-b239-000c29f66b8f','130801'),('1dee70d2-e93f-11e5-b239-000c29f66b8f','130901'),('1dee70d2-e93f-11e5-b239-000c29f66b8f','237cafc8-b848-11e5-8d36-020018fb0050'),('1dee70d2-e93f-11e5-b239-000c29f66b8f','992ab5d8-270d-11e6-b5ab-000c29f66b8f'),('1dee70d2-e93f-11e5-b239-000c29f66b8f','fcf3ba3c-139a-11e6-b239-000c29f66b8f'),('8bde0636-270e-11e6-b5ab-000c29f66b8f','0101'),('8bde0636-270e-11e6-b5ab-000c29f66b8f','010101'),('8bde0636-270e-11e6-b5ab-000c29f66b8f','010201'),('8bde0636-270e-11e6-b5ab-000c29f66b8f','010301'),('8bde0636-270e-11e6-b5ab-000c29f66b8f','010401'),('8bde0636-270e-11e6-b5ab-000c29f66b8f','010501'),('8bde0636-270e-11e6-b5ab-000c29f66b8f','1301'),('8bde0636-270e-11e6-b5ab-000c29f66b8f','130101'),('8bde0636-270e-11e6-b5ab-000c29f66b8f','130201'),('8bde0636-270e-11e6-b5ab-000c29f66b8f','130301'),('8bde0636-270e-11e6-b5ab-000c29f66b8f','130401'),('8bde0636-270e-11e6-b5ab-000c29f66b8f','130601'),('8bde0636-270e-11e6-b5ab-000c29f66b8f','130701'),('8bde0636-270e-11e6-b5ab-000c29f66b8f','130801'),('8bde0636-270e-11e6-b5ab-000c29f66b8f','130901'),('8bde0636-270e-11e6-b5ab-000c29f66b8f','237cafc8-b848-11e5-8d36-020018fb0050'),('8bde0636-270e-11e6-b5ab-000c29f66b8f','992ab5d8-270d-11e6-b5ab-000c29f66b8f'),('8bde0636-270e-11e6-b5ab-000c29f66b8f','fcf3ba3c-139a-11e6-b239-000c29f66b8f');

/*Table structure for table `sec_user` */

DROP TABLE IF EXISTS `sec_user`;

CREATE TABLE `sec_user` (
  `userId` bigint(45) NOT NULL AUTO_INCREMENT,
  `userName` varchar(45) NOT NULL COMMENT '用户名',
  `password` varchar(45) NOT NULL COMMENT '密码',
  `realName` varchar(45) NOT NULL COMMENT '姓名',
  `email` varchar(45) NOT NULL COMMENT '邮箱',
  `mobile` varchar(45) NOT NULL COMMENT '手机',
  `createTime` timestamp NOT NULL DEFAULT CURRENT_TIMESTAMP COMMENT '创建时间',
  `creator` varchar(45) DEFAULT NULL COMMENT '创建人',
  `status` varchar(50) NOT NULL COMMENT '状态',
  `sex` varchar(1) NOT NULL COMMENT '性别：1-男；2-女；3-其他',
  `birthday` timestamp NULL DEFAULT NULL COMMENT '生日',
  `groupId` varchar(45) DEFAULT NULL,
  `isDel` varchar(1) NOT NULL COMMENT '是否删除：0-未删除；1-删除',
  `isAdmin` varchar(1) DEFAULT NULL COMMENT '内置管理员：Y-是；N或其它-否',
  PRIMARY KEY (`userId`),
  KEY `fk_sec_user_sec_group1_idx` (`groupId`) USING BTREE,
  CONSTRAINT `sec_user_ibfk_1` FOREIGN KEY (`groupId`) REFERENCES `sec_group` (`groupId`) ON DELETE NO ACTION ON UPDATE NO ACTION
) ENGINE=InnoDB AUTO_INCREMENT=8 DEFAULT CHARSET=utf8;

/*Data for the table `sec_user` */

insert  into `sec_user`(`userId`,`userName`,`password`,`realName`,`email`,`mobile`,`createTime`,`creator`,`status`,`sex`,`birthday`,`groupId`,`isDel`,`isAdmin`) values (1,'admin','4545cb9b69a8ac0e7bca5764dc5a0d41','管理员','22361021@qq.com','13418788181','2015-12-09 17:02:54','00000001','user_state_normal','1',NULL,'01','0','Y'),(2,'test0313','e10adc3949ba59abbe56e057f20f883e','test0313','1@1.com','13256487951','2016-03-14 00:09:36','1','user_state_normal','2',NULL,'01','0',NULL),(3,'xx_1','e10adc3949ba59abbe56e057f20f883e','xx_1','13499998888@139.com','13499998888','2016-03-14 01:15:39','1','user_state_normal','1',NULL,'01','0',NULL),(4,'yy_1','e10adc3949ba59abbe56e057f20f883e','shj','524456187@qq.com','13786592742','2016-03-14 19:31:38','1','user_state_normal','1','2016-03-01 00:00:00','01','0',NULL),(5,'gaozheng','e10adc3949ba59abbe56e057f20f883e','gaozheng','gaozheng@vispractice.com','18666211925','2016-03-14 20:01:38','1','user_state_normal','1',NULL,'01','0',NULL),(6,'xxx1','e10adc3949ba59abbe56e057f20f883e','1122','654854547@qq.com','13786952475','2016-03-14 21:37:57','1','user_state_normal','2','2016-03-01 00:00:00','01','0',NULL),(7,'gz0315','e10adc3949ba59abbe56e057f20f883e','gaozheng2','g@a.com','18666211926','2016-03-15 00:41:36','1','user_state_normal','1',NULL,'01','0',NULL);

/*Table structure for table `sec_user_role` */

DROP TABLE IF EXISTS `sec_user_role`;

CREATE TABLE `sec_user_role` (
  `userId` bigint(30) NOT NULL AUTO_INCREMENT,
  `roleId` varchar(45) NOT NULL,
  PRIMARY KEY (`userId`,`roleId`),
  KEY `fk_sec_user_has_sec_role_sec_role2_idx` (`roleId`) USING BTREE,
  KEY `fk_sec_user_has_sec_role_sec_user1_idx` (`userId`) USING BTREE,
  CONSTRAINT `sec_user_role_ibfk_1` FOREIGN KEY (`roleId`) REFERENCES `sec_role` (`roleId`) ON DELETE NO ACTION ON UPDATE NO ACTION,
  CONSTRAINT `sec_user_role_ibfk_2` FOREIGN KEY (`userId`) REFERENCES `sec_user` (`userId`) ON DELETE NO ACTION ON UPDATE NO ACTION
) ENGINE=InnoDB AUTO_INCREMENT=8 DEFAULT CHARSET=utf8;

/*Data for the table `sec_user_role` */

insert  into `sec_user_role`(`userId`,`roleId`) values (2,'0907f264-e936-11e5-b239-000c29f66b8f'),(3,'1dee70d2-e93f-11e5-b239-000c29f66b8f'),(3,'8bde0636-270e-11e6-b5ab-000c29f66b8f'),(4,'0907f264-e936-11e5-b239-000c29f66b8f'),(4,'1dee70d2-e93f-11e5-b239-000c29f66b8f'),(5,'0907f264-e936-11e5-b239-000c29f66b8f'),(5,'1dee70d2-e93f-11e5-b239-000c29f66b8f'),(6,'0907f264-e936-11e5-b239-000c29f66b8f'),(6,'1dee70d2-e93f-11e5-b239-000c29f66b8f'),(7,'1dee70d2-e93f-11e5-b239-000c29f66b8f');

/*Table structure for table `sn` */

DROP TABLE IF EXISTS `sn`;

CREATE TABLE `sn` (
  `id` bigint(20) NOT NULL AUTO_INCREMENT,
  `type` varchar(200) DEFAULT NULL,
  `expression` varchar(250) DEFAULT NULL,
  `sn` bigint(20) DEFAULT NULL,
  `ENABLED_FLAG` char(1) DEFAULT NULL,
  `LAST_UPDATED_DATE` datetime DEFAULT NULL COMMENT '最后更新时间',
  PRIMARY KEY (`id`)
) ENGINE=InnoDB AUTO_INCREMENT=4 DEFAULT CHARSET=utf8;

/*Data for the table `sn` */

insert  into `sn`(`id`,`type`,`expression`,`sn`,`ENABLED_FLAG`,`LAST_UPDATED_DATE`) values (1,'instance_name','\'YLINK-\'+T{yyyyMMdd}+SN{3}',2,'Y','2016-08-13 00:30:21'),(2,'deployment_version','\'PMS\'+T{yyyyMMdd}+SN{3}',2,'Y','2016-08-13 00:30:21'),(3,'file_version','\'V-\'+T{yyyyMMdd-}+SN{3}',16,'Y','2016-01-04 00:00:00');

/*Table structure for table `tb_code` */

DROP TABLE IF EXISTS `tb_code`;

CREATE TABLE `tb_code` (
  `Id` varchar(36) NOT NULL COMMENT 'ID',
  `Code` varchar(100) NOT NULL COMMENT '编码',
  `Name` varchar(50) NOT NULL COMMENT '名称',
  `Value` varchar(100) DEFAULT NULL COMMENT '值',
  `Type` varchar(100) DEFAULT NULL COMMENT '字典类型',
  `ParentId` varchar(36) NOT NULL COMMENT '父字典ID',
  `No` int(11) DEFAULT NULL COMMENT '序号',
  `Remark` varchar(1000) DEFAULT NULL COMMENT '备注',
  `IsLeaf` char(1) DEFAULT NULL COMMENT '是否是叶子节点',
  `Creator` varchar(36) DEFAULT NULL COMMENT '创建人',
  `CreateTime` timestamp NULL DEFAULT CURRENT_TIMESTAMP COMMENT '创建时间',
  `LastUpdater` varchar(36) DEFAULT NULL COMMENT '最后更新人',
  `LastUpdateTime` datetime DEFAULT NULL COMMENT '最后更新时间',
  `PysicalState` char(1) DEFAULT NULL COMMENT '有效性',
  PRIMARY KEY (`Id`)
) ENGINE=InnoDB DEFAULT CHARSET=utf8 COMMENT='数据字典';

/*Data for the table `tb_code` */

insert  into `tb_code`(`Id`,`Code`,`Name`,`Value`,`Type`,`ParentId`,`No`,`Remark`,`IsLeaf`,`Creator`,`CreateTime`,`LastUpdater`,`LastUpdateTime`,`PysicalState`) values ('00000000-0000-0000-0000-000000000035','file_type','文件类型','-','system','9197bee0-82f9-4c5d-b2c2-3f89b943bafa',3,'文件类型','N',NULL,'2015-12-01 09:27:28',NULL,NULL,'1'),('00000000-0000-0000-0000-000000000036','file_type_certificate','证书文件','1','system','00000000-0000-0000-0000-000000000035',1,'证书文件','N',NULL,'2015-12-02 09:27:33',NULL,NULL,'1'),('00000000-0000-0000-0000-000000000037','file_type_configure','配置文件','2','system','00000000-0000-0000-0000-000000000035',2,'配置文件','N',NULL,'2015-12-03 09:27:37',NULL,NULL,'1'),('00000000-0000-0000-0000-000000000038','virtual_machine','虚拟机','1','system','00000000-0000-0000-0000-000000000040',1,'实例','Y',NULL,'2015-12-01 09:27:40',NULL,NULL,'1'),('00000000-0000-0000-0000-000000000039','application','应用程序','2','system','00000000-0000-0000-0000-000000000040',2,'应用程序','Y',NULL,'2015-12-02 09:27:48',NULL,NULL,'1'),('00000000-0000-0000-0000-000000000040','object_type','对象类型','-','system','9197bee0-82f9-4c5d-b2c2-3f89b943bafa',1,'对象类型','N','32','2015-11-04 10:21:48','32','2015-11-04 10:21:52','1'),('4d5b4152-5720-41e1-a12c-83fb0c8aad9f','user_state','管理用户状态','-','system','9197bee0-82f9-4c5d-b2c2-3f89b943bafa',2,'管理用户状态','N',NULL,'2015-12-02 09:27:51',NULL,NULL,'1'),('763c8cf9-0c00-4e14-87cf-632cc529d2e3','user_state_normal','启用','1','system','4d5b4152-5720-41e1-a12c-83fb0c8aad9f',1,'正常','Y',NULL,'2015-12-22 09:27:54',NULL,NULL,'1'),('9197bee0-82f9-4c5d-b2c2-3f89b943bafa','rootCode','系统编码','-','system','-1',1,'系统编码','N','','2014-04-11 11:18:36','','2014-04-11 14:19:08','1'),('fde3d71b-4eba-4c7b-8b66-4dbeec8c8575','user_state_disabled','禁用','2','system','4d5b4152-5720-41e1-a12c-83fb0c8aad9f',2,'禁用1122','Y',NULL,'2015-12-15 09:27:56',NULL,NULL,'1');

/* Procedure structure for procedure `createCodeChildLst` */

/*!50003 DROP PROCEDURE IF EXISTS  `createCodeChildLst` */;

DELIMITER $$

/*!50003 CREATE DEFINER=`root`@`10.190.1.185` PROCEDURE `createCodeChildLst`(
	IN rootId VARCHAR(36),
	IN nDepth INT
)
BEGIN
	DECLARE step INT DEFAULT 0;
	DECLARE tmp varchar(36);
	DECLARE cur1 CURSOR FOR SELECT id FROM tb_code WHERE ParentId = rootId and PysicalState = 1;
	DECLARE CONTINUE HANDLER FOR NOT FOUND SET step = 1;
	INSERT INTO tb_code_tmp VALUES (NULL,rootId,nDepth);
	OPEN cur1;
		FETCH cur1 INTO tmp;
		WHILE step = 0 DO
			CALL createCodeChildLst(tmp,nDepth+1);
			FETCH cur1 INTO tmp;
		END WHILE;
	CLOSE cur1;
    END */$$
DELIMITER ;

/* Procedure structure for procedure `createSecGroupParentLst` */

/*!50003 DROP PROCEDURE IF EXISTS  `createSecGroupParentLst` */;

DELIMITER $$

/*!50003 CREATE DEFINER=`root`@`10.190.1.185` PROCEDURE `createSecGroupParentLst`(
	IN groupId varchar(45),
	IN nDepth INT
)
BEGIN
	DECLARE step INT DEFAULT 0;
	DECLARE tmp VARCHAR(45);
	DECLARE cur1 CURSOR FOR SELECT parentId FROM sec_group s WHERE s.groupId = groupId and s.groupId != '0';
	
	DECLARE CONTINUE HANDLER FOR NOT FOUND SET step = 1;
	INSERT INTO sec_group_tmp VALUES (NULL,groupId,nDepth); /** 插入当前数据 */
	OPEN cur1;
		FETCH cur1 INTO tmp;
		IF(step = 0) THEN
			CALL createSecGroupParentLst(tmp,nDepth+1);
		END IF;
	CLOSE cur1;
    END */$$
DELIMITER ;

/* Procedure structure for procedure `showCodeChildLst` */

/*!50003 DROP PROCEDURE IF EXISTS  `showCodeChildLst` */;

DELIMITER $$

/*!50003 CREATE DEFINER=`root`@`10.190.1.185` PROCEDURE `showCodeChildLst`(
	IN rootId VARCHAR(36)
)
BEGIN
	SET max_sp_recursion_depth=20;
	CREATE TEMPORARY TABLE IF NOT EXISTS tb_code_tmp 
	  (sno INT PRIMARY KEY AUTO_INCREMENT,
	   id VARCHAR(36),
	   depth INT);
	DELETE FROM tb_code_tmp;
	
	CALL createCodeChildLst(rootId,0);
	
	SELECT ct.*,c.* FROM tb_code_tmp ct,tb_code c WHERE ct.id=c.id ORDER BY c.no;
    END */$$
DELIMITER ;

/* Procedure structure for procedure `showSecGroupFullGroupNameLst` */

/*!50003 DROP PROCEDURE IF EXISTS  `showSecGroupFullGroupNameLst` */;

DELIMITER $$

/*!50003 CREATE DEFINER=`root`@`10.190.1.185` PROCEDURE `showSecGroupFullGroupNameLst`(
	IN groupId varchar(45)
)
BEGIN
	SET max_sp_recursion_depth=5;
	CREATE TEMPORARY TABLE IF NOT EXISTS sec_group_tmp 
	  (sno INT PRIMARY KEY AUTO_INCREMENT,
	   groupId varchar(45),
	   depth INT);
	DELETE FROM sec_group_tmp;
	
	CALL createSecGroupParentLst(groupId,0);
	
	SELECT GROUP_CONCAT(g.name ORDER BY gt.sno DESC SEPARATOR '/') AS fullGroupName
	FROM sec_group_tmp gt
	LEFT JOIN sec_group g ON gt.groupId = g.groupId;
    END */$$
DELIMITER ;

/*Table structure for table `sysmangerres` */

DROP TABLE IF EXISTS `sysmangerres`;

/*!50001 DROP VIEW IF EXISTS `sysmangerres` */;
/*!50001 DROP TABLE IF EXISTS `sysmangerres` */;

/*!50001 CREATE TABLE  `sysmangerres`(
 `ID` bigint(20) NOT NULL  default '0' ,
 `applictype` varchar(250) NULL ,
 `aVersion` varchar(50) NULL ,
 `pName` varchar(250) NULL ,
 `pID` bigint(20) NULL ,
 `psName` varchar(250) NULL ,
 `psID` bigint(20) NULL ,
 `objecttype` varchar(250) NULL ,
 `Obid` bigint(20) NULL ,
 `objectName` varchar(250) NULL ,
 `statuss` varchar(250) NULL ,
 `descs` longtext NULL ,
 `ENABLED_FLAG` char(1) NULL 
)*/;

/*View structure for view sysmangerres */

/*!50001 DROP TABLE IF EXISTS `sysmangerres` */;
/*!50001 DROP VIEW IF EXISTS `sysmangerres` */;

/*!50001 CREATE ALGORITHM=UNDEFINED DEFINER=`root`@`%` SQL SECURITY DEFINER VIEW `sysmangerres` AS select `nai`.`ID` AS `ID`,`a`.`TYPE` AS `applictype`,`a`.`APP_VERSION` AS `aVersion`,`p`.`NAME` AS `pName`,`p`.`ID` AS `pID`,`ps`.`NAME` AS `psName`,`ps`.`ID` AS `psID`,`t`.`NAME` AS `objecttype`,`t`.`ID` AS `Obid`,`fs`.`NAME` AS `objectName`,`nai`.`STATUS` AS `statuss`,`a`.`DESC` AS `descs`,`ni`.`ENABLED_FLAG` AS `ENABLED_FLAG` from ((((((((((`node_artifact_instance` `nai` left join `node_instance` `ni` on((`nai`.`NODE_INSTANCE_ID` = `ni`.`ID`))) left join `artifact_version` `av` on(((`nai`.`ARTIFACT_VERSION_ID` = `av`.`ID`) and (`av`.`ENABLED_FLAG` = 'Y')))) left join `artifact` `art` on(((`av`.`ARTIFACT_ID` = `art`.`ID`) and (`art`.`ENABLED_FLAG` = 'Y')))) left join `artifact_file` `af` on((`av`.`ID` = `af`.`ARTIFACT_VERSION_ID`))) left join `file_store` `fs` on(((`af`.`FILE_STORAGE_ID` = `fs`.`ID`) and (`fs`.`ENABLED_FLAG` = 'Y')))) left join `node` `n` on(((`ni`.`NODE_ID` = `n`.`ID`) and (`n`.`ENABLED_FLAG` = 'Y')))) left join `node_type` `t` on(((`n`.`NODE_TYPE_ID` = `t`.`ID`) and (`t`.`ENABLED_FLAG` = 'Y')))) left join `application` `a` on(((`n`.`APP_ID` = `a`.`ID`) and (`a`.`ENABLED_FLAG` = 'Y')))) left join `project` `p` on(((`a`.`PROJECT_ID` = `p`.`ID`) and (`p`.`ENABLED_FLAG` = 'Y')))) left join `project_subcatalog` `ps` on(((`a`.`PROJECT_SUBCATALOG_ID` = `ps`.`ID`) and (`ps`.`ENABLED_FLAG` = 'Y')))) where (`ni`.`ENABLED_FLAG` = 'Y') union all select `nai`.`ID` AS `ID`,`a`.`TYPE` AS `applictype`,`a`.`APP_VERSION` AS `aVersion`,`p`.`NAME` AS `pName`,`p`.`ID` AS `pID`,`ps`.`NAME` AS `psName`,`ps`.`ID` AS `psID`,`t`.`NAME` AS `objecttype`,`t`.`ID` AS `Obid`,`ni`.`NAME` AS `objectName`,`ni`.`STATUS` AS `statuss`,(select group_concat(`ob`.`NAME` separator ',') from `app_tag` `ob` where (`ob`.`APP_ID` = `a`.`ID`)) AS `descs`,`ni`.`ENABLED_FLAG` AS `ENABLED_FLAG` from (((((((`node_artifact_instance` `nai` left join `node_instance` `ni` on((`nai`.`NODE_INSTANCE_ID` = `ni`.`ID`))) left join `artifact_version` `av` on(((`nai`.`ARTIFACT_VERSION_ID` = `av`.`ID`) and (`av`.`ENABLED_FLAG` = 'Y')))) left join `node` `n` on(((`ni`.`NODE_ID` = `n`.`ID`) and (`n`.`ENABLED_FLAG` = 'Y')))) left join `node_type` `t` on(((`n`.`NODE_TYPE_ID` = `t`.`ID`) and (`t`.`ENABLED_FLAG` = 'Y')))) left join `application` `a` on(((`n`.`APP_ID` = `a`.`ID`) and (`a`.`ENABLED_FLAG` = 'Y')))) left join `project` `p` on(((`a`.`PROJECT_ID` = `p`.`ID`) and (`p`.`ENABLED_FLAG` = 'Y')))) left join `project_subcatalog` `ps` on(((`a`.`PROJECT_SUBCATALOG_ID` = `ps`.`ID`) and (`ps`.`ENABLED_FLAG` = 'Y')))) where (`ni`.`ENABLED_FLAG` = 'Y') */;

/*!40101 SET SQL_MODE=@OLD_SQL_MODE */;
/*!40014 SET FOREIGN_KEY_CHECKS=@OLD_FOREIGN_KEY_CHECKS */;
/*!40014 SET UNIQUE_CHECKS=@OLD_UNIQUE_CHECKS */;
/*!40111 SET SQL_NOTES=@OLD_SQL_NOTES */;
